model,row_id,fold,seed,group_id,y_true,oof_probability
FusionNN,SPAM-0217,3,42,0,1,0.9973703622817993
FusionNN,HAM-0326,5,42,1,0,0.001837430871091783
FusionNN,SPAM-0350,3,42,2,1,0.9965998530387878
FusionNN,SPAM-0355,5,42,3,1,0.9987733960151672
FusionNN,HAM-0073,2,42,5,0,0.008600820787250996
FusionNN,HAM-0002,3,42,6,0,0.0033824776764959097
FusionNN,SPAM-0110,1,42,7,1,0.99427729845047
FusionNN,HAM-0432,4,42,8,0,0.0033156152348965406
FusionNN,SPAM-0351,5,42,10,1,0.9987121820449829
FusionNN,HAM-0436,2,42,11,0,0.005802994128316641
FusionNN,HAM-0309,1,42,12,0,0.0015164533397182822
FusionNN,HAM-0020,3,42,13,0,0.002989859553053975
FusionNN,SPAM-0148,5,42,14,1,0.9985951781272888
FusionNN,HAM-0177,4,42,16,0,0.01827794499695301
FusionNN,HAM-0146,4,42,17,0,0.0021109923254698515
FusionNN,SPAM-0354,1,42,18,1,0.994918167591095
FusionNN,SPAM-0280,2,42,19,1,0.995909571647644
FusionNN,HAM-0487,3,42,21,0,0.0030145251657813787
FusionNN,SPAM-0152,5,42,22,1,0.9986338019371033
FusionNN,HAM-0179,2,42,23,0,0.010714535601437092
FusionNN,HAM-0350,1,42,25,0,0.0008671117248013616
FusionNN,HAM-0410,4,42,26,0,0.0021826457232236862
FusionNN,HAM-0260,3,42,27,0,0.0032227004412561655
FusionNN,HAM-0013,5,42,28,0,0.00215946976095438
FusionNN,SPAM-0174,3,42,30,1,0.9973878264427185
FusionNN,HAM-0219,1,42,31,0,0.0008722832426428795
FusionNN,SPAM-0395,2,42,32,1,0.9978779554367065
FusionNN,SPAM-0163,4,42,33,1,0.9976611137390137
FusionNN,HAM-0126,5,42,34,0,0.0019314370583742857
FusionNN,SPAM-0128,2,42,36,1,0.9978506565093994
FusionNN,HAM-0021,1,42,37,0,0.0022967674303799868
FusionNN,HAM-0409,3,42,38,0,0.002787323435768485
FusionNN,SPAM-0234,5,42,40,1,0.9989548921585083
FusionNN,HAM-0443,4,42,41,0,0.0017844983376562595
FusionNN,HAM-0469,1,42,42,0,0.0007691903156228364
FusionNN,HAM-0100,2,42,43,0,0.00883994810283184
FusionNN,SPAM-0330,3,42,45,1,0.9974484443664551
FusionNN,SPAM-0242,4,42,46,1,0.9977858066558838
FusionNN,SPAM-0022,5,42,47,1,0.9980996251106262
FusionNN,SPAM-0100,1,42,48,1,0.9938272833824158
FusionNN,HAM-0032,2,42,49,0,0.008179750293493271
FusionNN,HAM-0102,3,42,51,0,0.0032519041560590267
FusionNN,SPAM-0080,4,42,52,1,0.9913865327835083
FusionNN,SPAM-0112,5,42,53,1,0.9986661672592163
FusionNN,HAM-0476,5,42,54,0,0.002962564118206501
FusionNN,SPAM-0430,1,42,56,1,0.9955458641052246
FusionNN,SPAM-0370,2,42,57,1,0.9977972507476807
FusionNN,SPAM-0404,4,42,58,1,0.9816308617591858
FusionNN,SPAM-0367,3,42,60,1,0.9979507327079773
FusionNN,HAM-0343,2,42,61,0,0.007454473990947008
FusionNN,SPAM-0238,1,42,62,1,0.9939056038856506
FusionNN,SPAM-0145,3,42,63,1,0.9974912405014038
FusionNN,SPAM-0491,4,42,65,1,0.9975908994674683
FusionNN,SPAM-0059,5,42,66,1,0.9982624650001526
FusionNN,SPAM-0199,1,42,67,1,0.9931434392929077
FusionNN,HAM-0314,3,42,68,0,0.0031848365906625986
FusionNN,HAM-0265,4,42,70,0,0.0017582662403583527
FusionNN,SPAM-0228,2,42,71,1,0.9968536496162415
FusionNN,HAM-0160,5,42,72,0,0.0020551299676299095
FusionNN,SPAM-0446,1,42,73,1,0.9945991039276123
FusionNN,HAM-0464,3,42,74,0,0.0033444464206695557
FusionNN,HAM-0299,2,42,76,0,0.005643398966640234
FusionNN,SPAM-0382,4,42,77,1,0.9972429275512695
FusionNN,SPAM-0372,5,42,78,1,0.9988570213317871
FusionNN,SPAM-0499,1,42,79,1,0.9943386912345886
FusionNN,HAM-0378,2,42,81,0,0.008062940090894699
FusionNN,SPAM-0295,3,42,82,1,0.9977766871452332
FusionNN,SPAM-0326,4,42,83,1,0.9970019459724426
FusionNN,SPAM-0133,5,42,84,1,0.9989005327224731
FusionNN,HAM-0034,2,42,86,0,0.005798110272735357
FusionNN,SPAM-0349,1,42,87,1,0.994377076625824
FusionNN,HAM-0059,4,42,88,0,0.0016566275153309107
FusionNN,SPAM-0428,3,42,90,1,0.9976997971534729
FusionNN,HAM-0245,5,42,91,0,0.0024158358573913574
FusionNN,SPAM-0094,4,42,92,1,0.996644139289856
FusionNN,SPAM-0353,1,42,93,1,0.994770348072052
FusionNN,HAM-0404,3,42,95,0,0.0030141398310661316
FusionNN,SPAM-0127,5,42,96,1,0.9987043142318726
FusionNN,SPAM-0479,2,42,97,1,0.997054934501648
FusionNN,HAM-0233,2,42,98,0,0.007271346636116505
FusionNN,SPAM-0190,1,42,99,1,0.987567663192749
FusionNN,HAM-0132,3,42,101,0,0.003484704066067934
FusionNN,SPAM-0359,4,42,102,1,0.9966434240341187
FusionNN,HAM-0001,5,42,103,0,0.0017175007378682494
FusionNN,SPAM-0108,1,42,104,1,0.9954798221588135
FusionNN,SPAM-0362,3,42,106,1,0.997601330280304
FusionNN,SPAM-0150,2,42,107,1,0.9925268888473511
FusionNN,HAM-0176,4,42,108,0,0.0016239061951637268
FusionNN,SPAM-0391,5,42,109,1,0.9989907145500183
FusionNN,SPAM-0143,2,42,110,1,0.9975905418395996
FusionNN,HAM-0388,4,42,112,0,0.0015105868224054575
FusionNN,HAM-0056,1,42,113,0,0.000959250028245151
FusionNN,HAM-0334,3,42,115,0,0.0031436888966709375
FusionNN,SPAM-0258,5,42,116,1,0.9985228180885315
FusionNN,SPAM-0442,1,42,117,1,0.9952925443649292
FusionNN,SPAM-0095,3,42,118,1,0.9974265694618225
FusionNN,HAM-0397,2,42,119,0,0.010068034753203392
FusionNN,SPAM-0386,4,42,120,1,0.9977729916572571
FusionNN,SPAM-0107,5,42,122,1,0.9987969398498535
FusionNN,HAM-0324,2,42,123,0,0.005718734115362167
FusionNN,SPAM-0466,1,42,125,1,0.9949583411216736
FusionNN,SPAM-0287,3,42,126,1,0.9979825019836426
FusionNN,SPAM-0204,4,42,127,1,0.9945677518844604
FusionNN,SPAM-0412,5,42,128,1,0.9987623691558838
FusionNN,SPAM-0024,4,42,130,1,0.9976089000701904
FusionNN,SPAM-0277,1,42,131,1,0.9942560791969299
FusionNN,SPAM-0123,2,42,132,1,0.9976981282234192
FusionNN,SPAM-0416,5,42,133,1,0.9985167384147644
FusionNN,HAM-0186,3,42,135,0,0.003708015428856015
FusionNN,HAM-0473,3,42,136,0,0.0030124003533273935
FusionNN,HAM-0366,1,42,137,0,0.0008440401288680732
FusionNN,HAM-0082,2,42,138,0,0.005595239344984293
FusionNN,HAM-0455,4,42,139,0,0.001676909509114921
FusionNN,HAM-0459,5,42,140,0,0.0027573772240430117
FusionNN,SPAM-0470,3,42,142,1,0.9978367686271667
FusionNN,HAM-0451,1,42,143,0,0.0008525581215508282
FusionNN,HAM-0134,2,42,145,0,0.007317036855965853
FusionNN,HAM-0323,4,42,146,0,0.0016346765914931893
FusionNN,HAM-0364,5,42,147,0,0.0016580176306888461
FusionNN,SPAM-0220,1,42,148,1,0.994873583316803
FusionNN,SPAM-0263,2,42,149,1,0.9968446493148804
FusionNN,HAM-0090,3,42,150,0,0.002764918841421604
FusionNN,SPAM-0294,4,42,152,1,0.9972808361053467
FusionNN,SPAM-0409,5,42,153,1,0.9988883137702942
FusionNN,SPAM-0227,1,42,154,1,0.9954113364219666
FusionNN,HAM-0027,2,42,156,0,0.0061716907657682896
FusionNN,HAM-0396,3,42,157,0,0.004934144206345081
FusionNN,HAM-0241,4,42,158,0,0.001532375579699874
FusionNN,SPAM-0333,5,42,159,1,0.9988621473312378
FusionNN,HAM-0437,1,42,161,0,0.0007119019865058362
FusionNN,HAM-0151,2,42,162,0,0.0055562155321240425
FusionNN,HAM-0499,3,42,163,0,0.0028064020443707705
FusionNN,SPAM-0067,4,42,165,1,0.9977514147758484
FusionNN,HAM-0494,5,42,166,0,0.0023784167133271694
FusionNN,HAM-0363,4,42,167,0,0.0017658753786236048
FusionNN,SPAM-0206,1,42,168,1,0.9928830862045288
FusionNN,HAM-0143,2,42,170,0,0.0062024411745369434
FusionNN,HAM-0133,3,42,171,0,0.0028097082395106554
FusionNN,SPAM-0188,5,42,172,1,0.9987278580665588
FusionNN,SPAM-0240,3,42,173,1,0.9978004097938538
FusionNN,HAM-0026,4,42,175,0,0.0017722607590258121
FusionNN,HAM-0500,1,42,176,0,0.0008779034833423793
FusionNN,HAM-0441,5,42,177,0,0.0023824209347367287
FusionNN,HAM-0111,2,42,178,0,0.007274600211530924
FusionNN,HAM-0085,5,42,179,0,0.0023373165167868137
FusionNN,HAM-0395,1,42,181,0,0.0008498908136971295
FusionNN,SPAM-0027,2,42,182,1,0.9978420734405518
FusionNN,HAM-0188,3,42,183,0,0.0026150343474000692
FusionNN,SPAM-0494,4,42,184,1,0.9973318576812744
FusionNN,SPAM-0282,1,42,186,1,0.9947671890258789
FusionNN,HAM-0166,2,42,187,0,0.006502082571387291
FusionNN,SPAM-0342,5,42,188,1,0.9989256262779236
FusionNN,SPAM-0251,3,42,189,1,0.9976822137832642
FusionNN,SPAM-0187,4,42,191,1,0.9971442818641663
FusionNN,SPAM-0260,3,42,192,1,0.9973957538604736
FusionNN,SPAM-0114,4,42,193,1,0.9976099729537964
FusionNN,HAM-0452,1,42,194,0,0.0012565708020702004
FusionNN,SPAM-0373,2,42,196,1,0.9977149963378906
FusionNN,SPAM-0460,5,42,197,1,0.9986847043037415
FusionNN,SPAM-0129,2,42,198,1,0.9957194924354553
FusionNN,HAM-0093,3,42,199,0,0.0031905805226415396
FusionNN,HAM-0266,1,42,201,0,0.0009207490365952253
FusionNN,HAM-0108,4,42,202,0,0.0014833390014246106
FusionNN,SPAM-0429,5,42,203,1,0.9986760020256042
FusionNN,SPAM-0002,1,42,204,1,0.9954695701599121
FusionNN,HAM-0372,4,42,206,0,0.0015058201970532537
FusionNN,SPAM-0226,2,42,207,1,0.8747389912605286
FusionNN,HAM-0123,3,42,208,0,0.0026711367536336184
FusionNN,SPAM-0231,5,42,209,1,0.9988238215446472
FusionNN,HAM-0019,3,42,211,0,0.0035565642174333334
FusionNN,HAM-0097,1,42,212,0,0.000828045594971627
FusionNN,SPAM-0299,2,42,213,1,0.9971501231193542
FusionNN,HAM-0422,4,42,214,0,0.0018414855003356934
FusionNN,HAM-0288,5,42,216,0,0.0028153210878372192
FusionNN,SPAM-0318,1,42,217,1,0.9940057992935181
FusionNN,HAM-0065,5,42,218,0,0.001864490332081914
FusionNN,HAM-0078,2,42,220,0,0.006364761386066675
FusionNN,SPAM-0005,3,42,221,1,0.9970155954360962
FusionNN,HAM-0036,4,42,222,0,0.00206253444775939
FusionNN,HAM-0128,2,42,223,0,0.0077187963761389256
FusionNN,HAM-0105,1,42,225,0,0.0008627672214061022
FusionNN,SPAM-0252,3,42,226,1,0.998075008392334
FusionNN,HAM-0345,4,42,227,0,0.0038404602091759443
FusionNN,HAM-0218,5,42,228,0,0.001962610287591815
FusionNN,SPAM-0325,5,42,229,1,0.9987102746963501
FusionNN,HAM-0381,1,42,231,0,0.0007364622433669865
FusionNN,SPAM-0486,2,42,232,1,0.990341305732727
FusionNN,SPAM-0488,3,42,233,1,0.9978629946708679
FusionNN,HAM-0113,4,42,235,0,0.0017854346660897136
FusionNN,SPAM-0426,1,42,236,1,0.9944883584976196
FusionNN,HAM-0320,3,42,237,0,0.002741910284385085
FusionNN,SPAM-0467,2,42,238,1,0.9972087740898132
FusionNN,HAM-0313,4,42,240,0,0.002399957273155451
FusionNN,SPAM-0327,5,42,241,1,0.9881347417831421
FusionNN,SPAM-0065,5,42,242,1,0.9988539218902588
FusionNN,HAM-0375,1,42,243,0,0.0008872920298017561
FusionNN,HAM-0356,2,42,244,0,0.006433163303881884
FusionNN,HAM-0367,3,42,245,0,0.0030665190424770117
FusionNN,SPAM-0433,4,42,247,1,0.9972612857818604
FusionNN,HAM-0145,1,42,248,0,0.0009692047024145722
FusionNN,SPAM-0431,2,42,249,1,0.996733546257019
FusionNN,SPAM-0243,5,42,251,1,0.997848391532898
FusionNN,HAM-0448,3,42,252,0,0.003234387142583728
FusionNN,HAM-0202,4,42,253,0,0.0015293755568563938
FusionNN,SPAM-0103,4,42,254,1,0.9975892305374146
FusionNN,SPAM-0335,1,42,256,1,0.9955269694328308
FusionNN,HAM-0373,2,42,257,0,0.005546864587813616
FusionNN,SPAM-0031,3,42,258,1,0.9974223375320435
FusionNN,HAM-0312,5,42,260,0,0.0018377318046987057
FusionNN,SPAM-0301,1,42,261,1,0.9957861304283142
FusionNN,SPAM-0200,2,42,262,1,0.9413208365440369
FusionNN,HAM-0091,3,42,263,0,0.0025959096383303404
FusionNN,SPAM-0069,4,42,265,1,0.9975144863128662
FusionNN,SPAM-0420,5,42,266,1,0.9988290667533875
FusionNN,HAM-0165,1,42,267,0,0.0020195895340293646
FusionNN,SPAM-0104,3,42,268,1,0.9973861575126648
FusionNN,SPAM-0361,2,42,269,1,0.9961814880371094
FusionNN,HAM-0172,5,42,271,0,0.002425216604024172
FusionNN,HAM-0226,4,42,272,0,0.0021906765177845955
FusionNN,SPAM-0253,1,42,273,1,0.9944450259208679
FusionNN,HAM-0171,2,42,275,0,0.006156518589705229
FusionNN,HAM-0203,4,42,276,0,0.0020579032134264708
FusionNN,HAM-0497,3,42,277,0,0.004885505884885788
FusionNN,HAM-0156,5,42,278,0,0.0017107136081904173
FusionNN,SPAM-0298,5,42,279,1,0.9987391829490662
FusionNN,HAM-0340,1,42,280,0,0.001329599297605455
FusionNN,SPAM-0216,2,42,282,1,0.9965181350708008
FusionNN,SPAM-0177,3,42,283,1,0.9977351427078247
FusionNN,HAM-0129,4,42,285,0,0.0041753086261451244
FusionNN,HAM-0449,2,42,286,0,0.007292286958545446
FusionNN,HAM-0400,3,42,287,0,0.0029841011855751276
FusionNN,SPAM-0025,5,42,288,1,0.9985382556915283
FusionNN,HAM-0399,5,42,289,0,0.0016391215613111854
FusionNN,HAM-0142,1,42,291,0,0.0011425159173086286
FusionNN,SPAM-0205,4,42,292,1,0.9978773593902588
FusionNN,HAM-0086,1,42,293,0,0.005136323161423206
FusionNN,SPAM-0085,2,42,295,1,0.9963709115982056
FusionNN,SPAM-0496,3,42,296,1,0.997848391532898
FusionNN,HAM-0456,4,42,297,0,0.0016750073991715908
FusionNN,SPAM-0014,4,42,298,1,0.9274084568023682
FusionNN,HAM-0348,1,42,299,0,0.0015077486168593168
FusionNN,HAM-0304,2,42,301,0,0.0061658150516450405
FusionNN,HAM-0482,3,42,302,0,0.0033439856488257647
FusionNN,HAM-0087,5,42,303,0,0.0016890020342543721
FusionNN,HAM-0267,1,42,304,0,0.002325725741684437
FusionNN,SPAM-0314,2,42,306,1,0.9976065158843994
FusionNN,HAM-0287,5,42,307,0,0.003571111708879471
FusionNN,SPAM-0464,3,42,308,1,0.9977741837501526
FusionNN,HAM-0199,4,42,309,0,0.0017240274464711547
FusionNN,SPAM-0046,1,42,311,1,0.9925819635391235
FusionNN,HAM-0493,2,42,312,0,0.00672876788303256
FusionNN,SPAM-0341,3,42,313,1,0.9975278973579407
FusionNN,SPAM-0356,4,42,314,1,0.9979578256607056
FusionNN,SPAM-0305,5,42,316,1,0.9987488985061646
FusionNN,HAM-0444,5,42,317,0,0.0019730727653950453
FusionNN,HAM-0362,1,42,318,0,0.0007759812870062888
FusionNN,SPAM-0156,2,42,320,1,0.995370090007782
FusionNN,HAM-0014,3,42,321,0,0.0030770765151828527
FusionNN,HAM-0447,4,42,322,0,0.0015409301267936826
FusionNN,SPAM-0445,1,42,323,1,0.9954132437705994
FusionNN,SPAM-0451,4,42,324,1,0.9964538812637329
FusionNN,SPAM-0495,2,42,326,1,0.9975236058235168
FusionNN,HAM-0230,5,42,327,0,0.0018214371521025896
FusionNN,SPAM-0054,3,42,328,1,0.9973390698432922
FusionNN,HAM-0045,1,42,330,0,0.0009380878182128072
FusionNN,HAM-0068,2,42,331,0,0.005751961376518011
FusionNN,SPAM-0089,3,42,332,1,0.9976008534431458
FusionNN,HAM-0467,4,42,333,0,0.0027729349676519632
FusionNN,HAM-0228,5,42,335,0,0.0017478164518252015
FusionNN,HAM-0158,1,42,336,0,0.0010359293082728982
FusionNN,HAM-0003,2,42,337,0,0.006741514895111322
FusionNN,SPAM-0394,4,42,338,1,0.9976469874382019
FusionNN,SPAM-0209,5,42,340,1,0.9988106489181519
FusionNN,HAM-0163,3,42,341,0,0.003523813793435693
FusionNN,HAM-0394,3,42,342,0,0.004666063468903303
FusionNN,SPAM-0322,1,42,343,1,0.9950172305107117
FusionNN,HAM-0421,2,42,345,0,0.00802124198526144
FusionNN,HAM-0079,4,42,346,0,0.001683596521615982
FusionNN,SPAM-0436,5,42,347,1,0.9986175298690796
FusionNN,HAM-0433,1,42,348,0,0.002974970266222954
FusionNN,HAM-0127,2,42,350,0,0.0075167822651565075
FusionNN,HAM-0152,4,42,351,0,0.0033636027947068214
FusionNN,SPAM-0007,3,42,352,1,0.9971944093704224
FusionNN,SPAM-0459,5,42,353,1,0.9984328150749207
FusionNN,SPAM-0096,3,42,355,1,0.9972907900810242
FusionNN,HAM-0300,1,42,356,0,0.0009257195051759481
FusionNN,HAM-0349,2,42,357,0,0.006375446449965239
FusionNN,HAM-0096,5,42,358,0,0.002057259902358055
FusionNN,HAM-0222,4,42,359,0,0.0018587843514978886
FusionNN,HAM-0284,4,42,361,0,0.001656245905905962
FusionNN,SPAM-0192,1,42,362,1,0.9958478212356567
FusionNN,HAM-0117,2,42,363,0,0.005959192756563425
FusionNN,SPAM-0270,3,42,365,1,0.9972524046897888
FusionNN,HAM-0140,5,42,366,0,0.0028073363937437534
FusionNN,SPAM-0482,2,42,367,1,0.997785210609436
FusionNN,SPAM-0077,1,42,368,1,0.994662880897522
FusionNN,HAM-0401,3,42,370,0,0.002765070181339979
FusionNN,SPAM-0490,4,42,371,1,0.8945905566215515
FusionNN,SPAM-0302,5,42,372,1,0.998451828956604
FusionNN,SPAM-0139,3,42,373,1,0.9973088502883911
FusionNN,HAM-0175,1,42,374,0,0.0008680400787852705
FusionNN,HAM-0119,2,42,376,0,0.005782727152109146
FusionNN,SPAM-0035,4,42,377,1,0.9978578686714172
FusionNN,HAM-0051,5,42,378,0,0.0017516460502520204
FusionNN,HAM-0028,1,42,379,0,0.0007526001427322626
FusionNN,HAM-0178,5,42,380,0,0.001708446303382516
FusionNN,HAM-0257,2,42,382,0,0.006827578414231539
FusionNN,HAM-0462,3,42,383,0,0.00343770207837224
FusionNN,SPAM-0264,4,42,384,1,0.9966086149215698
FusionNN,HAM-0072,1,42,386,0,0.001214139978401363
FusionNN,HAM-0379,2,42,387,0,0.007737782318145037
FusionNN,SPAM-0256,4,42,388,1,0.997060239315033
FusionNN,SPAM-0102,3,42,390,1,0.9980816841125488
FusionNN,HAM-0277,5,42,391,0,0.0021288522984832525
FusionNN,HAM-0347,1,42,392,0,0.0014346643583849072
FusionNN,HAM-0200,2,42,393,0,0.00884567853063345
FusionNN,SPAM-0030,4,42,395,1,0.9966434240341187
FusionNN,SPAM-0463,5,42,396,1,0.998430073261261
FusionNN,HAM-0454,3,42,398,0,0.0028982246294617653
FusionNN,HAM-0040,1,42,399,0,0.0009795742807909846
FusionNN,HAM-0365,2,42,401,0,0.007360436953604221
FusionNN,SPAM-0116,3,42,402,1,0.9978158473968506
FusionNN,HAM-0074,4,42,403,0,0.0018994957208633423
FusionNN,HAM-0301,5,42,404,0,0.0020542421843856573
FusionNN,HAM-0486,1,42,406,0,0.0008596928091719747
FusionNN,SPAM-0414,2,42,407,1,0.9964737296104431
FusionNN,SPAM-0056,4,42,408,1,0.9966487288475037
FusionNN,HAM-0445,3,42,409,0,0.002975189359858632
FusionNN,HAM-0289,5,42,411,0,0.0025348616763949394
FusionNN,SPAM-0441,5,42,412,1,0.9988044500350952
FusionNN,SPAM-0182,1,42,413,1,0.9953885078430176
FusionNN,SPAM-0250,2,42,414,1,0.997218132019043
FusionNN,SPAM-0185,3,42,416,1,0.9980027079582214
FusionNN,SPAM-0208,4,42,417,1,0.9955124258995056
FusionNN,HAM-0439,3,42,418,0,0.0029045247938483953
FusionNN,HAM-0291,4,42,419,0,0.002157891169190407
FusionNN,SPAM-0175,1,42,420,1,0.99489426612854
FusionNN,HAM-0109,2,42,421,0,0.005743968766182661
FusionNN,HAM-0022,5,42,423,0,0.0034398427233099937
FusionNN,HAM-0271,1,42,424,0,0.0009082304895855486
FusionNN,SPAM-0160,3,42,426,1,0.9970605969429016
FusionNN,HAM-0170,2,42,427,0,0.006152901332825422
FusionNN,HAM-0402,4,42,428,0,0.0015756419161334634
FusionNN,HAM-0331,5,42,429,0,0.002075742930173874
FusionNN,SPAM-0344,1,42,430,1,0.9957125186920166
FusionNN,HAM-0043,4,42,432,0,0.001401291461661458
FusionNN,HAM-0088,2,42,433,0,0.005535138305276632
FusionNN,HAM-0360,3,42,434,0,0.0027799480594694614
FusionNN,SPAM-0365,5,42,436,1,0.998330295085907
FusionNN,HAM-0029,1,42,437,0,0.0012865656754001975
FusionNN,HAM-0244,4,42,438,0,0.0016127272974699736
FusionNN,HAM-0495,2,42,439,0,0.0051088943146169186
FusionNN,SPAM-0075,3,42,441,1,0.9972934126853943
FusionNN,SPAM-0202,5,42,442,1,0.998817503452301
FusionNN,HAM-0048,1,42,443,0,0.001472120056860149
FusionNN,SPAM-0180,2,42,444,1,0.9866662621498108
FusionNN,HAM-0333,5,42,446,0,0.0033445849549025297
FusionNN,HAM-0440,3,42,447,0,0.0032616464886814356
FusionNN,HAM-0335,4,42,448,0,0.0017433788161724806
FusionNN,HAM-0042,1,42,449,0,0.000799014640506357
FusionNN,SPAM-0091,1,42,451,1,0.9943458437919617
FusionNN,HAM-0351,2,42,452,0,0.006361803505569696
FusionNN,SPAM-0254,3,42,453,1,0.9977754950523376
FusionNN,SPAM-0171,4,42,454,1,0.9975141286849976
FusionNN,SPAM-0472,5,42,456,1,0.9988376498222351
FusionNN,SPAM-0068,2,42,457,1,0.9965906143188477
FusionNN,SPAM-0122,4,42,458,1,0.9950243830680847
FusionNN,SPAM-0393,5,42,459,1,0.9985032081604004
FusionNN,SPAM-0009,1,42,460,1,0.9932528138160706
FusionNN,SPAM-0086,3,42,461,1,0.9979870319366455
FusionNN,HAM-0408,1,42,463,0,0.0011019832454621792
FusionNN,SPAM-0196,2,42,464,1,0.9935594797134399
FusionNN,HAM-0182,3,42,465,0,0.0031248056329786777
FusionNN,HAM-0130,4,42,467,0,0.0017643194878473878
FusionNN,HAM-0270,5,42,468,0,0.0022003299091011286
FusionNN,HAM-0318,1,42,469,0,0.0013037559110671282
FusionNN,HAM-0099,2,42,470,0,0.005833369679749012
FusionNN,HAM-0124,3,42,471,0,0.0026340470649302006
FusionNN,HAM-0269,5,42,473,0,0.002899788785725832
FusionNN,SPAM-0020,4,42,474,1,0.9972319006919861
FusionNN,HAM-0471,1,42,475,0,0.0008161577861756086
FusionNN,SPAM-0398,2,42,477,1,0.9977430105209351
FusionNN,SPAM-0283,3,42,478,1,0.9979664087295532
FusionNN,HAM-0413,4,42,479,0,0.001610158826224506
FusionNN,HAM-0221,5,42,480,0,0.001993310172110796
FusionNN,SPAM-0480,2,42,482,1,0.9958492517471313
FusionNN,SPAM-0413,1,42,483,1,0.995933473110199
FusionNN,HAM-0258,4,42,484,0,0.0014110887423157692
FusionNN,SPAM-0497,3,42,485,1,0.9976632595062256
FusionNN,SPAM-0138,5,42,486,1,0.997776210308075
FusionNN,SPAM-0363,1,42,488,1,0.9940040707588196
FusionNN,HAM-0370,2,42,489,0,0.006216889712959528
FusionNN,HAM-0272,3,42,490,0,0.003115488449111581
FusionNN,SPAM-0019,4,42,492,1,0.9976922273635864
FusionNN,SPAM-0247,5,42,493,1,0.9986925721168518
FusionNN,SPAM-0173,3,42,494,1,0.9965319633483887
FusionNN,HAM-0273,2,42,495,0,0.005379773676395416
FusionNN,HAM-0009,4,42,497,0,0.0019620256498456
FusionNN,HAM-0250,5,42,498,0,0.0028548529371619225
FusionNN,SPAM-0268,3,42,499,1,0.9979645013809204
FusionNN,HAM-0248,1,42,500,0,0.0019036568701267242
FusionNN,SPAM-0437,1,42,502,1,0.9943405389785767
FusionNN,HAM-0479,2,42,503,0,0.006536979228258133
FusionNN,HAM-0342,4,42,504,0,0.020949212834239006
FusionNN,SPAM-0281,5,42,505,1,0.9985557198524475
FusionNN,HAM-0031,2,42,507,0,0.0067115481942892075
FusionNN,HAM-0192,1,42,508,0,0.0008508327882736921
FusionNN,HAM-0234,4,42,509,0,0.0016340945148840547
FusionNN,HAM-0259,3,42,510,0,0.018221018835902214
FusionNN,SPAM-0376,5,42,512,1,0.9988566637039185
FusionNN,HAM-0155,1,42,513,0,0.8032159209251404
FusionNN,HAM-0070,5,42,514,0,0.001803919323720038
FusionNN,HAM-0237,2,42,515,0,0.00632316991686821
FusionNN,SPAM-0417,3,42,516,1,0.9979150891304016
FusionNN,SPAM-0462,4,42,518,1,0.9971001744270325
FusionNN,SPAM-0158,1,42,519,1,0.9889361262321472
FusionNN,HAM-0077,2,42,520,0,0.005877841264009476
FusionNN,SPAM-0161,3,42,521,1,0.9979732632637024
FusionNN,SPAM-0115,4,42,523,1,0.9978646636009216
FusionNN,SPAM-0032,5,42,524,1,0.9983684420585632
FusionNN,SPAM-0149,1,42,525,1,0.99437016248703
FusionNN,HAM-0174,5,42,526,0,0.6517550349235535
FusionNN,HAM-0173,2,42,528,0,0.005699807312339544
FusionNN,SPAM-0176,3,42,529,1,0.9975377321243286
FusionNN,SPAM-0003,4,42,530,1,0.9902387857437134
FusionNN,SPAM-0352,3,42,532,1,0.9977541565895081
FusionNN,SPAM-0347,1,42,533,1,0.9955087900161743
FusionNN,SPAM-0012,2,42,534,1,0.9978280663490295
FusionNN,HAM-0252,4,42,535,0,0.0020832603331655264
FusionNN,SPAM-0419,5,42,537,1,0.9988522529602051
FusionNN,SPAM-0317,3,42,538,1,0.9977468848228455
FusionNN,HAM-0201,1,42,539,0,0.0008531505009159446
FusionNN,SPAM-0284,2,42,540,1,0.9976366758346558
FusionNN,SPAM-0291,4,42,541,1,0.9976296424865723
FusionNN,SPAM-0388,5,42,542,1,0.9988208413124084
FusionNN,SPAM-0407,4,42,544,1,0.043060462921857834
FusionNN,SPAM-0461,1,42,545,1,0.9941309094429016
FusionNN,SPAM-0265,2,42,547,1,0.9976033568382263
FusionNN,SPAM-0135,3,42,548,1,0.9978362917900085
FusionNN,HAM-0321,5,42,549,0,0.0016402610344812274
FusionNN,SPAM-0223,3,42,550,1,0.9978564381599426
FusionNN,SPAM-0476,4,42,551,1,0.9970863461494446
FusionNN,HAM-0481,5,42,553,0,0.002148481085896492
FusionNN,HAM-0101,1,42,554,0,0.0008667011861689389
FusionNN,SPAM-0415,2,42,555,1,0.994793713092804
FusionNN,SPAM-0010,1,42,556,1,0.9932152032852173
FusionNN,SPAM-0309,2,42,558,1,0.9964427351951599
FusionNN,SPAM-0311,3,42,559,1,0.9980266690254211
FusionNN,SPAM-0229,4,42,560,1,0.9966645836830139
FusionNN,HAM-0368,5,42,561,0,0.001656722160987556
FusionNN,HAM-0478,2,42,563,0,0.007299324497580528
FusionNN,HAM-0390,3,42,564,0,0.0030078173149377108
FusionNN,HAM-0290,1,42,565,0,0.0008379521896131337
FusionNN,SPAM-0066,4,42,567,1,0.9972549080848694
FusionNN,SPAM-0435,3,42,313,1,0.997480571269989
FusionNN,SPAM-0383,5,42,568,1,0.9985413551330566
FusionNN,HAM-0210,1,42,569,0,0.001046718331053853
FusionNN,SPAM-0099,2,42,570,1,0.789084255695343
FusionNN,SPAM-0293,5,42,572,1,0.9859739542007446
FusionNN,HAM-0195,3,42,573,0,0.0031230205204337835
FusionNN,HAM-0217,4,42,574,0,0.00214914558455348
FusionNN,HAM-0016,3,42,575,0,0.003161643398925662
FusionNN,HAM-0341,1,42,577,0,0.0007281374419108033
FusionNN,HAM-0214,2,42,578,0,0.006266887299716473
FusionNN,SPAM-0449,4,42,579,1,0.9963375329971313
FusionNN,SPAM-0151,5,42,580,1,0.9985067248344421
FusionNN,HAM-0193,2,42,582,0,0.007029925938695669
FusionNN,SPAM-0484,5,42,583,1,0.9987924098968506
FusionNN,HAM-0041,1,42,584,0,0.0010618004016578197
FusionNN,SPAM-0201,3,42,585,1,0.9979129433631897
FusionNN,HAM-0275,4,42,586,0,0.0016146409325301647
FusionNN,HAM-0196,5,42,588,0,0.001717715640552342
FusionNN,SPAM-0049,4,42,589,1,0.9964022636413574
FusionNN,HAM-0095,1,42,590,0,0.8951587677001953
FusionNN,HAM-0380,2,42,591,0,0.006052978802472353
FusionNN,SPAM-0456,3,42,593,1,0.9978452920913696
FusionNN,SPAM-0384,5,42,594,1,0.9982790946960449
FusionNN,HAM-0209,2,42,595,0,0.0056989481672644615
FusionNN,SPAM-0434,1,42,597,1,0.9958640336990356
FusionNN,HAM-0398,4,42,598,0,0.0019746001344174147
FusionNN,SPAM-0364,3,42,599,1,0.9976020455360413
FusionNN,SPAM-0043,5,42,600,1,0.9986714124679565
FusionNN,SPAM-0438,1,42,601,1,0.9942845702171326
FusionNN,HAM-0423,2,42,603,0,0.0070724389515817165
FusionNN,SPAM-0443,4,42,604,1,0.9975873231887817
FusionNN,SPAM-0233,3,42,605,1,0.9977222084999084
FusionNN,SPAM-0183,5,42,606,1,0.998816967010498
FusionNN,SPAM-0117,1,42,608,1,0.9942675828933716
FusionNN,SPAM-0492,5,42,609,1,0.9986143112182617
FusionNN,SPAM-0166,2,42,610,1,0.99769526720047
FusionNN,SPAM-0343,3,42,612,1,0.9979700446128845
FusionNN,HAM-0189,4,42,613,0,0.0020504030399024487
FusionNN,HAM-0386,1,42,614,0,0.0007482164655812085
FusionNN,SPAM-0134,2,42,615,1,0.9978173971176147
FusionNN,SPAM-0308,3,42,617,1,0.9972521662712097
FusionNN,HAM-0427,4,42,618,0,0.0034538647159934044
FusionNN,SPAM-0144,5,42,619,1,0.9982578158378601
FusionNN,SPAM-0038,1,42,620,1,0.9869982600212097
FusionNN,SPAM-0278,3,42,622,1,0.9977458119392395
FusionNN,HAM-0049,4,42,623,0,0.0017081869300454855
FusionNN,SPAM-0381,2,42,624,1,0.9975669384002686
FusionNN,SPAM-0070,5,42,625,1,0.9985553622245789
FusionNN,SPAM-0340,1,42,627,1,0.9925580024719238
FusionNN,SPAM-0106,3,42,628,1,0.9976189732551575
FusionNN,SPAM-0071,2,42,629,1,0.9968473315238953
FusionNN,HAM-0063,4,42,630,0,0.0017461393726989627
FusionNN,HAM-0308,5,42,632,0,0.005454339552670717
FusionNN,SPAM-0424,5,42,633,1,0.9988346695899963
FusionNN,SPAM-0399,1,42,634,1,0.9928374886512756
FusionNN,SPAM-0034,3,42,635,1,0.997795581817627
FusionNN,SPAM-0316,2,42,637,1,0.9970353841781616
FusionNN,HAM-0243,4,42,638,0,0.0021575656719505787
FusionNN,SPAM-0403,1,42,639,1,0.9952372312545776
FusionNN,SPAM-0159,5,42,640,1,0.9975364208221436
FusionNN,SPAM-0092,2,42,641,1,0.9976270794868469
FusionNN,HAM-0327,3,42,642,0,0.010303874500095844
FusionNN,SPAM-0153,4,42,644,1,0.9976732134819031
FusionNN,SPAM-0378,1,42,645,1,0.9847506284713745
FusionNN,SPAM-0328,3,42,647,1,0.9980121850967407
FusionNN,HAM-0058,2,42,648,0,0.007129984442144632
FusionNN,HAM-0223,4,42,649,0,0.0017527845920994878
FusionNN,SPAM-0248,5,42,650,1,0.9982643723487854
FusionNN,HAM-0450,1,42,652,0,0.0007643983699381351
FusionNN,HAM-0412,4,42,653,0,0.0014499664539471269
FusionNN,HAM-0046,3,42,654,0,0.002885919064283371
FusionNN,HAM-0251,2,42,655,0,0.00645621819421649
FusionNN,HAM-0050,5,42,656,0,0.0020456567872315645
FusionNN,SPAM-0113,1,42,657,1,0.9949894547462463
FusionNN,HAM-0035,3,42,659,0,0.002897867700085044
FusionNN,SPAM-0109,5,42,660,1,0.9987540245056152
FusionNN,HAM-0069,2,42,662,0,0.006590870674699545
FusionNN,HAM-0212,4,42,663,0,0.0018851067870855331
FusionNN,HAM-0247,4,42,664,0,0.001413766760379076
FusionNN,HAM-0017,1,42,665,0,0.0008110682829283178
FusionNN,SPAM-0296,2,42,666,1,0.9977309107780457
FusionNN,HAM-0430,3,42,667,0,0.0024564573541283607
FusionNN,SPAM-0387,5,42,669,1,0.9988940358161926
FusionNN,HAM-0194,2,42,670,0,0.010397406294941902
FusionNN,HAM-0283,4,42,671,0,0.001989438896998763
FusionNN,SPAM-0455,3,42,673,1,0.9973993301391602
FusionNN,HAM-0472,1,42,674,0,0.0009578199242241681
FusionNN,SPAM-0319,5,42,675,1,0.9986097812652588
FusionNN,HAM-0236,1,42,676,0,0.0010425806976854801
FusionNN,SPAM-0045,3,42,678,1,0.9975270628929138
FusionNN,HAM-0435,5,42,679,0,0.011054166592657566
FusionNN,SPAM-0058,2,42,680,1,0.9974784255027771
FusionNN,HAM-0475,4,42,681,0,0.0017022022511810064
FusionNN,SPAM-0375,4,42,682,1,0.9967845678329468
FusionNN,SPAM-0225,1,42,684,1,0.9951305389404297
FusionNN,HAM-0229,2,42,685,0,0.007399171590805054
FusionNN,SPAM-0042,3,42,687,1,0.9971195459365845
FusionNN,HAM-0403,5,42,688,0,0.001795225078240037
FusionNN,SPAM-0405,3,42,689,1,0.99748295545578
FusionNN,HAM-0183,4,42,690,0,0.001452913391403854
FusionNN,HAM-0357,1,42,692,0,0.0009396362584084272
FusionNN,SPAM-0346,2,42,693,1,0.9974182844161987
FusionNN,SPAM-0286,5,42,694,1,0.9988221526145935
FusionNN,SPAM-0053,2,42,695,1,0.9976078271865845
FusionNN,HAM-0083,1,42,697,0,0.0009522412437945604
FusionNN,HAM-0385,3,42,698,0,0.0027663209475576878
FusionNN,HAM-0387,4,42,699,0,0.0015558337327092886
FusionNN,HAM-0460,5,42,700,0,0.0020609362982213497
FusionNN,HAM-0392,1,42,701,0,0.003913669381290674
FusionNN,HAM-0431,2,42,703,0,0.006916848476976156
FusionNN,SPAM-0401,3,42,704,1,0.9975736737251282
FusionNN,SPAM-0368,4,42,705,1,0.9968770742416382
FusionNN,HAM-0139,5,42,706,0,0.0022907613310962915
FusionNN,HAM-0185,1,42,707,0,0.000810280442237854
FusionNN,HAM-0294,2,42,709,0,0.005892082583159208
FusionNN,HAM-0033,3,42,710,0,0.0025276115629822016
FusionNN,HAM-0071,4,42,712,0,0.0030221270862966776
FusionNN,HAM-0062,5,42,713,0,0.001766070257872343
FusionNN,SPAM-0055,5,42,714,1,0.9980358481407166
FusionNN,HAM-0066,1,42,715,0,0.0008542730938643217
FusionNN,SPAM-0218,2,42,716,1,0.9977371692657471
FusionNN,HAM-0434,3,42,718,0,0.0034302868880331516
FusionNN,HAM-0047,4,42,719,0,0.001596118789166212
FusionNN,HAM-0075,1,42,720,0,0.0012218602932989597
FusionNN,SPAM-0093,2,42,721,1,0.9908005595207214
FusionNN,SPAM-0273,3,42,722,1,0.9980582594871521
FusionNN,HAM-0261,4,42,724,0,0.0018775862408801913
FusionNN,HAM-0406,5,42,725,0,0.002157344948500395
FusionNN,HAM-0316,1,42,727,0,0.0027738697826862335
FusionNN,SPAM-0189,2,42,728,1,0.9978208541870117
FusionNN,HAM-0474,3,42,729,0,0.003402544418349862
FusionNN,SPAM-0073,4,42,730,1,0.9978826642036438
FusionNN,SPAM-0262,5,42,732,1,0.9986599683761597
FusionNN,HAM-0468,3,42,733,0,0.00329123018309474
FusionNN,SPAM-0279,1,42,734,1,0.9930604696273804
FusionNN,SPAM-0026,2,42,735,1,0.9971152544021606
FusionNN,HAM-0465,4,42,737,0,0.0023180798161774874
FusionNN,HAM-0057,5,42,738,0,0.0018127331277355552
FusionNN,HAM-0457,2,42,739,0,0.0059432159177958965
FusionNN,SPAM-0023,3,42,740,1,0.9976893663406372
FusionNN,SPAM-0483,1,42,742,1,0.9773555994033813
FusionNN,SPAM-0098,4,42,743,1,0.9462622404098511
FusionNN,SPAM-0422,5,42,744,1,0.9983946681022644
FusionNN,HAM-0211,4,42,745,0,0.0025030237156897783
FusionNN,SPAM-0271,1,42,746,1,0.9949827194213867
FusionNN,HAM-0120,5,42,747,0,0.0018467017216607928
FusionNN,SPAM-0033,3,42,749,1,0.9969821572303772
FusionNN,SPAM-0334,2,42,750,1,0.9972062706947327
FusionNN,HAM-0169,1,42,751,0,0.0010260723065584898
FusionNN,SPAM-0050,2,42,753,1,0.9896260499954224
FusionNN,SPAM-0313,3,42,754,1,0.9977027773857117
FusionNN,HAM-0208,4,42,755,0,0.002003114204853773
FusionNN,SPAM-0061,5,42,757,1,0.9986987113952637
FusionNN,SPAM-0306,1,42,758,1,0.9946664571762085
FusionNN,HAM-0115,2,42,759,0,0.006432459224015474
FusionNN,SPAM-0078,3,42,760,1,0.9976378679275513
FusionNN,HAM-0080,4,42,761,0,0.0016595600172877312
FusionNN,HAM-0371,5,42,762,0,0.0027864621952176094
FusionNN,SPAM-0041,1,42,764,1,0.9951335787773132
FusionNN,SPAM-0320,2,42,765,1,0.7215006351470947
FusionNN,SPAM-0039,5,42,766,1,0.9985607266426086
FusionNN,SPAM-0111,3,42,768,1,0.9977841973304749
FusionNN,SPAM-0197,4,42,769,1,0.9977800250053406
FusionNN,HAM-0254,3,42,770,0,0.0035008687991648912
FusionNN,SPAM-0181,1,42,772,1,0.9953195452690125
FusionNN,SPAM-0051,2,42,773,1,0.9975913763046265
FusionNN,HAM-0483,4,42,774,0,0.0016214479692280293
FusionNN,SPAM-0063,5,42,775,1,0.9984143972396851
FusionNN,SPAM-0219,1,42,776,1,0.9924833178520203
FusionNN,HAM-0426,2,42,777,0,0.005340329837054014
FusionNN,SPAM-0121,3,42,779,1,0.9976080656051636
FusionNN,SPAM-0450,4,42,780,1,0.9904305338859558
FusionNN,HAM-0157,2,42,782,0,0.006388999056071043
FusionNN,HAM-0490,5,42,783,0,0.0019012821139767766
FusionNN,HAM-0137,4,42,784,0,0.0026257706340402365
FusionNN,HAM-0225,5,42,785,0,0.002052656142041087
FusionNN,HAM-0227,1,42,786,0,0.0008288322133012116
FusionNN,HAM-0377,2,42,788,0,0.006296561099588871
FusionNN,SPAM-0345,3,42,789,1,0.9975720047950745
FusionNN,SPAM-0338,2,42,790,1,0.9663976430892944
FusionNN,HAM-0121,1,42,791,0,0.0008304785587824881
FusionNN,SPAM-0485,4,42,792,1,0.997605562210083
FusionNN,SPAM-0289,5,42,794,1,0.9988116025924683
FusionNN,SPAM-0221,3,42,795,1,0.9976510405540466
FusionNN,SPAM-0203,1,42,797,1,0.9942508935928345
FusionNN,SPAM-0337,2,42,798,1,0.997435986995697
FusionNN,HAM-0164,4,42,799,0,0.002209513448178768
FusionNN,HAM-0315,5,42,800,0,0.00228227861225605
FusionNN,HAM-0477,3,42,801,0,0.008167199790477753
FusionNN,SPAM-0184,1,42,803,1,0.9953450560569763
FusionNN,HAM-0064,2,42,804,0,0.005736144725233316
FusionNN,SPAM-0321,4,42,805,1,0.9963969588279724
FusionNN,HAM-0369,3,42,807,0,0.0035121559631079435
FusionNN,SPAM-0170,5,42,808,1,0.9970059990882874
FusionNN,SPAM-0323,1,42,809,1,0.9945517182350159
FusionNN,HAM-0012,5,42,810,0,0.0016712171491235495
FusionNN,SPAM-0087,2,42,811,1,0.9966996312141418
FusionNN,SPAM-0097,3,42,813,1,0.9970927238464355
FusionNN,HAM-0310,4,42,814,0,0.0017813524464145303
FusionNN,HAM-0338,3,42,815,0,0.0036240005865693092
FusionNN,SPAM-0272,1,42,817,1,0.9937815070152283
FusionNN,HAM-0458,2,42,818,0,0.006731802131980658
FusionNN,HAM-0242,4,42,819,0,0.0016824586782604456
FusionNN,HAM-0393,5,42,820,0,0.001880228635855019
FusionNN,HAM-0268,1,42,821,0,0.0009523555054329336
FusionNN,HAM-0255,2,42,823,0,0.019155986607074738
FusionNN,HAM-0332,3,42,824,0,0.0031481063924729824
FusionNN,SPAM-0408,4,42,825,1,0.996788501739502
FusionNN,HAM-0144,5,42,826,0,0.0022442974150180817
FusionNN,HAM-0098,1,42,828,0,0.0010644489666447043
FusionNN,SPAM-0432,3,42,829,1,0.9977586269378662
FusionNN,HAM-0411,2,42,830,0,0.011217539198696613
FusionNN,HAM-0089,4,42,831,0,0.0022758187260478735
FusionNN,SPAM-0028,5,42,833,1,0.9948930740356445
FusionNN,HAM-0438,1,42,834,0,0.0008311792626045644
FusionNN,HAM-0416,2,42,835,0,0.005318074021488428
FusionNN,SPAM-0126,3,42,837,1,0.9977828860282898
FusionNN,SPAM-0389,4,42,838,1,0.9950816631317139
FusionNN,SPAM-0360,5,42,839,1,0.9973921775817871
FusionNN,SPAM-0276,3,42,840,1,0.9977489113807678
FusionNN,SPAM-0374,5,42,561,1,0.993118166923523
FusionNN,HAM-0303,1,42,842,0,0.000869516923557967
FusionNN,SPAM-0310,2,42,843,1,0.9962822794914246
FusionNN,HAM-0346,4,42,844,0,0.0016576744383201003
FusionNN,SPAM-0255,5,42,845,1,0.9978469610214233
FusionNN,HAM-0015,5,42,846,0,0.0017806682735681534
FusionNN,SPAM-0380,1,42,847,1,0.9926115870475769
FusionNN,HAM-0264,2,42,849,0,0.006603158079087734
FusionNN,SPAM-0164,3,42,850,1,0.9974072575569153
FusionNN,SPAM-0249,4,42,852,1,0.9964622855186462
FusionNN,HAM-0167,4,42,853,0,0.06738744676113129
FusionNN,SPAM-0423,5,42,854,1,0.9987205266952515
FusionNN,HAM-0116,1,42,855,0,0.0009229189017787576
FusionNN,HAM-0198,2,42,857,0,0.006587673909962177
FusionNN,HAM-0280,3,42,858,0,0.0034435682464390993
FusionNN,HAM-0480,2,42,859,0,0.007977312430739403
FusionNN,SPAM-0017,1,42,860,1,0.9952864050865173
FusionNN,HAM-0138,3,42,861,0,0.003859451273456216
FusionNN,SPAM-0037,4,42,863,1,0.9967219233512878
FusionNN,SPAM-0469,5,42,864,1,0.9988507032394409
FusionNN,SPAM-0157,1,42,865,1,0.9886779189109802
FusionNN,HAM-0292,4,42,867,0,0.0017610144568607211
FusionNN,HAM-0344,2,42,868,0,0.006659224629402161
FusionNN,HAM-0110,3,42,869,0,0.002958749420940876
FusionNN,SPAM-0118,5,42,870,1,0.9976928234100342
FusionNN,SPAM-0493,1,42,872,1,0.991206705570221
FusionNN,HAM-0010,2,42,873,0,0.012302194721996784
FusionNN,SPAM-0390,4,42,874,1,0.9974254965782166
FusionNN,HAM-0297,3,42,875,0,0.003121440066024661
FusionNN,HAM-0191,5,42,877,0,0.005154722835868597
FusionNN,SPAM-0008,3,42,878,1,0.9976227879524231
FusionNN,SPAM-0307,1,42,879,1,0.9946838021278381
FusionNN,HAM-0407,2,42,880,0,0.008096965029835701
FusionNN,HAM-0038,4,42,882,0,0.002933718264102936
FusionNN,HAM-0181,5,42,883,0,0.0023622068110853434
FusionNN,SPAM-0358,1,42,884,1,0.9953902959823608
FusionNN,HAM-0428,2,42,885,0,0.00947906170040369
FusionNN,HAM-0039,3,42,887,0,0.003517082193866372
FusionNN,SPAM-0371,4,42,888,1,0.9976790547370911
FusionNN,SPAM-0241,5,42,889,1,0.9981315732002258
FusionNN,SPAM-0257,4,42,890,1,0.9082134366035461
FusionNN,SPAM-0048,2,42,891,1,0.997718870639801
FusionNN,SPAM-0471,4,42,893,1,0.9966009259223938
FusionNN,SPAM-0168,1,42,894,1,0.9944936633110046
FusionNN,HAM-0092,3,42,895,0,0.0035337312147021294
FusionNN,SPAM-0288,5,42,896,1,0.9989274144172668
FusionNN,SPAM-0162,1,42,898,1,0.9924667477607727
FusionNN,HAM-0293,3,42,899,0,0.002652609022334218
FusionNN,HAM-0329,2,42,900,0,0.0055745248682796955
FusionNN,SPAM-0458,4,42,901,1,0.9972158670425415
FusionNN,HAM-0205,5,42,903,0,0.0042461552657186985
FusionNN,SPAM-0167,1,42,904,1,0.9946272969245911
FusionNN,HAM-0489,2,42,905,0,0.009884371422231197
FusionNN,SPAM-0400,3,42,907,1,0.996440589427948
FusionNN,SPAM-0402,4,42,908,1,0.9975414276123047
FusionNN,SPAM-0169,5,42,909,1,0.9988473653793335
FusionNN,HAM-0417,1,42,910,0,0.000996750663034618
FusionNN,HAM-0162,5,42,911,0,0.0019324098248034716
FusionNN,HAM-0006,2,42,913,0,0.0061191837303340435
FusionNN,SPAM-0440,3,42,914,1,0.9980165958404541
FusionNN,SPAM-0489,4,42,915,1,0.9975594282150269
FusionNN,SPAM-0198,1,42,916,1,0.9949797987937927
FusionNN,HAM-0484,3,42,918,0,0.004514588508754969
FusionNN,SPAM-0235,5,42,919,1,0.9988724589347839
FusionNN,HAM-0339,4,42,920,0,0.0024683047086000443
FusionNN,HAM-0424,2,42,921,0,0.0057795364409685135
FusionNN,HAM-0103,1,42,922,0,0.0008688567904755473
FusionNN,HAM-0239,2,42,924,0,0.00690164789557457
FusionNN,SPAM-0154,4,42,567,1,0.9972309470176697
FusionNN,HAM-0232,3,42,925,0,0.003749091411009431
FusionNN,SPAM-0044,4,42,926,1,0.9975226521492004
FusionNN,SPAM-0427,5,42,927,1,0.9980491399765015
FusionNN,HAM-0052,2,42,929,0,0.006120399571955204
FusionNN,HAM-0249,1,42,930,0,0.0010665308218449354
FusionNN,HAM-0246,3,42,931,0,0.0031037277076393366
FusionNN,SPAM-0101,4,42,932,1,0.9951102137565613
FusionNN,SPAM-0131,5,42,934,1,0.9978007674217224
FusionNN,HAM-0112,3,42,935,0,0.003820805111899972
FusionNN,HAM-0141,5,42,936,0,0.0018485764740034938
FusionNN,HAM-0279,4,42,937,0,0.0015747778816148639
FusionNN,SPAM-0076,1,42,939,1,0.9933251738548279
FusionNN,HAM-0278,2,42,940,0,0.005399773363023996
FusionNN,SPAM-0052,4,42,941,1,0.9976997971534729
FusionNN,HAM-0207,1,42,943,0,0.0008274342981167138
FusionNN,HAM-0220,2,42,944,0,0.007690150290727615
FusionNN,HAM-0491,3,42,945,0,0.004542862996459007
FusionNN,SPAM-0266,5,42,946,1,0.9985256791114807
FusionNN,HAM-0263,1,42,947,0,0.0009394724620506167
FusionNN,HAM-0453,2,42,949,0,0.006413005758076906
FusionNN,SPAM-0447,3,42,950,1,0.9974563717842102
FusionNN,HAM-0355,4,42,951,0,0.0016505395760759711
FusionNN,HAM-0081,1,42,513,0,0.9065707325935364
FusionNN,SPAM-0473,5,42,953,1,0.9986808896064758
FusionNN,HAM-0044,5,42,954,0,0.001851391512900591
FusionNN,HAM-0298,1,42,955,0,0.0007333889952860773
FusionNN,HAM-0150,2,42,956,0,0.005851988214999437
FusionNN,SPAM-0292,3,42,958,1,0.9976154565811157
FusionNN,HAM-0354,4,42,959,0,0.0019352131057530642
FusionNN,SPAM-0339,1,42,960,1,0.9944896697998047
FusionNN,HAM-0405,2,42,961,0,0.007840079255402088
FusionNN,SPAM-0418,5,42,962,1,0.9980582594871521
FusionNN,HAM-0389,3,42,963,0,0.003136882558465004
FusionNN,SPAM-0193,4,42,965,1,0.9974775910377502
FusionNN,SPAM-0088,3,42,966,1,0.9975934624671936
FusionNN,HAM-0125,1,42,967,0,0.0008286706870421767
FusionNN,HAM-0281,2,42,969,0,0.005808589514344931
FusionNN,SPAM-0239,4,42,970,1,0.9969466328620911
FusionNN,SPAM-0315,5,42,971,1,0.9987950325012207
FusionNN,SPAM-0478,3,42,972,1,0.997552216053009
FusionNN,SPAM-0074,5,42,974,1,0.9984772801399231
FusionNN,HAM-0358,4,42,975,0,0.0017632825765758753
FusionNN,HAM-0492,1,42,976,0,0.0010572271421551704
FusionNN,HAM-0325,2,42,977,0,0.0073119476437568665
FusionNN,SPAM-0001,3,42,978,1,0.9976434111595154
FusionNN,SPAM-0487,4,42,979,1,0.992790937423706
FusionNN,HAM-0213,1,42,981,0,0.0010442771017551422
FusionNN,SPAM-0222,5,42,982,1,0.99837327003479
FusionNN,SPAM-0290,2,42,984,1,0.9962009787559509
FusionNN,HAM-0305,1,42,985,0,0.0008259942987933755
FusionNN,SPAM-0465,2,42,986,1,0.9971223473548889
FusionNN,HAM-0231,3,42,987,0,0.0027083996683359146
FusionNN,HAM-0306,4,42,988,0,0.0016487898537889123
FusionNN,HAM-0286,5,42,990,0,0.0020296729635447264
FusionNN,HAM-0253,1,42,991,0,0.0008142204023897648
FusionNN,SPAM-0481,2,42,992,1,0.9978578686714172
FusionNN,HAM-0496,3,42,994,0,0.0031804905738681555
FusionNN,SPAM-0125,4,42,995,1,0.9851234555244446
LR-TFIDF,SPAM-0217,3,42,0,1,0.41244015097618103
LR-TFIDF,HAM-0326,5,42,1,0,0.5123143792152405
LR-TFIDF,SPAM-0350,3,42,2,1,0.5344896912574768
LR-TFIDF,SPAM-0355,5,42,3,1,0.4544571340084076
LR-TFIDF,HAM-0073,2,42,5,0,0.4847583770751953
LR-TFIDF,HAM-0002,3,42,6,0,0.3647463917732239
LR-TFIDF,SPAM-0110,1,42,7,1,0.4974291920661926
LR-TFIDF,HAM-0432,4,42,8,0,0.47783011198043823
LR-TFIDF,SPAM-0351,5,42,10,1,0.6384409070014954
LR-TFIDF,HAM-0436,2,42,11,0,0.4538678526878357
LR-TFIDF,HAM-0309,1,42,12,0,0.41697967052459717
LR-TFIDF,HAM-0020,3,42,13,0,0.45164188742637634
LR-TFIDF,SPAM-0148,5,42,14,1,0.4761684834957123
LR-TFIDF,HAM-0177,4,42,16,0,0.5723288655281067
LR-TFIDF,HAM-0146,4,42,17,0,0.37702298164367676
LR-TFIDF,SPAM-0354,1,42,18,1,0.5810625553131104
LR-TFIDF,SPAM-0280,2,42,19,1,0.5082021951675415
LR-TFIDF,HAM-0487,3,42,21,0,0.34272775053977966
LR-TFIDF,SPAM-0152,5,42,22,1,0.551478385925293
LR-TFIDF,HAM-0179,2,42,23,0,0.49964380264282227
LR-TFIDF,HAM-0350,1,42,25,0,0.4639981687068939
LR-TFIDF,HAM-0410,4,42,26,0,0.449311763048172
LR-TFIDF,HAM-0260,3,42,27,0,0.4278009831905365
LR-TFIDF,HAM-0013,5,42,28,0,0.4266482889652252
LR-TFIDF,SPAM-0174,3,42,30,1,0.48780015110969543
LR-TFIDF,HAM-0219,1,42,31,0,0.4800334572792053
LR-TFIDF,SPAM-0395,2,42,32,1,0.5895586609840393
LR-TFIDF,SPAM-0163,4,42,33,1,0.7516262531280518
LR-TFIDF,HAM-0126,5,42,34,0,0.46498867869377136
LR-TFIDF,SPAM-0128,2,42,36,1,0.5283004641532898
LR-TFIDF,HAM-0021,1,42,37,0,0.3676074743270874
LR-TFIDF,HAM-0409,3,42,38,0,0.37101972103118896
LR-TFIDF,SPAM-0234,5,42,40,1,0.5415911078453064
LR-TFIDF,HAM-0443,4,42,41,0,0.3414713740348816
LR-TFIDF,HAM-0469,1,42,42,0,0.4228857457637787
LR-TFIDF,HAM-0100,2,42,43,0,0.4715232253074646
LR-TFIDF,SPAM-0330,3,42,45,1,0.46555283665657043
LR-TFIDF,SPAM-0242,4,42,46,1,0.5507413744926453
LR-TFIDF,SPAM-0022,5,42,47,1,0.5752565860748291
LR-TFIDF,SPAM-0100,1,42,48,1,0.6505367755889893
LR-TFIDF,HAM-0032,2,42,49,0,0.4844886362552643
LR-TFIDF,HAM-0102,3,42,51,0,0.43838798999786377
LR-TFIDF,SPAM-0080,4,42,52,1,0.522081196308136
LR-TFIDF,SPAM-0112,5,42,53,1,0.7295302152633667
LR-TFIDF,HAM-0476,5,42,54,0,0.3697139620780945
LR-TFIDF,SPAM-0430,1,42,56,1,0.5682739615440369
LR-TFIDF,SPAM-0370,2,42,57,1,0.6248912811279297
LR-TFIDF,SPAM-0404,4,42,58,1,0.5059844851493835
LR-TFIDF,SPAM-0367,3,42,60,1,0.5318650007247925
LR-TFIDF,HAM-0343,2,42,61,0,0.4372383952140808
LR-TFIDF,SPAM-0238,1,42,62,1,0.540077805519104
LR-TFIDF,SPAM-0145,3,42,63,1,0.60107421875
LR-TFIDF,SPAM-0491,4,42,65,1,0.4276392459869385
LR-TFIDF,SPAM-0059,5,42,66,1,0.47613176703453064
LR-TFIDF,SPAM-0199,1,42,67,1,0.5983325242996216
LR-TFIDF,HAM-0314,3,42,68,0,0.5166506767272949
LR-TFIDF,HAM-0265,4,42,70,0,0.4116605520248413
LR-TFIDF,SPAM-0228,2,42,71,1,0.4504483938217163
LR-TFIDF,HAM-0160,5,42,72,0,0.3693881034851074
LR-TFIDF,SPAM-0446,1,42,73,1,0.499455988407135
LR-TFIDF,HAM-0464,3,42,74,0,0.49164485931396484
LR-TFIDF,HAM-0299,2,42,76,0,0.3998788893222809
LR-TFIDF,SPAM-0382,4,42,77,1,0.512761652469635
LR-TFIDF,SPAM-0372,5,42,78,1,0.4821587800979614
LR-TFIDF,SPAM-0499,1,42,79,1,0.5372866988182068
LR-TFIDF,HAM-0378,2,42,81,0,0.4522579610347748
LR-TFIDF,SPAM-0295,3,42,82,1,0.3855043649673462
LR-TFIDF,SPAM-0326,4,42,83,1,0.6411932706832886
LR-TFIDF,SPAM-0133,5,42,84,1,0.6972571015357971
LR-TFIDF,HAM-0034,2,42,86,0,0.41813212633132935
LR-TFIDF,SPAM-0349,1,42,87,1,0.5360984206199646
LR-TFIDF,HAM-0059,4,42,88,0,0.34949493408203125
LR-TFIDF,SPAM-0428,3,42,90,1,0.5382019281387329
LR-TFIDF,HAM-0245,5,42,91,0,0.4898800551891327
LR-TFIDF,SPAM-0094,4,42,92,1,0.5188772082328796
LR-TFIDF,SPAM-0353,1,42,93,1,0.5361972451210022
LR-TFIDF,HAM-0404,3,42,95,0,0.43870070576667786
LR-TFIDF,SPAM-0127,5,42,96,1,0.5537631511688232
LR-TFIDF,SPAM-0479,2,42,97,1,0.5254820585250854
LR-TFIDF,HAM-0233,2,42,98,0,0.44462668895721436
LR-TFIDF,SPAM-0190,1,42,99,1,0.5909417867660522
LR-TFIDF,HAM-0132,3,42,101,0,0.498517245054245
LR-TFIDF,SPAM-0359,4,42,102,1,0.4716091454029083
LR-TFIDF,HAM-0001,5,42,103,0,0.36780351400375366
LR-TFIDF,SPAM-0108,1,42,104,1,0.5022276043891907
LR-TFIDF,SPAM-0362,3,42,106,1,0.7498137950897217
LR-TFIDF,SPAM-0150,2,42,107,1,0.4927028715610504
LR-TFIDF,HAM-0176,4,42,108,0,0.43898457288742065
LR-TFIDF,SPAM-0391,5,42,109,1,0.5987568497657776
LR-TFIDF,SPAM-0143,2,42,110,1,0.5758346319198608
LR-TFIDF,HAM-0388,4,42,112,0,0.4510955214500427
LR-TFIDF,HAM-0056,1,42,113,0,0.5103476047515869
LR-TFIDF,HAM-0334,3,42,115,0,0.338530957698822
LR-TFIDF,SPAM-0258,5,42,116,1,0.6061924695968628
LR-TFIDF,SPAM-0442,1,42,117,1,0.5743345618247986
LR-TFIDF,SPAM-0095,3,42,118,1,0.5130030512809753
LR-TFIDF,HAM-0397,2,42,119,0,0.4243490993976593
LR-TFIDF,SPAM-0386,4,42,120,1,0.7818756103515625
LR-TFIDF,SPAM-0107,5,42,122,1,0.5820028185844421
LR-TFIDF,HAM-0324,2,42,123,0,0.42806297540664673
LR-TFIDF,SPAM-0466,1,42,125,1,0.6294530630111694
LR-TFIDF,SPAM-0287,3,42,126,1,0.4912838935852051
LR-TFIDF,SPAM-0204,4,42,127,1,0.4499935209751129
LR-TFIDF,SPAM-0412,5,42,128,1,0.45731163024902344
LR-TFIDF,SPAM-0024,4,42,130,1,0.47270825505256653
LR-TFIDF,SPAM-0277,1,42,131,1,0.4863106906414032
LR-TFIDF,SPAM-0123,2,42,132,1,0.7958763837814331
LR-TFIDF,SPAM-0416,5,42,133,1,0.6508440375328064
LR-TFIDF,HAM-0186,3,42,135,0,0.5443278551101685
LR-TFIDF,HAM-0473,3,42,136,0,0.39714688062667847
LR-TFIDF,HAM-0366,1,42,137,0,0.3933551609516144
LR-TFIDF,HAM-0082,2,42,138,0,0.45334765315055847
LR-TFIDF,HAM-0455,4,42,139,0,0.4968814253807068
LR-TFIDF,HAM-0459,5,42,140,0,0.4771256446838379
LR-TFIDF,SPAM-0470,3,42,142,1,0.5928799510002136
LR-TFIDF,HAM-0451,1,42,143,0,0.42254361510276794
LR-TFIDF,HAM-0134,2,42,145,0,0.4999679923057556
LR-TFIDF,HAM-0323,4,42,146,0,0.33930718898773193
LR-TFIDF,HAM-0364,5,42,147,0,0.40186211466789246
LR-TFIDF,SPAM-0220,1,42,148,1,0.5955760478973389
LR-TFIDF,SPAM-0263,2,42,149,1,0.5624116063117981
LR-TFIDF,HAM-0090,3,42,150,0,0.4766708314418793
LR-TFIDF,SPAM-0294,4,42,152,1,0.47466662526130676
LR-TFIDF,SPAM-0409,5,42,153,1,0.5871800780296326
LR-TFIDF,SPAM-0227,1,42,154,1,0.4901898205280304
LR-TFIDF,HAM-0027,2,42,156,0,0.460191935300827
LR-TFIDF,HAM-0396,3,42,157,0,0.4701075553894043
LR-TFIDF,HAM-0241,4,42,158,0,0.4696371555328369
LR-TFIDF,SPAM-0333,5,42,159,1,0.56593918800354
LR-TFIDF,HAM-0437,1,42,161,0,0.46765056252479553
LR-TFIDF,HAM-0151,2,42,162,0,0.4660390019416809
LR-TFIDF,HAM-0499,3,42,163,0,0.37395963072776794
LR-TFIDF,SPAM-0067,4,42,165,1,0.4846799373626709
LR-TFIDF,HAM-0494,5,42,166,0,0.45385584235191345
LR-TFIDF,HAM-0363,4,42,167,0,0.449656218290329
LR-TFIDF,SPAM-0206,1,42,168,1,0.48379307985305786
LR-TFIDF,HAM-0143,2,42,170,0,0.39348337054252625
LR-TFIDF,HAM-0133,3,42,171,0,0.42546337842941284
LR-TFIDF,SPAM-0188,5,42,172,1,0.5501479506492615
LR-TFIDF,SPAM-0240,3,42,173,1,0.5195841789245605
LR-TFIDF,HAM-0026,4,42,175,0,0.391938716173172
LR-TFIDF,HAM-0500,1,42,176,0,0.45009398460388184
LR-TFIDF,HAM-0441,5,42,177,0,0.4632161259651184
LR-TFIDF,HAM-0111,2,42,178,0,0.4560220539569855
LR-TFIDF,HAM-0085,5,42,179,0,0.38850119709968567
LR-TFIDF,HAM-0395,1,42,181,0,0.38604775071144104
LR-TFIDF,SPAM-0027,2,42,182,1,0.6437403559684753
LR-TFIDF,HAM-0188,3,42,183,0,0.4475460946559906
LR-TFIDF,SPAM-0494,4,42,184,1,0.5391104221343994
LR-TFIDF,SPAM-0282,1,42,186,1,0.5317211747169495
LR-TFIDF,HAM-0166,2,42,187,0,0.43121084570884705
LR-TFIDF,SPAM-0342,5,42,188,1,0.50702965259552
LR-TFIDF,SPAM-0251,3,42,189,1,0.597332775592804
LR-TFIDF,SPAM-0187,4,42,191,1,0.5504787564277649
LR-TFIDF,SPAM-0260,3,42,192,1,0.5075147151947021
LR-TFIDF,SPAM-0114,4,42,193,1,0.620189905166626
LR-TFIDF,HAM-0452,1,42,194,0,0.2968990206718445
LR-TFIDF,SPAM-0373,2,42,196,1,0.6121842265129089
LR-TFIDF,SPAM-0460,5,42,197,1,0.49328845739364624
LR-TFIDF,SPAM-0129,2,42,198,1,0.5534404516220093
LR-TFIDF,HAM-0093,3,42,199,0,0.5316542983055115
LR-TFIDF,HAM-0266,1,42,201,0,0.3197815716266632
LR-TFIDF,HAM-0108,4,42,202,0,0.38131213188171387
LR-TFIDF,SPAM-0429,5,42,203,1,0.5280558466911316
LR-TFIDF,SPAM-0002,1,42,204,1,0.4553249776363373
LR-TFIDF,HAM-0372,4,42,206,0,0.364836186170578
LR-TFIDF,SPAM-0226,2,42,207,1,0.5839791297912598
LR-TFIDF,HAM-0123,3,42,208,0,0.4214242398738861
LR-TFIDF,SPAM-0231,5,42,209,1,0.654133141040802
LR-TFIDF,HAM-0019,3,42,211,0,0.44402819871902466
LR-TFIDF,HAM-0097,1,42,212,0,0.4631555676460266
LR-TFIDF,SPAM-0299,2,42,213,1,0.5614632368087769
LR-TFIDF,HAM-0422,4,42,214,0,0.5339712500572205
LR-TFIDF,HAM-0288,5,42,216,0,0.4624229967594147
LR-TFIDF,SPAM-0318,1,42,217,1,0.5149262547492981
LR-TFIDF,HAM-0065,5,42,218,0,0.46906182169914246
LR-TFIDF,HAM-0078,2,42,220,0,0.4286593794822693
LR-TFIDF,SPAM-0005,3,42,221,1,0.849753737449646
LR-TFIDF,HAM-0036,4,42,222,0,0.4719439446926117
LR-TFIDF,HAM-0128,2,42,223,0,0.47574928402900696
LR-TFIDF,HAM-0105,1,42,225,0,0.4563464820384979
LR-TFIDF,SPAM-0252,3,42,226,1,0.4929351806640625
LR-TFIDF,HAM-0345,4,42,227,0,0.4366626441478729
LR-TFIDF,HAM-0218,5,42,228,0,0.3627532720565796
LR-TFIDF,SPAM-0325,5,42,229,1,0.5481112599372864
LR-TFIDF,HAM-0381,1,42,231,0,0.31168559193611145
LR-TFIDF,SPAM-0486,2,42,232,1,0.42317864298820496
LR-TFIDF,SPAM-0488,3,42,233,1,0.6905068755149841
LR-TFIDF,HAM-0113,4,42,235,0,0.43025392293930054
LR-TFIDF,SPAM-0426,1,42,236,1,0.5565420985221863
LR-TFIDF,HAM-0320,3,42,237,0,0.38753530383110046
LR-TFIDF,SPAM-0467,2,42,238,1,0.542218804359436
LR-TFIDF,HAM-0313,4,42,240,0,0.4496520459651947
LR-TFIDF,SPAM-0327,5,42,241,1,0.5107282400131226
LR-TFIDF,SPAM-0065,5,42,242,1,0.45782819390296936
LR-TFIDF,HAM-0375,1,42,243,0,0.4481251537799835
LR-TFIDF,HAM-0356,2,42,244,0,0.4586045444011688
LR-TFIDF,HAM-0367,3,42,245,0,0.4257597029209137
LR-TFIDF,SPAM-0433,4,42,247,1,0.5283529758453369
LR-TFIDF,HAM-0145,1,42,248,0,0.536647617816925
LR-TFIDF,SPAM-0431,2,42,249,1,0.583947479724884
LR-TFIDF,SPAM-0243,5,42,251,1,0.5423241853713989
LR-TFIDF,HAM-0448,3,42,252,0,0.47118502855300903
LR-TFIDF,HAM-0202,4,42,253,0,0.4514976441860199
LR-TFIDF,SPAM-0103,4,42,254,1,0.5304582715034485
LR-TFIDF,SPAM-0335,1,42,256,1,0.47445040941238403
LR-TFIDF,HAM-0373,2,42,257,0,0.4752025604248047
LR-TFIDF,SPAM-0031,3,42,258,1,0.8560652136802673
LR-TFIDF,HAM-0312,5,42,260,0,0.4482576847076416
LR-TFIDF,SPAM-0301,1,42,261,1,0.8252333402633667
LR-TFIDF,SPAM-0200,2,42,262,1,0.4292621910572052
LR-TFIDF,HAM-0091,3,42,263,0,0.3404598832130432
LR-TFIDF,SPAM-0069,4,42,265,1,0.5313233137130737
LR-TFIDF,SPAM-0420,5,42,266,1,0.43560439348220825
LR-TFIDF,HAM-0165,1,42,267,0,0.3955557346343994
LR-TFIDF,SPAM-0104,3,42,268,1,0.5505883693695068
LR-TFIDF,SPAM-0361,2,42,269,1,0.5358820557594299
LR-TFIDF,HAM-0172,5,42,271,0,0.5415859222412109
LR-TFIDF,HAM-0226,4,42,272,0,0.46756452322006226
LR-TFIDF,SPAM-0253,1,42,273,1,0.5400406718254089
LR-TFIDF,HAM-0171,2,42,275,0,0.4212174117565155
LR-TFIDF,HAM-0203,4,42,276,0,0.5176897644996643
LR-TFIDF,HAM-0497,3,42,277,0,0.34952911734580994
LR-TFIDF,HAM-0156,5,42,278,0,0.4192635416984558
LR-TFIDF,SPAM-0298,5,42,279,1,0.5603495836257935
LR-TFIDF,HAM-0340,1,42,280,0,0.5419948697090149
LR-TFIDF,SPAM-0216,2,42,282,1,0.5078851580619812
LR-TFIDF,SPAM-0177,3,42,283,1,0.50699383020401
LR-TFIDF,HAM-0129,4,42,285,0,0.4090385138988495
LR-TFIDF,HAM-0449,2,42,286,0,0.4409900903701782
LR-TFIDF,HAM-0400,3,42,287,0,0.4853264391422272
LR-TFIDF,SPAM-0025,5,42,288,1,0.7706305384635925
LR-TFIDF,HAM-0399,5,42,289,0,0.36255982518196106
LR-TFIDF,HAM-0142,1,42,291,0,0.3986464738845825
LR-TFIDF,SPAM-0205,4,42,292,1,0.5622013807296753
LR-TFIDF,HAM-0086,1,42,293,0,0.6099529266357422
LR-TFIDF,SPAM-0085,2,42,295,1,0.6405853629112244
LR-TFIDF,SPAM-0496,3,42,296,1,0.5589951276779175
LR-TFIDF,HAM-0456,4,42,297,0,0.5154662728309631
LR-TFIDF,SPAM-0014,4,42,298,1,0.5249195694923401
LR-TFIDF,HAM-0348,1,42,299,0,0.4398975074291229
LR-TFIDF,HAM-0304,2,42,301,0,0.4511839747428894
LR-TFIDF,HAM-0482,3,42,302,0,0.3473573625087738
LR-TFIDF,HAM-0087,5,42,303,0,0.46556356549263
LR-TFIDF,HAM-0267,1,42,304,0,0.5514335036277771
LR-TFIDF,SPAM-0314,2,42,306,1,0.4309386909008026
LR-TFIDF,HAM-0287,5,42,307,0,0.47508499026298523
LR-TFIDF,SPAM-0464,3,42,308,1,0.517155110836029
LR-TFIDF,HAM-0199,4,42,309,0,0.4819216728210449
LR-TFIDF,SPAM-0046,1,42,311,1,0.5220445990562439
LR-TFIDF,HAM-0493,2,42,312,0,0.41346117854118347
LR-TFIDF,SPAM-0341,3,42,313,1,0.4714375436306
LR-TFIDF,SPAM-0356,4,42,314,1,0.5715863108634949
LR-TFIDF,SPAM-0305,5,42,316,1,0.5719872117042542
LR-TFIDF,HAM-0444,5,42,317,0,0.4051581025123596
LR-TFIDF,HAM-0362,1,42,318,0,0.38236844539642334
LR-TFIDF,SPAM-0156,2,42,320,1,0.4736262559890747
LR-TFIDF,HAM-0014,3,42,321,0,0.3924454152584076
LR-TFIDF,HAM-0447,4,42,322,0,0.4054636061191559
LR-TFIDF,SPAM-0445,1,42,323,1,0.5965911149978638
LR-TFIDF,SPAM-0451,4,42,324,1,0.6037283539772034
LR-TFIDF,SPAM-0495,2,42,326,1,0.720335841178894
LR-TFIDF,HAM-0230,5,42,327,0,0.5404588580131531
LR-TFIDF,SPAM-0054,3,42,328,1,0.6455626487731934
LR-TFIDF,HAM-0045,1,42,330,0,0.4694759249687195
LR-TFIDF,HAM-0068,2,42,331,0,0.3896872103214264
LR-TFIDF,SPAM-0089,3,42,332,1,0.595207691192627
LR-TFIDF,HAM-0467,4,42,333,0,0.42838120460510254
LR-TFIDF,HAM-0228,5,42,335,0,0.38942813873291016
LR-TFIDF,HAM-0158,1,42,336,0,0.455626904964447
LR-TFIDF,HAM-0003,2,42,337,0,0.4638887047767639
LR-TFIDF,SPAM-0394,4,42,338,1,0.5689375400543213
LR-TFIDF,SPAM-0209,5,42,340,1,0.49526503682136536
LR-TFIDF,HAM-0163,3,42,341,0,0.39408642053604126
LR-TFIDF,HAM-0394,3,42,342,0,0.4343887269496918
LR-TFIDF,SPAM-0322,1,42,343,1,0.4932028651237488
LR-TFIDF,HAM-0421,2,42,345,0,0.5043846368789673
LR-TFIDF,HAM-0079,4,42,346,0,0.4565241038799286
LR-TFIDF,SPAM-0436,5,42,347,1,0.5271306037902832
LR-TFIDF,HAM-0433,1,42,348,0,0.3371535539627075
LR-TFIDF,HAM-0127,2,42,350,0,0.4487030506134033
LR-TFIDF,HAM-0152,4,42,351,0,0.42645618319511414
LR-TFIDF,SPAM-0007,3,42,352,1,0.6063783764839172
LR-TFIDF,SPAM-0459,5,42,353,1,0.4211012125015259
LR-TFIDF,SPAM-0096,3,42,355,1,0.4820978045463562
LR-TFIDF,HAM-0300,1,42,356,0,0.3901088535785675
LR-TFIDF,HAM-0349,2,42,357,0,0.517844021320343
LR-TFIDF,HAM-0096,5,42,358,0,0.45662787556648254
LR-TFIDF,HAM-0222,4,42,359,0,0.42650261521339417
LR-TFIDF,HAM-0284,4,42,361,0,0.3768037259578705
LR-TFIDF,SPAM-0192,1,42,362,1,0.38679078221321106
LR-TFIDF,HAM-0117,2,42,363,0,0.4869782030582428
LR-TFIDF,SPAM-0270,3,42,365,1,0.367122620344162
LR-TFIDF,HAM-0140,5,42,366,0,0.4218864142894745
LR-TFIDF,SPAM-0482,2,42,367,1,0.5645044445991516
LR-TFIDF,SPAM-0077,1,42,368,1,0.5233655571937561
LR-TFIDF,HAM-0401,3,42,370,0,0.39330658316612244
LR-TFIDF,SPAM-0490,4,42,371,1,0.5158867835998535
LR-TFIDF,SPAM-0302,5,42,372,1,0.40039944648742676
LR-TFIDF,SPAM-0139,3,42,373,1,0.5949512720108032
LR-TFIDF,HAM-0175,1,42,374,0,0.45050281286239624
LR-TFIDF,HAM-0119,2,42,376,0,0.4275517165660858
LR-TFIDF,SPAM-0035,4,42,377,1,0.4744991958141327
LR-TFIDF,HAM-0051,5,42,378,0,0.44498777389526367
LR-TFIDF,HAM-0028,1,42,379,0,0.3861590623855591
LR-TFIDF,HAM-0178,5,42,380,0,0.35533633828163147
LR-TFIDF,HAM-0257,2,42,382,0,0.46015089750289917
LR-TFIDF,HAM-0462,3,42,383,0,0.465321809053421
LR-TFIDF,SPAM-0264,4,42,384,1,0.6903166770935059
LR-TFIDF,HAM-0072,1,42,386,0,0.4357995390892029
LR-TFIDF,HAM-0379,2,42,387,0,0.5468583703041077
LR-TFIDF,SPAM-0256,4,42,388,1,0.5252935290336609
LR-TFIDF,SPAM-0102,3,42,390,1,0.5115978121757507
LR-TFIDF,HAM-0277,5,42,391,0,0.47319266200065613
LR-TFIDF,HAM-0347,1,42,392,0,0.44294682145118713
LR-TFIDF,HAM-0200,2,42,393,0,0.3577180504798889
LR-TFIDF,SPAM-0030,4,42,395,1,0.42961210012435913
LR-TFIDF,SPAM-0463,5,42,396,1,0.3604108393192291
LR-TFIDF,HAM-0454,3,42,398,0,0.380893349647522
LR-TFIDF,HAM-0040,1,42,399,0,0.344544917345047
LR-TFIDF,HAM-0365,2,42,401,0,0.45791688561439514
LR-TFIDF,SPAM-0116,3,42,402,1,0.6643461585044861
LR-TFIDF,HAM-0074,4,42,403,0,0.5154032707214355
LR-TFIDF,HAM-0301,5,42,404,0,0.39205020666122437
LR-TFIDF,HAM-0486,1,42,406,0,0.33588260412216187
LR-TFIDF,SPAM-0414,2,42,407,1,0.5109192728996277
LR-TFIDF,SPAM-0056,4,42,408,1,0.47331854701042175
LR-TFIDF,HAM-0445,3,42,409,0,0.37855738401412964
LR-TFIDF,HAM-0289,5,42,411,0,0.4355217516422272
LR-TFIDF,SPAM-0441,5,42,412,1,0.4790765047073364
LR-TFIDF,SPAM-0182,1,42,413,1,0.5702806115150452
LR-TFIDF,SPAM-0250,2,42,414,1,0.535302996635437
LR-TFIDF,SPAM-0185,3,42,416,1,0.4838642477989197
LR-TFIDF,SPAM-0208,4,42,417,1,0.5518917441368103
LR-TFIDF,HAM-0439,3,42,418,0,0.35066214203834534
LR-TFIDF,HAM-0291,4,42,419,0,0.4431760609149933
LR-TFIDF,SPAM-0175,1,42,420,1,0.5868535041809082
LR-TFIDF,HAM-0109,2,42,421,0,0.4888461232185364
LR-TFIDF,HAM-0022,5,42,423,0,0.3460080921649933
LR-TFIDF,HAM-0271,1,42,424,0,0.4686875641345978
LR-TFIDF,SPAM-0160,3,42,426,1,0.4933355748653412
LR-TFIDF,HAM-0170,2,42,427,0,0.5290598273277283
LR-TFIDF,HAM-0402,4,42,428,0,0.39018985629081726
LR-TFIDF,HAM-0331,5,42,429,0,0.43612056970596313
LR-TFIDF,SPAM-0344,1,42,430,1,0.6374616026878357
LR-TFIDF,HAM-0043,4,42,432,0,0.42887401580810547
LR-TFIDF,HAM-0088,2,42,433,0,0.42077234387397766
LR-TFIDF,HAM-0360,3,42,434,0,0.42638128995895386
LR-TFIDF,SPAM-0365,5,42,436,1,0.5077547430992126
LR-TFIDF,HAM-0029,1,42,437,0,0.5050033926963806
LR-TFIDF,HAM-0244,4,42,438,0,0.38669830560684204
LR-TFIDF,HAM-0495,2,42,439,0,0.4525391757488251
LR-TFIDF,SPAM-0075,3,42,441,1,0.46251362562179565
LR-TFIDF,SPAM-0202,5,42,442,1,0.7753024101257324
LR-TFIDF,HAM-0048,1,42,443,0,0.531716525554657
LR-TFIDF,SPAM-0180,2,42,444,1,0.5563101768493652
LR-TFIDF,HAM-0333,5,42,446,0,0.5659898519515991
LR-TFIDF,HAM-0440,3,42,447,0,0.4502999782562256
LR-TFIDF,HAM-0335,4,42,448,0,0.494617760181427
LR-TFIDF,HAM-0042,1,42,449,0,0.5104684233665466
LR-TFIDF,SPAM-0091,1,42,451,1,0.49438562989234924
LR-TFIDF,HAM-0351,2,42,452,0,0.3043602705001831
LR-TFIDF,SPAM-0254,3,42,453,1,0.448545902967453
LR-TFIDF,SPAM-0171,4,42,454,1,0.5554544925689697
LR-TFIDF,SPAM-0472,5,42,456,1,0.5683753490447998
LR-TFIDF,SPAM-0068,2,42,457,1,0.5936778783798218
LR-TFIDF,SPAM-0122,4,42,458,1,0.6408874988555908
LR-TFIDF,SPAM-0393,5,42,459,1,0.5970710515975952
LR-TFIDF,SPAM-0009,1,42,460,1,0.7582460045814514
LR-TFIDF,SPAM-0086,3,42,461,1,0.5704395174980164
LR-TFIDF,HAM-0408,1,42,463,0,0.5251851677894592
LR-TFIDF,SPAM-0196,2,42,464,1,0.47853556275367737
LR-TFIDF,HAM-0182,3,42,465,0,0.3862745761871338
LR-TFIDF,HAM-0130,4,42,467,0,0.5381627678871155
LR-TFIDF,HAM-0270,5,42,468,0,0.36040568351745605
LR-TFIDF,HAM-0318,1,42,469,0,0.5627380609512329
LR-TFIDF,HAM-0099,2,42,470,0,0.38545989990234375
LR-TFIDF,HAM-0124,3,42,471,0,0.3427366316318512
LR-TFIDF,HAM-0269,5,42,473,0,0.45186859369277954
LR-TFIDF,SPAM-0020,4,42,474,1,0.5146029591560364
LR-TFIDF,HAM-0471,1,42,475,0,0.40521934628486633
LR-TFIDF,SPAM-0398,2,42,477,1,0.6232357025146484
LR-TFIDF,SPAM-0283,3,42,478,1,0.5191441178321838
LR-TFIDF,HAM-0413,4,42,479,0,0.45990368723869324
LR-TFIDF,HAM-0221,5,42,480,0,0.3092048168182373
LR-TFIDF,SPAM-0480,2,42,482,1,0.5367104411125183
LR-TFIDF,SPAM-0413,1,42,483,1,0.5765523314476013
LR-TFIDF,HAM-0258,4,42,484,0,0.46281489729881287
LR-TFIDF,SPAM-0497,3,42,485,1,0.5689656138420105
LR-TFIDF,SPAM-0138,5,42,486,1,0.5510268807411194
LR-TFIDF,SPAM-0363,1,42,488,1,0.509211003780365
LR-TFIDF,HAM-0370,2,42,489,0,0.49681058526039124
LR-TFIDF,HAM-0272,3,42,490,0,0.43167123198509216
LR-TFIDF,SPAM-0019,4,42,492,1,0.4365612864494324
LR-TFIDF,SPAM-0247,5,42,493,1,0.497723251581192
LR-TFIDF,SPAM-0173,3,42,494,1,0.5884911417961121
LR-TFIDF,HAM-0273,2,42,495,0,0.459758996963501
LR-TFIDF,HAM-0009,4,42,497,0,0.4546333849430084
LR-TFIDF,HAM-0250,5,42,498,0,0.3968909978866577
LR-TFIDF,SPAM-0268,3,42,499,1,0.46193578839302063
LR-TFIDF,HAM-0248,1,42,500,0,0.36187222599983215
LR-TFIDF,SPAM-0437,1,42,502,1,0.5783997774124146
LR-TFIDF,HAM-0479,2,42,503,0,0.4887792468070984
LR-TFIDF,HAM-0342,4,42,504,0,0.44788527488708496
LR-TFIDF,SPAM-0281,5,42,505,1,0.6734711527824402
LR-TFIDF,HAM-0031,2,42,507,0,0.4754868447780609
LR-TFIDF,HAM-0192,1,42,508,0,0.3997306525707245
LR-TFIDF,HAM-0234,4,42,509,0,0.5185881853103638
LR-TFIDF,HAM-0259,3,42,510,0,0.4081636071205139
LR-TFIDF,SPAM-0376,5,42,512,1,0.48686444759368896
LR-TFIDF,HAM-0155,1,42,513,0,0.610089123249054
LR-TFIDF,HAM-0070,5,42,514,0,0.481159508228302
LR-TFIDF,HAM-0237,2,42,515,0,0.29591718316078186
LR-TFIDF,SPAM-0417,3,42,516,1,0.5489590764045715
LR-TFIDF,SPAM-0462,4,42,518,1,0.6878497004508972
LR-TFIDF,SPAM-0158,1,42,519,1,0.49353891611099243
LR-TFIDF,HAM-0077,2,42,520,0,0.30608344078063965
LR-TFIDF,SPAM-0161,3,42,521,1,0.5163869261741638
LR-TFIDF,SPAM-0115,4,42,523,1,0.7159756422042847
LR-TFIDF,SPAM-0032,5,42,524,1,0.6818705797195435
LR-TFIDF,SPAM-0149,1,42,525,1,0.5960716605186462
LR-TFIDF,HAM-0174,5,42,526,0,0.6240790486335754
LR-TFIDF,HAM-0173,2,42,528,0,0.30742523074150085
LR-TFIDF,SPAM-0176,3,42,529,1,0.5879062414169312
LR-TFIDF,SPAM-0003,4,42,530,1,0.4057311415672302
LR-TFIDF,SPAM-0352,3,42,532,1,0.47475770115852356
LR-TFIDF,SPAM-0347,1,42,533,1,0.5742964148521423
LR-TFIDF,SPAM-0012,2,42,534,1,0.7407785058021545
LR-TFIDF,HAM-0252,4,42,535,0,0.323843389749527
LR-TFIDF,SPAM-0419,5,42,537,1,0.5615228414535522
LR-TFIDF,SPAM-0317,3,42,538,1,0.524732232093811
LR-TFIDF,HAM-0201,1,42,539,0,0.48823803663253784
LR-TFIDF,SPAM-0284,2,42,540,1,0.6066615581512451
LR-TFIDF,SPAM-0291,4,42,541,1,0.7083820104598999
LR-TFIDF,SPAM-0388,5,42,542,1,0.6920202970504761
LR-TFIDF,SPAM-0407,4,42,544,1,0.4963699281215668
LR-TFIDF,SPAM-0461,1,42,545,1,0.5240050554275513
LR-TFIDF,SPAM-0265,2,42,547,1,0.4506150782108307
LR-TFIDF,SPAM-0135,3,42,548,1,0.47468864917755127
LR-TFIDF,HAM-0321,5,42,549,0,0.364721417427063
LR-TFIDF,SPAM-0223,3,42,550,1,0.4907572269439697
LR-TFIDF,SPAM-0476,4,42,551,1,0.5648714303970337
LR-TFIDF,HAM-0481,5,42,553,0,0.4075917899608612
LR-TFIDF,HAM-0101,1,42,554,0,0.4216868579387665
LR-TFIDF,SPAM-0415,2,42,555,1,0.5419340133666992
LR-TFIDF,SPAM-0010,1,42,556,1,0.9062761664390564
LR-TFIDF,SPAM-0309,2,42,558,1,0.5888064503669739
LR-TFIDF,SPAM-0311,3,42,559,1,0.6111918091773987
LR-TFIDF,SPAM-0229,4,42,560,1,0.5948808789253235
LR-TFIDF,HAM-0368,5,42,561,0,0.45482224225997925
LR-TFIDF,HAM-0478,2,42,563,0,0.41443151235580444
LR-TFIDF,HAM-0390,3,42,564,0,0.5312774777412415
LR-TFIDF,HAM-0290,1,42,565,0,0.4136231541633606
LR-TFIDF,SPAM-0066,4,42,567,1,0.5116625428199768
LR-TFIDF,SPAM-0435,3,42,313,1,0.4607221186161041
LR-TFIDF,SPAM-0383,5,42,568,1,0.5230644345283508
LR-TFIDF,HAM-0210,1,42,569,0,0.346200168132782
LR-TFIDF,SPAM-0099,2,42,570,1,0.4587562680244446
LR-TFIDF,SPAM-0293,5,42,572,1,0.5154346823692322
LR-TFIDF,HAM-0195,3,42,573,0,0.3907339572906494
LR-TFIDF,HAM-0217,4,42,574,0,0.39444440603256226
LR-TFIDF,HAM-0016,3,42,575,0,0.4153948128223419
LR-TFIDF,HAM-0341,1,42,577,0,0.38686949014663696
LR-TFIDF,HAM-0214,2,42,578,0,0.5042926073074341
LR-TFIDF,SPAM-0449,4,42,579,1,0.4871058762073517
LR-TFIDF,SPAM-0151,5,42,580,1,0.6148547530174255
LR-TFIDF,HAM-0193,2,42,582,0,0.4559629559516907
LR-TFIDF,SPAM-0484,5,42,583,1,0.43107619881629944
LR-TFIDF,HAM-0041,1,42,584,0,0.3505752384662628
LR-TFIDF,SPAM-0201,3,42,585,1,0.477498859167099
LR-TFIDF,HAM-0275,4,42,586,0,0.4710693657398224
LR-TFIDF,HAM-0196,5,42,588,0,0.4085330069065094
LR-TFIDF,SPAM-0049,4,42,589,1,0.5806083083152771
LR-TFIDF,HAM-0095,1,42,590,0,0.5680690407752991
LR-TFIDF,HAM-0380,2,42,591,0,0.5044096112251282
LR-TFIDF,SPAM-0456,3,42,593,1,0.5980522632598877
LR-TFIDF,SPAM-0384,5,42,594,1,0.46955910325050354
LR-TFIDF,HAM-0209,2,42,595,0,0.4134014844894409
LR-TFIDF,SPAM-0434,1,42,597,1,0.4998934268951416
LR-TFIDF,HAM-0398,4,42,598,0,0.3484812080860138
LR-TFIDF,SPAM-0364,3,42,599,1,0.5674008131027222
LR-TFIDF,SPAM-0043,5,42,600,1,0.4515129029750824
LR-TFIDF,SPAM-0438,1,42,601,1,0.5665176510810852
LR-TFIDF,HAM-0423,2,42,603,0,0.4026157855987549
LR-TFIDF,SPAM-0443,4,42,604,1,0.49940255284309387
LR-TFIDF,SPAM-0233,3,42,605,1,0.6581324934959412
LR-TFIDF,SPAM-0183,5,42,606,1,0.6390097141265869
LR-TFIDF,SPAM-0117,1,42,608,1,0.40954458713531494
LR-TFIDF,SPAM-0492,5,42,609,1,0.6033146977424622
LR-TFIDF,SPAM-0166,2,42,610,1,0.5486804842948914
LR-TFIDF,SPAM-0343,3,42,612,1,0.46766436100006104
LR-TFIDF,HAM-0189,4,42,613,0,0.4170387089252472
LR-TFIDF,HAM-0386,1,42,614,0,0.42396605014801025
LR-TFIDF,SPAM-0134,2,42,615,1,0.631547749042511
LR-TFIDF,SPAM-0308,3,42,617,1,0.5429295897483826
LR-TFIDF,HAM-0427,4,42,618,0,0.42109981179237366
LR-TFIDF,SPAM-0144,5,42,619,1,0.47684818506240845
LR-TFIDF,SPAM-0038,1,42,620,1,0.526298999786377
LR-TFIDF,SPAM-0278,3,42,622,1,0.6114307045936584
LR-TFIDF,HAM-0049,4,42,623,0,0.5044896602630615
LR-TFIDF,SPAM-0381,2,42,624,1,0.4658791422843933
LR-TFIDF,SPAM-0070,5,42,625,1,0.7128669619560242
LR-TFIDF,SPAM-0340,1,42,627,1,0.5258008241653442
LR-TFIDF,SPAM-0106,3,42,628,1,0.4556363523006439
LR-TFIDF,SPAM-0071,2,42,629,1,0.6867300271987915
LR-TFIDF,HAM-0063,4,42,630,0,0.5612822771072388
LR-TFIDF,HAM-0308,5,42,632,0,0.4578217566013336
LR-TFIDF,SPAM-0424,5,42,633,1,0.4741676449775696
LR-TFIDF,SPAM-0399,1,42,634,1,0.46703988313674927
LR-TFIDF,SPAM-0034,3,42,635,1,0.5240222811698914
LR-TFIDF,SPAM-0316,2,42,637,1,0.5748102068901062
LR-TFIDF,HAM-0243,4,42,638,0,0.4588789641857147
LR-TFIDF,SPAM-0403,1,42,639,1,0.429623007774353
LR-TFIDF,SPAM-0159,5,42,640,1,0.47911524772644043
LR-TFIDF,SPAM-0092,2,42,641,1,0.4965803027153015
LR-TFIDF,HAM-0327,3,42,642,0,0.5490096807479858
LR-TFIDF,SPAM-0153,4,42,644,1,0.5546519756317139
LR-TFIDF,SPAM-0378,1,42,645,1,0.4993135333061218
LR-TFIDF,SPAM-0328,3,42,647,1,0.5432543158531189
LR-TFIDF,HAM-0058,2,42,648,0,0.49653658270835876
LR-TFIDF,HAM-0223,4,42,649,0,0.44574567675590515
LR-TFIDF,SPAM-0248,5,42,650,1,0.39542925357818604
LR-TFIDF,HAM-0450,1,42,652,0,0.46704959869384766
LR-TFIDF,HAM-0412,4,42,653,0,0.41641169786453247
LR-TFIDF,HAM-0046,3,42,654,0,0.5273140072822571
LR-TFIDF,HAM-0251,2,42,655,0,0.43352803587913513
LR-TFIDF,HAM-0050,5,42,656,0,0.35547760128974915
LR-TFIDF,SPAM-0113,1,42,657,1,0.6493086218833923
LR-TFIDF,HAM-0035,3,42,659,0,0.3692449927330017
LR-TFIDF,SPAM-0109,5,42,660,1,0.4329881966114044
LR-TFIDF,HAM-0069,2,42,662,0,0.4740738868713379
LR-TFIDF,HAM-0212,4,42,663,0,0.36017680168151855
LR-TFIDF,HAM-0247,4,42,664,0,0.4483886659145355
LR-TFIDF,HAM-0017,1,42,665,0,0.5238924622535706
LR-TFIDF,SPAM-0296,2,42,666,1,0.6051311492919922
LR-TFIDF,HAM-0430,3,42,667,0,0.4892466962337494
LR-TFIDF,SPAM-0387,5,42,669,1,0.45177942514419556
LR-TFIDF,HAM-0194,2,42,670,0,0.49490660429000854
LR-TFIDF,HAM-0283,4,42,671,0,0.46970272064208984
LR-TFIDF,SPAM-0455,3,42,673,1,0.5486412644386292
LR-TFIDF,HAM-0472,1,42,674,0,0.42288950085639954
LR-TFIDF,SPAM-0319,5,42,675,1,0.4511430561542511
LR-TFIDF,HAM-0236,1,42,676,0,0.4400203824043274
LR-TFIDF,SPAM-0045,3,42,678,1,0.4628172218799591
LR-TFIDF,HAM-0435,5,42,679,0,0.5342722535133362
LR-TFIDF,SPAM-0058,2,42,680,1,0.5670894384384155
LR-TFIDF,HAM-0475,4,42,681,0,0.5255444645881653
LR-TFIDF,SPAM-0375,4,42,682,1,0.6063908934593201
LR-TFIDF,SPAM-0225,1,42,684,1,0.4959416389465332
LR-TFIDF,HAM-0229,2,42,685,0,0.42593520879745483
LR-TFIDF,SPAM-0042,3,42,687,1,0.6075270175933838
LR-TFIDF,HAM-0403,5,42,688,0,0.41176122426986694
LR-TFIDF,SPAM-0405,3,42,689,1,0.4650900959968567
LR-TFIDF,HAM-0183,4,42,690,0,0.4954169988632202
LR-TFIDF,HAM-0357,1,42,692,0,0.4027376174926758
LR-TFIDF,SPAM-0346,2,42,693,1,0.6220540404319763
LR-TFIDF,SPAM-0286,5,42,694,1,0.5776478052139282
LR-TFIDF,SPAM-0053,2,42,695,1,0.5441715717315674
LR-TFIDF,HAM-0083,1,42,697,0,0.3189244866371155
LR-TFIDF,HAM-0385,3,42,698,0,0.39177757501602173
LR-TFIDF,HAM-0387,4,42,699,0,0.47938016057014465
LR-TFIDF,HAM-0460,5,42,700,0,0.4893909990787506
LR-TFIDF,HAM-0392,1,42,701,0,0.5401114225387573
LR-TFIDF,HAM-0431,2,42,703,0,0.3379359245300293
LR-TFIDF,SPAM-0401,3,42,704,1,0.5776318907737732
LR-TFIDF,SPAM-0368,4,42,705,1,0.5671108961105347
LR-TFIDF,HAM-0139,5,42,706,0,0.3216550648212433
LR-TFIDF,HAM-0185,1,42,707,0,0.4010522961616516
LR-TFIDF,HAM-0294,2,42,709,0,0.4283234775066376
LR-TFIDF,HAM-0033,3,42,710,0,0.46959537267684937
LR-TFIDF,HAM-0071,4,42,712,0,0.5014309287071228
LR-TFIDF,HAM-0062,5,42,713,0,0.39800575375556946
LR-TFIDF,SPAM-0055,5,42,714,1,0.6322957277297974
LR-TFIDF,HAM-0066,1,42,715,0,0.46158185601234436
LR-TFIDF,SPAM-0218,2,42,716,1,0.5316588282585144
LR-TFIDF,HAM-0434,3,42,718,0,0.5408744812011719
LR-TFIDF,HAM-0047,4,42,719,0,0.3935818672180176
LR-TFIDF,HAM-0075,1,42,720,0,0.4557434916496277
LR-TFIDF,SPAM-0093,2,42,721,1,0.6026095151901245
LR-TFIDF,SPAM-0273,3,42,722,1,0.5416267514228821
LR-TFIDF,HAM-0261,4,42,724,0,0.40133923292160034
LR-TFIDF,HAM-0406,5,42,725,0,0.4071541130542755
LR-TFIDF,HAM-0316,1,42,727,0,0.519281268119812
LR-TFIDF,SPAM-0189,2,42,728,1,0.6876408457756042
LR-TFIDF,HAM-0474,3,42,729,0,0.47414618730545044
LR-TFIDF,SPAM-0073,4,42,730,1,0.45193055272102356
LR-TFIDF,SPAM-0262,5,42,732,1,0.5492623448371887
LR-TFIDF,HAM-0468,3,42,733,0,0.44623005390167236
LR-TFIDF,SPAM-0279,1,42,734,1,0.5282129645347595
LR-TFIDF,SPAM-0026,2,42,735,1,0.5579360127449036
LR-TFIDF,HAM-0465,4,42,737,0,0.4298068881034851
LR-TFIDF,HAM-0057,5,42,738,0,0.3677280843257904
LR-TFIDF,HAM-0457,2,42,739,0,0.45277953147888184
LR-TFIDF,SPAM-0023,3,42,740,1,0.46202120184898376
LR-TFIDF,SPAM-0483,1,42,742,1,0.5543698668479919
LR-TFIDF,SPAM-0098,4,42,743,1,0.42941373586654663
LR-TFIDF,SPAM-0422,5,42,744,1,0.5842123627662659
LR-TFIDF,HAM-0211,4,42,745,0,0.5548981428146362
LR-TFIDF,SPAM-0271,1,42,746,1,0.7485820055007935
LR-TFIDF,HAM-0120,5,42,747,0,0.3151860237121582
LR-TFIDF,SPAM-0033,3,42,749,1,0.4731081426143646
LR-TFIDF,SPAM-0334,2,42,750,1,0.5386710166931152
LR-TFIDF,HAM-0169,1,42,751,0,0.49791327118873596
LR-TFIDF,SPAM-0050,2,42,753,1,0.6029067635536194
LR-TFIDF,SPAM-0313,3,42,754,1,0.6008981466293335
LR-TFIDF,HAM-0208,4,42,755,0,0.43569326400756836
LR-TFIDF,SPAM-0061,5,42,757,1,0.4815449118614197
LR-TFIDF,SPAM-0306,1,42,758,1,0.606940746307373
LR-TFIDF,HAM-0115,2,42,759,0,0.4729139804840088
LR-TFIDF,SPAM-0078,3,42,760,1,0.49681776762008667
LR-TFIDF,HAM-0080,4,42,761,0,0.35417577624320984
LR-TFIDF,HAM-0371,5,42,762,0,0.5737142562866211
LR-TFIDF,SPAM-0041,1,42,764,1,0.6343256235122681
LR-TFIDF,SPAM-0320,2,42,765,1,0.4286292791366577
LR-TFIDF,SPAM-0039,5,42,766,1,0.4956524968147278
LR-TFIDF,SPAM-0111,3,42,768,1,0.5676190853118896
LR-TFIDF,SPAM-0197,4,42,769,1,0.6201271414756775
LR-TFIDF,HAM-0254,3,42,770,0,0.4541308879852295
LR-TFIDF,SPAM-0181,1,42,772,1,0.4378116726875305
LR-TFIDF,SPAM-0051,2,42,773,1,0.5593350529670715
LR-TFIDF,HAM-0483,4,42,774,0,0.317714661359787
LR-TFIDF,SPAM-0063,5,42,775,1,0.497184157371521
LR-TFIDF,SPAM-0219,1,42,776,1,0.4831368923187256
LR-TFIDF,HAM-0426,2,42,777,0,0.33688485622406006
LR-TFIDF,SPAM-0121,3,42,779,1,0.6228781938552856
LR-TFIDF,SPAM-0450,4,42,780,1,0.5253889560699463
LR-TFIDF,HAM-0157,2,42,782,0,0.3350867033004761
LR-TFIDF,HAM-0490,5,42,783,0,0.4379236698150635
LR-TFIDF,HAM-0137,4,42,784,0,0.4617961347103119
LR-TFIDF,HAM-0225,5,42,785,0,0.44872522354125977
LR-TFIDF,HAM-0227,1,42,786,0,0.44032469391822815
LR-TFIDF,HAM-0377,2,42,788,0,0.46524015069007874
LR-TFIDF,SPAM-0345,3,42,789,1,0.6378589868545532
LR-TFIDF,SPAM-0338,2,42,790,1,0.40402939915657043
LR-TFIDF,HAM-0121,1,42,791,0,0.4540729522705078
LR-TFIDF,SPAM-0485,4,42,792,1,0.5303385853767395
LR-TFIDF,SPAM-0289,5,42,794,1,0.4469318687915802
LR-TFIDF,SPAM-0221,3,42,795,1,0.5506086349487305
LR-TFIDF,SPAM-0203,1,42,797,1,0.5800747871398926
LR-TFIDF,SPAM-0337,2,42,798,1,0.5512596964836121
LR-TFIDF,HAM-0164,4,42,799,0,0.3456183075904846
LR-TFIDF,HAM-0315,5,42,800,0,0.5330668091773987
LR-TFIDF,HAM-0477,3,42,801,0,0.4616927206516266
LR-TFIDF,SPAM-0184,1,42,803,1,0.5452619194984436
LR-TFIDF,HAM-0064,2,42,804,0,0.4162411391735077
LR-TFIDF,SPAM-0321,4,42,805,1,0.48774537444114685
LR-TFIDF,HAM-0369,3,42,807,0,0.4280354678630829
LR-TFIDF,SPAM-0170,5,42,808,1,0.586161196231842
LR-TFIDF,SPAM-0323,1,42,809,1,0.512100100517273
LR-TFIDF,HAM-0012,5,42,810,0,0.3527396023273468
LR-TFIDF,SPAM-0087,2,42,811,1,0.6103556156158447
LR-TFIDF,SPAM-0097,3,42,813,1,0.5351583361625671
LR-TFIDF,HAM-0310,4,42,814,0,0.48329511284828186
LR-TFIDF,HAM-0338,3,42,815,0,0.41954007744789124
LR-TFIDF,SPAM-0272,1,42,817,1,0.46517321467399597
LR-TFIDF,HAM-0458,2,42,818,0,0.44721755385398865
LR-TFIDF,HAM-0242,4,42,819,0,0.4796384871006012
LR-TFIDF,HAM-0393,5,42,820,0,0.4575859308242798
LR-TFIDF,HAM-0268,1,42,821,0,0.5429114103317261
LR-TFIDF,HAM-0255,2,42,823,0,0.4292415976524353
LR-TFIDF,HAM-0332,3,42,824,0,0.5135592222213745
LR-TFIDF,SPAM-0408,4,42,825,1,0.5524476170539856
LR-TFIDF,HAM-0144,5,42,826,0,0.42211857438087463
LR-TFIDF,HAM-0098,1,42,828,0,0.4170016944408417
LR-TFIDF,SPAM-0432,3,42,829,1,0.6872202157974243
LR-TFIDF,HAM-0411,2,42,830,0,0.5162920355796814
LR-TFIDF,HAM-0089,4,42,831,0,0.40525171160697937
LR-TFIDF,SPAM-0028,5,42,833,1,0.5085622668266296
LR-TFIDF,HAM-0438,1,42,834,0,0.3998953104019165
LR-TFIDF,HAM-0416,2,42,835,0,0.44847822189331055
LR-TFIDF,SPAM-0126,3,42,837,1,0.49963176250457764
LR-TFIDF,SPAM-0389,4,42,838,1,0.5461753606796265
LR-TFIDF,SPAM-0360,5,42,839,1,0.5384802222251892
LR-TFIDF,SPAM-0276,3,42,840,1,0.4674875736236572
LR-TFIDF,SPAM-0374,5,42,561,1,0.5065738558769226
LR-TFIDF,HAM-0303,1,42,842,0,0.48668235540390015
LR-TFIDF,SPAM-0310,2,42,843,1,0.5653188228607178
LR-TFIDF,HAM-0346,4,42,844,0,0.3902111053466797
LR-TFIDF,SPAM-0255,5,42,845,1,0.511141836643219
LR-TFIDF,HAM-0015,5,42,846,0,0.47838181257247925
LR-TFIDF,SPAM-0380,1,42,847,1,0.5904255509376526
LR-TFIDF,HAM-0264,2,42,849,0,0.4936762750148773
LR-TFIDF,SPAM-0164,3,42,850,1,0.5411790013313293
LR-TFIDF,SPAM-0249,4,42,852,1,0.5418611168861389
LR-TFIDF,HAM-0167,4,42,853,0,0.568078339099884
LR-TFIDF,SPAM-0423,5,42,854,1,0.5119301676750183
LR-TFIDF,HAM-0116,1,42,855,0,0.591013491153717
LR-TFIDF,HAM-0198,2,42,857,0,0.41921982169151306
LR-TFIDF,HAM-0280,3,42,858,0,0.4543769657611847
LR-TFIDF,HAM-0480,2,42,859,0,0.44950416684150696
LR-TFIDF,SPAM-0017,1,42,860,1,0.571460485458374
LR-TFIDF,HAM-0138,3,42,861,0,0.419158935546875
LR-TFIDF,SPAM-0037,4,42,863,1,0.5275315642356873
LR-TFIDF,SPAM-0469,5,42,864,1,0.5115686655044556
LR-TFIDF,SPAM-0157,1,42,865,1,0.5184363126754761
LR-TFIDF,HAM-0292,4,42,867,0,0.436154305934906
LR-TFIDF,HAM-0344,2,42,868,0,0.34591737389564514
LR-TFIDF,HAM-0110,3,42,869,0,0.4941346347332001
LR-TFIDF,SPAM-0118,5,42,870,1,0.554189145565033
LR-TFIDF,SPAM-0493,1,42,872,1,0.6735329627990723
LR-TFIDF,HAM-0010,2,42,873,0,0.5756585597991943
LR-TFIDF,SPAM-0390,4,42,874,1,0.6273620128631592
LR-TFIDF,HAM-0297,3,42,875,0,0.40492504835128784
LR-TFIDF,HAM-0191,5,42,877,0,0.5913294553756714
LR-TFIDF,SPAM-0008,3,42,878,1,0.5611765384674072
LR-TFIDF,SPAM-0307,1,42,879,1,0.6261422634124756
LR-TFIDF,HAM-0407,2,42,880,0,0.4049423933029175
LR-TFIDF,HAM-0038,4,42,882,0,0.3613845705986023
LR-TFIDF,HAM-0181,5,42,883,0,0.5217075943946838
LR-TFIDF,SPAM-0358,1,42,884,1,0.7166083455085754
LR-TFIDF,HAM-0428,2,42,885,0,0.5044000148773193
LR-TFIDF,HAM-0039,3,42,887,0,0.33292248845100403
LR-TFIDF,SPAM-0371,4,42,888,1,0.7529189586639404
LR-TFIDF,SPAM-0241,5,42,889,1,0.5485920906066895
LR-TFIDF,SPAM-0257,4,42,890,1,0.47230780124664307
LR-TFIDF,SPAM-0048,2,42,891,1,0.5524463057518005
LR-TFIDF,SPAM-0471,4,42,893,1,0.5232250690460205
LR-TFIDF,SPAM-0168,1,42,894,1,0.48500293493270874
LR-TFIDF,HAM-0092,3,42,895,0,0.44186916947364807
LR-TFIDF,SPAM-0288,5,42,896,1,0.5403161644935608
LR-TFIDF,SPAM-0162,1,42,898,1,0.507702112197876
LR-TFIDF,HAM-0293,3,42,899,0,0.40761059522628784
LR-TFIDF,HAM-0329,2,42,900,0,0.47856807708740234
LR-TFIDF,SPAM-0458,4,42,901,1,0.6273707747459412
LR-TFIDF,HAM-0205,5,42,903,0,0.4294641315937042
LR-TFIDF,SPAM-0167,1,42,904,1,0.5390899777412415
LR-TFIDF,HAM-0489,2,42,905,0,0.46809497475624084
LR-TFIDF,SPAM-0400,3,42,907,1,0.4532874822616577
LR-TFIDF,SPAM-0402,4,42,908,1,0.5152958631515503
LR-TFIDF,SPAM-0169,5,42,909,1,0.5570105314254761
LR-TFIDF,HAM-0417,1,42,910,0,0.42534688115119934
LR-TFIDF,HAM-0162,5,42,911,0,0.5052295327186584
LR-TFIDF,HAM-0006,2,42,913,0,0.5001323223114014
LR-TFIDF,SPAM-0440,3,42,914,1,0.6350877285003662
LR-TFIDF,SPAM-0489,4,42,915,1,0.6939803957939148
LR-TFIDF,SPAM-0198,1,42,916,1,0.49312642216682434
LR-TFIDF,HAM-0484,3,42,918,0,0.4586752951145172
LR-TFIDF,SPAM-0235,5,42,919,1,0.48437049984931946
LR-TFIDF,HAM-0339,4,42,920,0,0.4537443220615387
LR-TFIDF,HAM-0424,2,42,921,0,0.5054555535316467
LR-TFIDF,HAM-0103,1,42,922,0,0.5521541237831116
LR-TFIDF,HAM-0239,2,42,924,0,0.43876948952674866
LR-TFIDF,SPAM-0154,4,42,567,1,0.49667689204216003
LR-TFIDF,HAM-0232,3,42,925,0,0.3915369212627411
LR-TFIDF,SPAM-0044,4,42,926,1,0.6205002665519714
LR-TFIDF,SPAM-0427,5,42,927,1,0.4634056091308594
LR-TFIDF,HAM-0052,2,42,929,0,0.4147172272205353
LR-TFIDF,HAM-0249,1,42,930,0,0.4129083752632141
LR-TFIDF,HAM-0246,3,42,931,0,0.4371573328971863
LR-TFIDF,SPAM-0101,4,42,932,1,0.532122790813446
LR-TFIDF,SPAM-0131,5,42,934,1,0.641822099685669
LR-TFIDF,HAM-0112,3,42,935,0,0.4476067125797272
LR-TFIDF,HAM-0141,5,42,936,0,0.3416779935359955
LR-TFIDF,HAM-0279,4,42,937,0,0.4385387599468231
LR-TFIDF,SPAM-0076,1,42,939,1,0.5698357224464417
LR-TFIDF,HAM-0278,2,42,940,0,0.4522666335105896
LR-TFIDF,SPAM-0052,4,42,941,1,0.6732777953147888
LR-TFIDF,HAM-0207,1,42,943,0,0.41160494089126587
LR-TFIDF,HAM-0220,2,42,944,0,0.4925196170806885
LR-TFIDF,HAM-0491,3,42,945,0,0.49652543663978577
LR-TFIDF,SPAM-0266,5,42,946,1,0.618253231048584
LR-TFIDF,HAM-0263,1,42,947,0,0.514362633228302
LR-TFIDF,HAM-0453,2,42,949,0,0.47046706080436707
LR-TFIDF,SPAM-0447,3,42,950,1,0.6655141115188599
LR-TFIDF,HAM-0355,4,42,951,0,0.500251293182373
LR-TFIDF,HAM-0081,1,42,513,0,0.6096672415733337
LR-TFIDF,SPAM-0473,5,42,953,1,0.47646188735961914
LR-TFIDF,HAM-0044,5,42,954,0,0.4215134084224701
LR-TFIDF,HAM-0298,1,42,955,0,0.41428494453430176
LR-TFIDF,HAM-0150,2,42,956,0,0.37316253781318665
LR-TFIDF,SPAM-0292,3,42,958,1,0.46952149271965027
LR-TFIDF,HAM-0354,4,42,959,0,0.4148007035255432
LR-TFIDF,SPAM-0339,1,42,960,1,0.5777089595794678
LR-TFIDF,HAM-0405,2,42,961,0,0.4777432084083557
LR-TFIDF,SPAM-0418,5,42,962,1,0.5838901996612549
LR-TFIDF,HAM-0389,3,42,963,0,0.4415208101272583
LR-TFIDF,SPAM-0193,4,42,965,1,0.4871910512447357
LR-TFIDF,SPAM-0088,3,42,966,1,0.6171539425849915
LR-TFIDF,HAM-0125,1,42,967,0,0.37786683440208435
LR-TFIDF,HAM-0281,2,42,969,0,0.48482826352119446
LR-TFIDF,SPAM-0239,4,42,970,1,0.6172404885292053
LR-TFIDF,SPAM-0315,5,42,971,1,0.5615238547325134
LR-TFIDF,SPAM-0478,3,42,972,1,0.5097781419754028
LR-TFIDF,SPAM-0074,5,42,974,1,0.6851559281349182
LR-TFIDF,HAM-0358,4,42,975,0,0.3683004379272461
LR-TFIDF,HAM-0492,1,42,976,0,0.4229465126991272
LR-TFIDF,HAM-0325,2,42,977,0,0.4179198145866394
LR-TFIDF,SPAM-0001,3,42,978,1,0.5797772407531738
LR-TFIDF,SPAM-0487,4,42,979,1,0.4714611768722534
LR-TFIDF,HAM-0213,1,42,981,0,0.5529274344444275
LR-TFIDF,SPAM-0222,5,42,982,1,0.4707622528076172
LR-TFIDF,SPAM-0290,2,42,984,1,0.6665364503860474
LR-TFIDF,HAM-0305,1,42,985,0,0.38595226407051086
LR-TFIDF,SPAM-0465,2,42,986,1,0.6637583374977112
LR-TFIDF,HAM-0231,3,42,987,0,0.4484894275665283
LR-TFIDF,HAM-0306,4,42,988,0,0.5068257451057434
LR-TFIDF,HAM-0286,5,42,990,0,0.3998354971408844
LR-TFIDF,HAM-0253,1,42,991,0,0.4977060854434967
LR-TFIDF,SPAM-0481,2,42,992,1,0.605952262878418
LR-TFIDF,HAM-0496,3,42,994,0,0.3217860460281372
LR-TFIDF,SPAM-0125,4,42,995,1,0.5332959890365601
LR-SBERT,SPAM-0217,3,42,0,1,0.34712231159210205
LR-SBERT,HAM-0326,5,42,1,0,0.0006922913016751409
LR-SBERT,SPAM-0350,3,42,2,1,0.9912187457084656
LR-SBERT,SPAM-0355,5,42,3,1,0.956879734992981
LR-SBERT,HAM-0073,2,42,5,0,0.13604919612407684
LR-SBERT,HAM-0002,3,42,6,0,0.0007737792911939323
LR-SBERT,SPAM-0110,1,42,7,1,0.9972865581512451
LR-SBERT,HAM-0432,4,42,8,0,0.15884748101234436
LR-SBERT,SPAM-0351,5,42,10,1,0.9992831945419312
LR-SBERT,HAM-0436,2,42,11,0,0.019744154065847397
LR-SBERT,HAM-0309,1,42,12,0,0.001835506409406662
LR-SBERT,HAM-0020,3,42,13,0,0.00016546832921449095
LR-SBERT,SPAM-0148,5,42,14,1,0.9955080151557922
LR-SBERT,HAM-0177,4,42,16,0,0.0057180034928023815
LR-SBERT,HAM-0146,4,42,17,0,9.237178892362863e-05
LR-SBERT,SPAM-0354,1,42,18,1,0.9991027116775513
LR-SBERT,SPAM-0280,2,42,19,1,0.9672002792358398
LR-SBERT,HAM-0487,3,42,21,0,0.000939448771532625
LR-SBERT,SPAM-0152,5,42,22,1,0.9932023286819458
LR-SBERT,HAM-0179,2,42,23,0,0.057924725115299225
LR-SBERT,HAM-0350,1,42,25,0,0.007755605038255453
LR-SBERT,HAM-0410,4,42,26,0,0.050326038151979446
LR-SBERT,HAM-0260,3,42,27,0,0.0018073973478749394
LR-SBERT,HAM-0013,5,42,28,0,0.0002631714742165059
LR-SBERT,SPAM-0174,3,42,30,1,0.9250875115394592
LR-SBERT,HAM-0219,1,42,31,0,0.0038112530019134283
LR-SBERT,SPAM-0395,2,42,32,1,0.9999991059303284
LR-SBERT,SPAM-0163,4,42,33,1,0.9999999403953552
LR-SBERT,HAM-0126,5,42,34,0,0.00029074857593514025
LR-SBERT,SPAM-0128,2,42,36,1,0.999988853931427
LR-SBERT,HAM-0021,1,42,37,0,0.0003596466267481446
LR-SBERT,HAM-0409,3,42,38,0,0.0021941710729151964
LR-SBERT,SPAM-0234,5,42,40,1,0.9999077916145325
LR-SBERT,HAM-0443,4,42,41,0,0.048230353742837906
LR-SBERT,HAM-0469,1,42,42,0,0.001010662759654224
LR-SBERT,HAM-0100,2,42,43,0,0.6925650238990784
LR-SBERT,SPAM-0330,3,42,45,1,0.9603126645088196
LR-SBERT,SPAM-0242,4,42,46,1,0.9981219172477722
LR-SBERT,SPAM-0022,5,42,47,1,0.9926541447639465
LR-SBERT,SPAM-0100,1,42,48,1,0.9998845458030701
LR-SBERT,HAM-0032,2,42,49,0,0.2845723628997803
LR-SBERT,HAM-0102,3,42,51,0,0.0021989410743117332
LR-SBERT,SPAM-0080,4,42,52,1,0.8975114226341248
LR-SBERT,SPAM-0112,5,42,53,1,0.9999375939369202
LR-SBERT,HAM-0476,5,42,54,0,0.09067220985889435
LR-SBERT,SPAM-0430,1,42,56,1,0.9978171586990356
LR-SBERT,SPAM-0370,2,42,57,1,0.9999972581863403
LR-SBERT,SPAM-0404,4,42,58,1,0.154758021235466
LR-SBERT,SPAM-0367,3,42,60,1,0.9999449253082275
LR-SBERT,HAM-0343,2,42,61,0,3.345495542816934e-07
LR-SBERT,SPAM-0238,1,42,62,1,0.9824010729789734
LR-SBERT,SPAM-0145,3,42,63,1,0.9999997615814209
LR-SBERT,SPAM-0491,4,42,65,1,0.9999998807907104
LR-SBERT,SPAM-0059,5,42,66,1,0.9992926716804504
LR-SBERT,SPAM-0199,1,42,67,1,0.9918609857559204
LR-SBERT,HAM-0314,3,42,68,0,0.03453785553574562
LR-SBERT,HAM-0265,4,42,70,0,0.0014071244513615966
LR-SBERT,SPAM-0228,2,42,71,1,0.9932495951652527
LR-SBERT,HAM-0160,5,42,72,0,0.007883966900408268
LR-SBERT,SPAM-0446,1,42,73,1,0.9998496174812317
LR-SBERT,HAM-0464,3,42,74,0,0.18193747103214264
LR-SBERT,HAM-0299,2,42,76,0,0.021377742290496826
LR-SBERT,SPAM-0382,4,42,77,1,0.9998088479042053
LR-SBERT,SPAM-0372,5,42,78,1,0.9811583757400513
LR-SBERT,SPAM-0499,1,42,79,1,0.9202585816383362
LR-SBERT,HAM-0378,2,42,81,0,0.2929106056690216
LR-SBERT,SPAM-0295,3,42,82,1,0.9912300705909729
LR-SBERT,SPAM-0326,4,42,83,1,0.8897541165351868
LR-SBERT,SPAM-0133,5,42,84,1,0.9999952912330627
LR-SBERT,HAM-0034,2,42,86,0,0.0055051082745194435
LR-SBERT,SPAM-0349,1,42,87,1,0.8259336948394775
LR-SBERT,HAM-0059,4,42,88,0,0.011896769516170025
LR-SBERT,SPAM-0428,3,42,90,1,1.0
LR-SBERT,HAM-0245,5,42,91,0,0.00033524056198075414
LR-SBERT,SPAM-0094,4,42,92,1,0.7758398056030273
LR-SBERT,SPAM-0353,1,42,93,1,0.9885271191596985
LR-SBERT,HAM-0404,3,42,95,0,0.0005689657409675419
LR-SBERT,SPAM-0127,5,42,96,1,0.9244455099105835
LR-SBERT,SPAM-0479,2,42,97,1,0.9996476173400879
LR-SBERT,HAM-0233,2,42,98,0,0.0007896085153333843
LR-SBERT,SPAM-0190,1,42,99,1,0.9998663067817688
LR-SBERT,HAM-0132,3,42,101,0,5.223225230110984e-07
LR-SBERT,SPAM-0359,4,42,102,1,0.9992628693580627
LR-SBERT,HAM-0001,5,42,103,0,0.0003970992402173579
LR-SBERT,SPAM-0108,1,42,104,1,0.999991238117218
LR-SBERT,SPAM-0362,3,42,106,1,0.9999883770942688
LR-SBERT,SPAM-0150,2,42,107,1,0.7507262229919434
LR-SBERT,HAM-0176,4,42,108,0,0.0009040198638103902
LR-SBERT,SPAM-0391,5,42,109,1,0.9989139437675476
LR-SBERT,SPAM-0143,2,42,110,1,0.9998939633369446
LR-SBERT,HAM-0388,4,42,112,0,0.0025020441971719265
LR-SBERT,HAM-0056,1,42,113,0,2.1423516955110244e-05
LR-SBERT,HAM-0334,3,42,115,0,0.0006331714102998376
LR-SBERT,SPAM-0258,5,42,116,1,0.9997441172599792
LR-SBERT,SPAM-0442,1,42,117,1,0.9984146356582642
LR-SBERT,SPAM-0095,3,42,118,1,0.9980983138084412
LR-SBERT,HAM-0397,2,42,119,0,0.0013551911106333137
LR-SBERT,SPAM-0386,4,42,120,1,0.9998551607131958
LR-SBERT,SPAM-0107,5,42,122,1,1.0
LR-SBERT,HAM-0324,2,42,123,0,2.069624861178454e-05
LR-SBERT,SPAM-0466,1,42,125,1,0.999802827835083
LR-SBERT,SPAM-0287,3,42,126,1,0.9999266862869263
LR-SBERT,SPAM-0204,4,42,127,1,0.9999188780784607
LR-SBERT,SPAM-0412,5,42,128,1,0.9901535511016846
LR-SBERT,SPAM-0024,4,42,130,1,0.9989448189735413
LR-SBERT,SPAM-0277,1,42,131,1,0.9999595880508423
LR-SBERT,SPAM-0123,2,42,132,1,1.0
LR-SBERT,SPAM-0416,5,42,133,1,0.9997548460960388
LR-SBERT,HAM-0186,3,42,135,0,0.033466875553131104
LR-SBERT,HAM-0473,3,42,136,0,0.0003676542837638408
LR-SBERT,HAM-0366,1,42,137,0,0.00013059221964795142
LR-SBERT,HAM-0082,2,42,138,0,2.0323859644122422e-05
LR-SBERT,HAM-0455,4,42,139,0,0.0009945642668753862
LR-SBERT,HAM-0459,5,42,140,0,0.0060534486547112465
LR-SBERT,SPAM-0470,3,42,142,1,0.9996129870414734
LR-SBERT,HAM-0451,1,42,143,0,0.002207036828622222
LR-SBERT,HAM-0134,2,42,145,0,0.0008843269315548241
LR-SBERT,HAM-0323,4,42,146,0,0.005321281962096691
LR-SBERT,HAM-0364,5,42,147,0,1.5438812397405854e-06
LR-SBERT,SPAM-0220,1,42,148,1,0.9999924898147583
LR-SBERT,SPAM-0263,2,42,149,1,0.9993525147438049
LR-SBERT,HAM-0090,3,42,150,0,0.0015240103239193559
LR-SBERT,SPAM-0294,4,42,152,1,0.9994933605194092
LR-SBERT,SPAM-0409,5,42,153,1,1.0
LR-SBERT,SPAM-0227,1,42,154,1,0.9999932646751404
LR-SBERT,HAM-0027,2,42,156,0,0.00697200046852231
LR-SBERT,HAM-0396,3,42,157,0,0.060135144740343094
LR-SBERT,HAM-0241,4,42,158,0,5.0302456656936556e-05
LR-SBERT,SPAM-0333,5,42,159,1,0.9995240569114685
LR-SBERT,HAM-0437,1,42,161,0,7.090443250490353e-05
LR-SBERT,HAM-0151,2,42,162,0,0.004906437825411558
LR-SBERT,HAM-0499,3,42,163,0,0.0019262229325249791
LR-SBERT,SPAM-0067,4,42,165,1,0.9971024394035339
LR-SBERT,HAM-0494,5,42,166,0,0.020133208483457565
LR-SBERT,HAM-0363,4,42,167,0,0.010812392458319664
LR-SBERT,SPAM-0206,1,42,168,1,0.6569007039070129
LR-SBERT,HAM-0143,2,42,170,0,5.11659436597256e-06
LR-SBERT,HAM-0133,3,42,171,0,0.00012250218424014747
LR-SBERT,SPAM-0188,5,42,172,1,0.9997445344924927
LR-SBERT,SPAM-0240,3,42,173,1,0.9919982552528381
LR-SBERT,HAM-0026,4,42,175,0,2.0078528905287385e-05
LR-SBERT,HAM-0500,1,42,176,0,0.00882661435753107
LR-SBERT,HAM-0441,5,42,177,0,0.000637078657746315
LR-SBERT,HAM-0111,2,42,178,0,0.007655751425772905
LR-SBERT,HAM-0085,5,42,179,0,0.3533521592617035
LR-SBERT,HAM-0395,1,42,181,0,0.05797532945871353
LR-SBERT,SPAM-0027,2,42,182,1,0.9999926686286926
LR-SBERT,HAM-0188,3,42,183,0,0.005990633741021156
LR-SBERT,SPAM-0494,4,42,184,1,0.9759930372238159
LR-SBERT,SPAM-0282,1,42,186,1,0.9603375196456909
LR-SBERT,HAM-0166,2,42,187,0,0.034353647381067276
LR-SBERT,SPAM-0342,5,42,188,1,0.9999868273735046
LR-SBERT,SPAM-0251,3,42,189,1,0.9990392923355103
LR-SBERT,SPAM-0187,4,42,191,1,0.9984288811683655
LR-SBERT,SPAM-0260,3,42,192,1,0.9918394088745117
LR-SBERT,SPAM-0114,4,42,193,1,0.999965488910675
LR-SBERT,HAM-0452,1,42,194,0,0.731879472732544
LR-SBERT,SPAM-0373,2,42,196,1,0.9999974370002747
LR-SBERT,SPAM-0460,5,42,197,1,0.9990686178207397
LR-SBERT,SPAM-0129,2,42,198,1,0.9998558759689331
LR-SBERT,HAM-0093,3,42,199,0,4.299854117562063e-05
LR-SBERT,HAM-0266,1,42,201,0,0.09989502280950546
LR-SBERT,HAM-0108,4,42,202,0,0.0023717901203781366
LR-SBERT,SPAM-0429,5,42,203,1,0.992262065410614
LR-SBERT,SPAM-0002,1,42,204,1,0.9996551275253296
LR-SBERT,HAM-0372,4,42,206,0,4.981199526810087e-05
LR-SBERT,SPAM-0226,2,42,207,1,0.6538004875183105
LR-SBERT,HAM-0123,3,42,208,0,0.0005369159625843167
LR-SBERT,SPAM-0231,5,42,209,1,0.9999486207962036
LR-SBERT,HAM-0019,3,42,211,0,0.0007109340513125062
LR-SBERT,HAM-0097,1,42,212,0,0.006356525234878063
LR-SBERT,SPAM-0299,2,42,213,1,0.999560534954071
LR-SBERT,HAM-0422,4,42,214,0,0.006753613706678152
LR-SBERT,HAM-0288,5,42,216,0,0.00016900857735890895
LR-SBERT,SPAM-0318,1,42,217,1,0.9997672438621521
LR-SBERT,HAM-0065,5,42,218,0,0.13576553761959076
LR-SBERT,HAM-0078,2,42,220,0,0.00011478292435640469
LR-SBERT,SPAM-0005,3,42,221,1,0.9999999403953552
LR-SBERT,HAM-0036,4,42,222,0,0.0006876158295199275
LR-SBERT,HAM-0128,2,42,223,0,0.4214096963405609
LR-SBERT,HAM-0105,1,42,225,0,0.1575978845357895
LR-SBERT,SPAM-0252,3,42,226,1,0.9985266327857971
LR-SBERT,HAM-0345,4,42,227,0,0.6040564179420471
LR-SBERT,HAM-0218,5,42,228,0,5.68377181480173e-05
LR-SBERT,SPAM-0325,5,42,229,1,0.9998152256011963
LR-SBERT,HAM-0381,1,42,231,0,0.000418408599216491
LR-SBERT,SPAM-0486,2,42,232,1,0.8715424537658691
LR-SBERT,SPAM-0488,3,42,233,1,0.9997497797012329
LR-SBERT,HAM-0113,4,42,235,0,0.0003369094629306346
LR-SBERT,SPAM-0426,1,42,236,1,0.9915177822113037
LR-SBERT,HAM-0320,3,42,237,0,2.7690666684065945e-05
LR-SBERT,SPAM-0467,2,42,238,1,0.9999960064888
LR-SBERT,HAM-0313,4,42,240,0,0.0018678925698623061
LR-SBERT,SPAM-0327,5,42,241,1,0.047866739332675934
LR-SBERT,SPAM-0065,5,42,242,1,0.9988130331039429
LR-SBERT,HAM-0375,1,42,243,0,7.108308182068868e-06
LR-SBERT,HAM-0356,2,42,244,0,0.12478656321763992
LR-SBERT,HAM-0367,3,42,245,0,0.00027211481938138604
LR-SBERT,SPAM-0433,4,42,247,1,0.9999883770942688
LR-SBERT,HAM-0145,1,42,248,0,0.006131622474640608
LR-SBERT,SPAM-0431,2,42,249,1,0.9974225759506226
LR-SBERT,SPAM-0243,5,42,251,1,0.9975365400314331
LR-SBERT,HAM-0448,3,42,252,0,0.017832012847065926
LR-SBERT,HAM-0202,4,42,253,0,0.017427047714591026
LR-SBERT,SPAM-0103,4,42,254,1,0.9995266199111938
LR-SBERT,SPAM-0335,1,42,256,1,0.9999995231628418
LR-SBERT,HAM-0373,2,42,257,0,1.0651378943293821e-05
LR-SBERT,SPAM-0031,3,42,258,1,1.0
LR-SBERT,HAM-0312,5,42,260,0,6.850366844446398e-06
LR-SBERT,SPAM-0301,1,42,261,1,0.9990865588188171
LR-SBERT,SPAM-0200,2,42,262,1,0.6946998238563538
LR-SBERT,HAM-0091,3,42,263,0,4.436083145265002e-06
LR-SBERT,SPAM-0069,4,42,265,1,0.9999784827232361
LR-SBERT,SPAM-0420,5,42,266,1,0.9882310628890991
LR-SBERT,HAM-0165,1,42,267,0,0.028466690331697464
LR-SBERT,SPAM-0104,3,42,268,1,0.9993513226509094
LR-SBERT,SPAM-0361,2,42,269,1,0.7453687787055969
LR-SBERT,HAM-0172,5,42,271,0,0.011454644612967968
LR-SBERT,HAM-0226,4,42,272,0,0.0007599132950417697
LR-SBERT,SPAM-0253,1,42,273,1,0.9999479055404663
LR-SBERT,HAM-0171,2,42,275,0,0.035335469990968704
LR-SBERT,HAM-0203,4,42,276,0,0.01817203313112259
LR-SBERT,HAM-0497,3,42,277,0,0.06733553111553192
LR-SBERT,HAM-0156,5,42,278,0,3.764123539440334e-05
LR-SBERT,SPAM-0298,5,42,279,1,0.9955425262451172
LR-SBERT,HAM-0340,1,42,280,0,0.0001199289908981882
LR-SBERT,SPAM-0216,2,42,282,1,0.9983538389205933
LR-SBERT,SPAM-0177,3,42,283,1,0.9999900460243225
LR-SBERT,HAM-0129,4,42,285,0,0.6322252154350281
LR-SBERT,HAM-0449,2,42,286,0,0.4290970265865326
LR-SBERT,HAM-0400,3,42,287,0,0.0006005351315252483
LR-SBERT,SPAM-0025,5,42,288,1,0.9997154474258423
LR-SBERT,HAM-0399,5,42,289,0,0.0005835620104335248
LR-SBERT,HAM-0142,1,42,291,0,0.0013374945847317576
LR-SBERT,SPAM-0205,4,42,292,1,0.9999998807907104
LR-SBERT,HAM-0086,1,42,293,0,0.0076865763403475285
LR-SBERT,SPAM-0085,2,42,295,1,0.9999428391456604
LR-SBERT,SPAM-0496,3,42,296,1,0.9998853206634521
LR-SBERT,HAM-0456,4,42,297,0,9.008289634948596e-05
LR-SBERT,SPAM-0014,4,42,298,1,0.01704220473766327
LR-SBERT,HAM-0348,1,42,299,0,0.04189504310488701
LR-SBERT,HAM-0304,2,42,301,0,0.0014338265173137188
LR-SBERT,HAM-0482,3,42,302,0,0.0011557363905012608
LR-SBERT,HAM-0087,5,42,303,0,3.989591164099693e-07
LR-SBERT,HAM-0267,1,42,304,0,0.11994557827711105
LR-SBERT,SPAM-0314,2,42,306,1,0.9993839263916016
LR-SBERT,HAM-0287,5,42,307,0,0.011954173445701599
LR-SBERT,SPAM-0464,3,42,308,1,0.9873138666152954
LR-SBERT,HAM-0199,4,42,309,0,7.897094178588304e-08
LR-SBERT,SPAM-0046,1,42,311,1,0.8569743037223816
LR-SBERT,HAM-0493,2,42,312,0,0.0031326962634921074
LR-SBERT,SPAM-0341,3,42,313,1,0.9996215105056763
LR-SBERT,SPAM-0356,4,42,314,1,0.999998152256012
LR-SBERT,SPAM-0305,5,42,316,1,0.9961113333702087
LR-SBERT,HAM-0444,5,42,317,0,9.015685645863414e-05
LR-SBERT,HAM-0362,1,42,318,0,0.0013714374508708715
LR-SBERT,SPAM-0156,2,42,320,1,0.9905792474746704
LR-SBERT,HAM-0014,3,42,321,0,1.830214932851959e-05
LR-SBERT,HAM-0447,4,42,322,0,5.403052637120709e-05
LR-SBERT,SPAM-0445,1,42,323,1,1.0
LR-SBERT,SPAM-0451,4,42,324,1,0.9720056653022766
LR-SBERT,SPAM-0495,2,42,326,1,0.9999918937683105
LR-SBERT,HAM-0230,5,42,327,0,9.511218195257243e-06
LR-SBERT,SPAM-0054,3,42,328,1,0.9999999403953552
LR-SBERT,HAM-0045,1,42,330,0,0.0006868363125249743
LR-SBERT,HAM-0068,2,42,331,0,1.4053593076823745e-05
LR-SBERT,SPAM-0089,3,42,332,1,0.3900707960128784
LR-SBERT,HAM-0467,4,42,333,0,0.018201911821961403
LR-SBERT,HAM-0228,5,42,335,0,0.018154161050915718
LR-SBERT,HAM-0158,1,42,336,0,0.0029090328607708216
LR-SBERT,HAM-0003,2,42,337,0,0.008727297186851501
LR-SBERT,SPAM-0394,4,42,338,1,0.9999105930328369
LR-SBERT,SPAM-0209,5,42,340,1,0.9999904036521912
LR-SBERT,HAM-0163,3,42,341,0,0.058273885399103165
LR-SBERT,HAM-0394,3,42,342,0,0.06436049193143845
LR-SBERT,SPAM-0322,1,42,343,1,0.9196767807006836
LR-SBERT,HAM-0421,2,42,345,0,0.26312142610549927
LR-SBERT,HAM-0079,4,42,346,0,0.06958528608083725
LR-SBERT,SPAM-0436,5,42,347,1,0.987791121006012
LR-SBERT,HAM-0433,1,42,348,0,0.26140591502189636
LR-SBERT,HAM-0127,2,42,350,0,0.6334200501441956
LR-SBERT,HAM-0152,4,42,351,0,0.772140383720398
LR-SBERT,SPAM-0007,3,42,352,1,0.9999998211860657
LR-SBERT,SPAM-0459,5,42,353,1,0.9620418548583984
LR-SBERT,SPAM-0096,3,42,355,1,0.8393936157226562
LR-SBERT,HAM-0300,1,42,356,0,3.262931204517372e-05
LR-SBERT,HAM-0349,2,42,357,0,6.832904909970239e-05
LR-SBERT,HAM-0096,5,42,358,0,0.00044952306780032814
LR-SBERT,HAM-0222,4,42,359,0,0.0010681661078706384
LR-SBERT,HAM-0284,4,42,361,0,0.00020857200433965772
LR-SBERT,SPAM-0192,1,42,362,1,0.9998905062675476
LR-SBERT,HAM-0117,2,42,363,0,0.0033134734258055687
LR-SBERT,SPAM-0270,3,42,365,1,0.849758505821228
LR-SBERT,HAM-0140,5,42,366,0,0.06145031750202179
LR-SBERT,SPAM-0482,2,42,367,1,0.99997478723526
LR-SBERT,SPAM-0077,1,42,368,1,0.9999945759773254
LR-SBERT,HAM-0401,3,42,370,0,0.05606445297598839
LR-SBERT,SPAM-0490,4,42,371,1,0.9052291512489319
LR-SBERT,SPAM-0302,5,42,372,1,0.9977362751960754
LR-SBERT,SPAM-0139,3,42,373,1,0.9999125003814697
LR-SBERT,HAM-0175,1,42,374,0,0.00026630741194821894
LR-SBERT,HAM-0119,2,42,376,0,4.484265900828177e-06
LR-SBERT,SPAM-0035,4,42,377,1,0.9999908804893494
LR-SBERT,HAM-0051,5,42,378,0,0.00014105458103585988
LR-SBERT,HAM-0028,1,42,379,0,0.00010386380017735064
LR-SBERT,HAM-0178,5,42,380,0,0.0024192703422158957
LR-SBERT,HAM-0257,2,42,382,0,0.005142299458384514
LR-SBERT,HAM-0462,3,42,383,0,0.01483842171728611
LR-SBERT,SPAM-0264,4,42,384,1,0.9993399381637573
LR-SBERT,HAM-0072,1,42,386,0,0.5643919110298157
LR-SBERT,HAM-0379,2,42,387,0,0.02235114388167858
LR-SBERT,SPAM-0256,4,42,388,1,0.9998834729194641
LR-SBERT,SPAM-0102,3,42,390,1,0.987838625907898
LR-SBERT,HAM-0277,5,42,391,0,0.010814088396728039
LR-SBERT,HAM-0347,1,42,392,0,0.00012350361794233322
LR-SBERT,HAM-0200,2,42,393,0,0.12560880184173584
LR-SBERT,SPAM-0030,4,42,395,1,0.9712722897529602
LR-SBERT,SPAM-0463,5,42,396,1,0.9813488721847534
LR-SBERT,HAM-0454,3,42,398,0,0.00047360826283693314
LR-SBERT,HAM-0040,1,42,399,0,0.00021339976228773594
LR-SBERT,HAM-0365,2,42,401,0,0.00021076867415104061
LR-SBERT,SPAM-0116,3,42,402,1,0.9998630285263062
LR-SBERT,HAM-0074,4,42,403,0,1.7242349713342264e-05
LR-SBERT,HAM-0301,5,42,404,0,0.00019813342078123242
LR-SBERT,HAM-0486,1,42,406,0,0.0072355144657194614
LR-SBERT,SPAM-0414,2,42,407,1,0.999833881855011
LR-SBERT,SPAM-0056,4,42,408,1,0.9014882445335388
LR-SBERT,HAM-0445,3,42,409,0,0.00013334160030353814
LR-SBERT,HAM-0289,5,42,411,0,0.0009190713753923774
LR-SBERT,SPAM-0441,5,42,412,1,0.9859318137168884
LR-SBERT,SPAM-0182,1,42,413,1,0.9989193677902222
LR-SBERT,SPAM-0250,2,42,414,1,0.8899970650672913
LR-SBERT,SPAM-0185,3,42,416,1,0.9999675154685974
LR-SBERT,SPAM-0208,4,42,417,1,0.8658331632614136
LR-SBERT,HAM-0439,3,42,418,0,1.389248609484639e-05
LR-SBERT,HAM-0291,4,42,419,0,0.015546051785349846
LR-SBERT,SPAM-0175,1,42,420,1,0.9999727010726929
LR-SBERT,HAM-0109,2,42,421,0,0.003022615099325776
LR-SBERT,HAM-0022,5,42,423,0,0.07858087867498398
LR-SBERT,HAM-0271,1,42,424,0,0.014096089638769627
LR-SBERT,SPAM-0160,3,42,426,1,0.6469248533248901
LR-SBERT,HAM-0170,2,42,427,0,0.15749835968017578
LR-SBERT,HAM-0402,4,42,428,0,3.078279041801579e-05
LR-SBERT,HAM-0331,5,42,429,0,6.858644337626174e-05
LR-SBERT,SPAM-0344,1,42,430,1,0.9971771240234375
LR-SBERT,HAM-0043,4,42,432,0,4.608111936477144e-08
LR-SBERT,HAM-0088,2,42,433,0,0.001012468128465116
LR-SBERT,HAM-0360,3,42,434,0,0.00028732282225973904
LR-SBERT,SPAM-0365,5,42,436,1,0.9870694279670715
LR-SBERT,HAM-0029,1,42,437,0,0.0037678652442991734
LR-SBERT,HAM-0244,4,42,438,0,0.002942569088190794
LR-SBERT,HAM-0495,2,42,439,0,0.003117285668849945
LR-SBERT,SPAM-0075,3,42,441,1,0.9997091889381409
LR-SBERT,SPAM-0202,5,42,442,1,0.9988973736763
LR-SBERT,HAM-0048,1,42,443,0,0.10037940740585327
LR-SBERT,SPAM-0180,2,42,444,1,0.704235315322876
LR-SBERT,HAM-0333,5,42,446,0,0.00017853881581686437
LR-SBERT,HAM-0440,3,42,447,0,0.0328151173889637
LR-SBERT,HAM-0335,4,42,448,0,1.9076203443546547e-06
LR-SBERT,HAM-0042,1,42,449,0,0.0002038803941104561
LR-SBERT,SPAM-0091,1,42,451,1,0.9999945759773254
LR-SBERT,HAM-0351,2,42,452,0,2.3494510969612747e-05
LR-SBERT,SPAM-0254,3,42,453,1,0.9961991310119629
LR-SBERT,SPAM-0171,4,42,454,1,0.9989253878593445
LR-SBERT,SPAM-0472,5,42,456,1,0.8810474276542664
LR-SBERT,SPAM-0068,2,42,457,1,0.29983261227607727
LR-SBERT,SPAM-0122,4,42,458,1,0.9982892870903015
LR-SBERT,SPAM-0393,5,42,459,1,0.9999979734420776
LR-SBERT,SPAM-0009,1,42,460,1,0.9999997615814209
LR-SBERT,SPAM-0086,3,42,461,1,0.9979379773139954
LR-SBERT,HAM-0408,1,42,463,0,0.016057848930358887
LR-SBERT,SPAM-0196,2,42,464,1,0.8778061270713806
LR-SBERT,HAM-0182,3,42,465,0,0.004490649327635765
LR-SBERT,HAM-0130,4,42,467,0,1.698976666375529e-05
LR-SBERT,HAM-0270,5,42,468,0,0.002422867575660348
LR-SBERT,HAM-0318,1,42,469,0,0.00027225841768085957
LR-SBERT,HAM-0099,2,42,470,0,0.00016833789413794875
LR-SBERT,HAM-0124,3,42,471,0,0.00021229196863714606
LR-SBERT,HAM-0269,5,42,473,0,0.004886026494204998
LR-SBERT,SPAM-0020,4,42,474,1,0.9984214901924133
LR-SBERT,HAM-0471,1,42,475,0,0.0031763429287821054
LR-SBERT,SPAM-0398,2,42,477,1,0.9990845918655396
LR-SBERT,SPAM-0283,3,42,478,1,0.8447010517120361
LR-SBERT,HAM-0413,4,42,479,0,0.07778862118721008
LR-SBERT,HAM-0221,5,42,480,0,0.03975009173154831
LR-SBERT,SPAM-0480,2,42,482,1,0.7173910140991211
LR-SBERT,SPAM-0413,1,42,483,1,0.9999683499336243
LR-SBERT,HAM-0258,4,42,484,0,0.0005844979314133525
LR-SBERT,SPAM-0497,3,42,485,1,0.9960151314735413
LR-SBERT,SPAM-0138,5,42,486,1,0.8876755237579346
LR-SBERT,SPAM-0363,1,42,488,1,0.9958200454711914
LR-SBERT,HAM-0370,2,42,489,0,0.01169275026768446
LR-SBERT,HAM-0272,3,42,490,0,9.043556019605603e-06
LR-SBERT,SPAM-0019,4,42,492,1,0.9999996423721313
LR-SBERT,SPAM-0247,5,42,493,1,0.999990701675415
LR-SBERT,SPAM-0173,3,42,494,1,0.9989529252052307
LR-SBERT,HAM-0273,2,42,495,0,0.000616525299847126
LR-SBERT,HAM-0009,4,42,497,0,0.0003669926954898983
LR-SBERT,HAM-0250,5,42,498,0,0.0072906408458948135
LR-SBERT,SPAM-0268,3,42,499,1,0.9999006390571594
LR-SBERT,HAM-0248,1,42,500,0,0.011984612792730331
LR-SBERT,SPAM-0437,1,42,502,1,0.9986354112625122
LR-SBERT,HAM-0479,2,42,503,0,0.05816834419965744
LR-SBERT,HAM-0342,4,42,504,0,0.4539438784122467
LR-SBERT,SPAM-0281,5,42,505,1,0.9784590005874634
LR-SBERT,HAM-0031,2,42,507,0,0.0020437482744455338
LR-SBERT,HAM-0192,1,42,508,0,0.008227871730923653
LR-SBERT,HAM-0234,4,42,509,0,0.00041525979759171605
LR-SBERT,HAM-0259,3,42,510,0,0.5824405550956726
LR-SBERT,SPAM-0376,5,42,512,1,0.99958735704422
LR-SBERT,HAM-0155,1,42,513,0,0.5649803876876831
LR-SBERT,HAM-0070,5,42,514,0,5.512758320946887e-07
LR-SBERT,HAM-0237,2,42,515,0,0.09654385596513748
LR-SBERT,SPAM-0417,3,42,516,1,0.9980931878089905
LR-SBERT,SPAM-0462,4,42,518,1,0.9874995350837708
LR-SBERT,SPAM-0158,1,42,519,1,0.371686726808548
LR-SBERT,HAM-0077,2,42,520,0,1.936888656928204e-05
LR-SBERT,SPAM-0161,3,42,521,1,0.9999997019767761
LR-SBERT,SPAM-0115,4,42,523,1,0.9999884366989136
LR-SBERT,SPAM-0032,5,42,524,1,0.9909824728965759
LR-SBERT,SPAM-0149,1,42,525,1,0.896460235118866
LR-SBERT,HAM-0174,5,42,526,0,0.994885265827179
LR-SBERT,HAM-0173,2,42,528,0,0.3605906367301941
LR-SBERT,SPAM-0176,3,42,529,1,0.9986364245414734
LR-SBERT,SPAM-0003,4,42,530,1,0.9095287322998047
LR-SBERT,SPAM-0352,3,42,532,1,0.987038254737854
LR-SBERT,SPAM-0347,1,42,533,1,0.9999109506607056
LR-SBERT,SPAM-0012,2,42,534,1,0.9998401999473572
LR-SBERT,HAM-0252,4,42,535,0,4.513799649430439e-05
LR-SBERT,SPAM-0419,5,42,537,1,0.9983335137367249
LR-SBERT,SPAM-0317,3,42,538,1,0.999999463558197
LR-SBERT,HAM-0201,1,42,539,0,4.458677722141147e-06
LR-SBERT,SPAM-0284,2,42,540,1,0.999992311000824
LR-SBERT,SPAM-0291,4,42,541,1,0.9999169111251831
LR-SBERT,SPAM-0388,5,42,542,1,0.9988930225372314
LR-SBERT,SPAM-0407,4,42,544,1,0.0016224473947659135
LR-SBERT,SPAM-0461,1,42,545,1,0.9918128252029419
LR-SBERT,SPAM-0265,2,42,547,1,0.9950275421142578
LR-SBERT,SPAM-0135,3,42,548,1,0.8465287089347839
LR-SBERT,HAM-0321,5,42,549,0,0.0001342107425443828
LR-SBERT,SPAM-0223,3,42,550,1,0.9924929738044739
LR-SBERT,SPAM-0476,4,42,551,1,0.9381675124168396
LR-SBERT,HAM-0481,5,42,553,0,0.001687122043222189
LR-SBERT,HAM-0101,1,42,554,0,0.0026821575593203306
LR-SBERT,SPAM-0415,2,42,555,1,0.9929804801940918
LR-SBERT,SPAM-0010,1,42,556,1,0.9999998211860657
LR-SBERT,SPAM-0309,2,42,558,1,0.7568504214286804
LR-SBERT,SPAM-0311,3,42,559,1,0.9999406933784485
LR-SBERT,SPAM-0229,4,42,560,1,0.939992368221283
LR-SBERT,HAM-0368,5,42,561,0,5.246783257462084e-05
LR-SBERT,HAM-0478,2,42,563,0,0.10759192705154419
LR-SBERT,HAM-0390,3,42,564,0,0.0004048340197186917
LR-SBERT,HAM-0290,1,42,565,0,0.00036098359851166606
LR-SBERT,SPAM-0066,4,42,567,1,0.9997975826263428
LR-SBERT,SPAM-0435,3,42,313,1,0.999594509601593
LR-SBERT,SPAM-0383,5,42,568,1,0.9999089241027832
LR-SBERT,HAM-0210,1,42,569,0,0.06693653017282486
LR-SBERT,SPAM-0099,2,42,570,1,0.5337850451469421
LR-SBERT,SPAM-0293,5,42,572,1,0.05958707258105278
LR-SBERT,HAM-0195,3,42,573,0,0.007177611812949181
LR-SBERT,HAM-0217,4,42,574,0,0.001885002595372498
LR-SBERT,HAM-0016,3,42,575,0,5.6789385780575685e-06
LR-SBERT,HAM-0341,1,42,577,0,5.1086099119856954e-05
LR-SBERT,HAM-0214,2,42,578,0,0.006573400925844908
LR-SBERT,SPAM-0449,4,42,579,1,0.9981510639190674
LR-SBERT,SPAM-0151,5,42,580,1,0.9970927834510803
LR-SBERT,HAM-0193,2,42,582,0,0.06158404424786568
LR-SBERT,SPAM-0484,5,42,583,1,0.9999677538871765
LR-SBERT,HAM-0041,1,42,584,0,8.712539420230314e-05
LR-SBERT,SPAM-0201,3,42,585,1,0.9998815655708313
LR-SBERT,HAM-0275,4,42,586,0,0.0008945828303694725
LR-SBERT,HAM-0196,5,42,588,0,0.024363480508327484
LR-SBERT,SPAM-0049,4,42,589,1,0.9614421129226685
LR-SBERT,HAM-0095,1,42,590,0,0.9947587251663208
LR-SBERT,HAM-0380,2,42,591,0,0.01331875566393137
LR-SBERT,SPAM-0456,3,42,593,1,0.9994679689407349
LR-SBERT,SPAM-0384,5,42,594,1,0.9943827986717224
LR-SBERT,HAM-0209,2,42,595,0,0.0003221843799110502
LR-SBERT,SPAM-0434,1,42,597,1,0.9895045161247253
LR-SBERT,HAM-0398,4,42,598,0,0.00011007794819306582
LR-SBERT,SPAM-0364,3,42,599,1,0.9999388456344604
LR-SBERT,SPAM-0043,5,42,600,1,0.9944488406181335
LR-SBERT,SPAM-0438,1,42,601,1,0.9989411234855652
LR-SBERT,HAM-0423,2,42,603,0,0.014685619622468948
LR-SBERT,SPAM-0443,4,42,604,1,0.9999971389770508
LR-SBERT,SPAM-0233,3,42,605,1,0.9999998211860657
LR-SBERT,SPAM-0183,5,42,606,1,0.9999983906745911
LR-SBERT,SPAM-0117,1,42,608,1,0.9310281276702881
LR-SBERT,SPAM-0492,5,42,609,1,0.9999145865440369
LR-SBERT,SPAM-0166,2,42,610,1,0.9987081289291382
LR-SBERT,SPAM-0343,3,42,612,1,0.9983577728271484
LR-SBERT,HAM-0189,4,42,613,0,0.2953289747238159
LR-SBERT,HAM-0386,1,42,614,0,4.08769028581446e-06
LR-SBERT,SPAM-0134,2,42,615,1,0.9999514222145081
LR-SBERT,SPAM-0308,3,42,617,1,0.8032445311546326
LR-SBERT,HAM-0427,4,42,618,0,0.007546471431851387
LR-SBERT,SPAM-0144,5,42,619,1,0.999907374382019
LR-SBERT,SPAM-0038,1,42,620,1,0.10170580446720123
LR-SBERT,SPAM-0278,3,42,622,1,0.9999958872795105
LR-SBERT,HAM-0049,4,42,623,0,3.3231775887543336e-05
LR-SBERT,SPAM-0381,2,42,624,1,0.9998485445976257
LR-SBERT,SPAM-0070,5,42,625,1,0.9999973177909851
LR-SBERT,SPAM-0340,1,42,627,1,0.193124458193779
LR-SBERT,SPAM-0106,3,42,628,1,0.9998090863227844
LR-SBERT,SPAM-0071,2,42,629,1,0.9999425411224365
LR-SBERT,HAM-0063,4,42,630,0,1.7789070625440218e-05
LR-SBERT,HAM-0308,5,42,632,0,0.20312468707561493
LR-SBERT,SPAM-0424,5,42,633,1,0.9999999403953552
LR-SBERT,SPAM-0399,1,42,634,1,0.9837258458137512
LR-SBERT,SPAM-0034,3,42,635,1,0.9999977350234985
LR-SBERT,SPAM-0316,2,42,637,1,0.9998451471328735
LR-SBERT,HAM-0243,4,42,638,0,0.0005211604293435812
LR-SBERT,SPAM-0403,1,42,639,1,0.9734477996826172
LR-SBERT,SPAM-0159,5,42,640,1,0.6264357566833496
LR-SBERT,SPAM-0092,2,42,641,1,0.9974002242088318
LR-SBERT,HAM-0327,3,42,642,0,0.9879577159881592
LR-SBERT,SPAM-0153,4,42,644,1,0.999861478805542
LR-SBERT,SPAM-0378,1,42,645,1,0.778692901134491
LR-SBERT,SPAM-0328,3,42,647,1,0.9999977350234985
LR-SBERT,HAM-0058,2,42,648,0,0.003471642266958952
LR-SBERT,HAM-0223,4,42,649,0,0.01990460604429245
LR-SBERT,SPAM-0248,5,42,650,1,0.9385773539543152
LR-SBERT,HAM-0450,1,42,652,0,0.0024572459515184164
LR-SBERT,HAM-0412,4,42,653,0,0.0003058572474401444
LR-SBERT,HAM-0046,3,42,654,0,7.403291419905145e-07
LR-SBERT,HAM-0251,2,42,655,0,0.000273599085630849
LR-SBERT,HAM-0050,5,42,656,0,0.10578329861164093
LR-SBERT,SPAM-0113,1,42,657,1,0.9992610216140747
LR-SBERT,HAM-0035,3,42,659,0,0.0009441350121051073
LR-SBERT,SPAM-0109,5,42,660,1,0.997025728225708
LR-SBERT,HAM-0069,2,42,662,0,0.058546751737594604
LR-SBERT,HAM-0212,4,42,663,0,0.010124165564775467
LR-SBERT,HAM-0247,4,42,664,0,0.0019400784512981772
LR-SBERT,HAM-0017,1,42,665,0,0.0023374042939394712
LR-SBERT,SPAM-0296,2,42,666,1,0.9999968409538269
LR-SBERT,HAM-0430,3,42,667,0,6.749053136445582e-05
LR-SBERT,SPAM-0387,5,42,669,1,1.0
LR-SBERT,HAM-0194,2,42,670,0,0.004837885499000549
LR-SBERT,HAM-0283,4,42,671,0,0.0014320544432848692
LR-SBERT,SPAM-0455,3,42,673,1,0.9999999403953552
LR-SBERT,HAM-0472,1,42,674,0,6.655584002146497e-05
LR-SBERT,SPAM-0319,5,42,675,1,0.9999996423721313
LR-SBERT,HAM-0236,1,42,676,0,0.0016173826297745109
LR-SBERT,SPAM-0045,3,42,678,1,0.999992311000824
LR-SBERT,HAM-0435,5,42,679,0,0.008240316063165665
LR-SBERT,SPAM-0058,2,42,680,1,0.9997052550315857
LR-SBERT,HAM-0475,4,42,681,0,0.0006368806934915483
LR-SBERT,SPAM-0375,4,42,682,1,0.9988967776298523
LR-SBERT,SPAM-0225,1,42,684,1,0.9997784495353699
LR-SBERT,HAM-0229,2,42,685,0,0.21380028128623962
LR-SBERT,SPAM-0042,3,42,687,1,0.09911760687828064
LR-SBERT,HAM-0403,5,42,688,0,0.03097260184586048
LR-SBERT,SPAM-0405,3,42,689,1,0.9999286532402039
LR-SBERT,HAM-0183,4,42,690,0,0.00035484114778228104
LR-SBERT,HAM-0357,1,42,692,0,0.00014557612303178757
LR-SBERT,SPAM-0346,2,42,693,1,0.9999950528144836
LR-SBERT,SPAM-0286,5,42,694,1,0.997439444065094
LR-SBERT,SPAM-0053,2,42,695,1,0.9999890923500061
LR-SBERT,HAM-0083,1,42,697,0,0.01394119206815958
LR-SBERT,HAM-0385,3,42,698,0,3.9814767660573125e-06
LR-SBERT,HAM-0387,4,42,699,0,0.022498734295368195
LR-SBERT,HAM-0460,5,42,700,0,0.0001374825369566679
LR-SBERT,HAM-0392,1,42,701,0,0.15515249967575073
LR-SBERT,HAM-0431,2,42,703,0,0.9452453255653381
LR-SBERT,SPAM-0401,3,42,704,1,0.9999756813049316
LR-SBERT,SPAM-0368,4,42,705,1,0.9996610879898071
LR-SBERT,HAM-0139,5,42,706,0,4.1381670598639175e-05
LR-SBERT,HAM-0185,1,42,707,0,0.03042248636484146
LR-SBERT,HAM-0294,2,42,709,0,0.02464252896606922
LR-SBERT,HAM-0033,3,42,710,0,0.004285425879061222
LR-SBERT,HAM-0071,4,42,712,0,0.34842199087142944
LR-SBERT,HAM-0062,5,42,713,0,5.464594323711935e-07
LR-SBERT,SPAM-0055,5,42,714,1,0.9006061553955078
LR-SBERT,HAM-0066,1,42,715,0,0.0002903891436289996
LR-SBERT,SPAM-0218,2,42,716,1,0.9999367594718933
LR-SBERT,HAM-0434,3,42,718,0,0.00019942283688578755
LR-SBERT,HAM-0047,4,42,719,0,0.002072701696306467
LR-SBERT,HAM-0075,1,42,720,0,0.011271887458860874
LR-SBERT,SPAM-0093,2,42,721,1,0.8763808608055115
LR-SBERT,SPAM-0273,3,42,722,1,0.9988394379615784
LR-SBERT,HAM-0261,4,42,724,0,0.007480213418602943
LR-SBERT,HAM-0406,5,42,725,0,0.010204249992966652
LR-SBERT,HAM-0316,1,42,727,0,0.0398506335914135
LR-SBERT,SPAM-0189,2,42,728,1,0.9999990463256836
LR-SBERT,HAM-0474,3,42,729,0,0.003146791597828269
LR-SBERT,SPAM-0073,4,42,730,1,0.9998743534088135
LR-SBERT,SPAM-0262,5,42,732,1,0.9791295528411865
LR-SBERT,HAM-0468,3,42,733,0,1.6174969914573012e-06
LR-SBERT,SPAM-0279,1,42,734,1,0.9975951313972473
LR-SBERT,SPAM-0026,2,42,735,1,0.9999319314956665
LR-SBERT,HAM-0465,4,42,737,0,0.0015042426530271769
LR-SBERT,HAM-0057,5,42,738,0,0.00024726008996367455
LR-SBERT,HAM-0457,2,42,739,0,2.7148824301548302e-05
LR-SBERT,SPAM-0023,3,42,740,1,0.9994069337844849
LR-SBERT,SPAM-0483,1,42,742,1,0.024611737579107285
LR-SBERT,SPAM-0098,4,42,743,1,0.9998615980148315
LR-SBERT,SPAM-0422,5,42,744,1,0.9997385740280151
LR-SBERT,HAM-0211,4,42,745,0,0.7201203107833862
LR-SBERT,SPAM-0271,1,42,746,1,0.9999966621398926
LR-SBERT,HAM-0120,5,42,747,0,0.0005531359347514808
LR-SBERT,SPAM-0033,3,42,749,1,0.24072511494159698
LR-SBERT,SPAM-0334,2,42,750,1,0.9745858311653137
LR-SBERT,HAM-0169,1,42,751,0,0.0016062192153185606
LR-SBERT,SPAM-0050,2,42,753,1,0.993216872215271
LR-SBERT,SPAM-0313,3,42,754,1,0.9999536275863647
LR-SBERT,HAM-0208,4,42,755,0,0.0008114258525893092
LR-SBERT,SPAM-0061,5,42,757,1,0.9997255206108093
LR-SBERT,SPAM-0306,1,42,758,1,0.9998480081558228
LR-SBERT,HAM-0115,2,42,759,0,0.0005460986285470426
LR-SBERT,SPAM-0078,3,42,760,1,0.9999999403953552
LR-SBERT,HAM-0080,4,42,761,0,0.0002797040215227753
LR-SBERT,HAM-0371,5,42,762,0,0.0010334147373214364
LR-SBERT,SPAM-0041,1,42,764,1,0.9999991059303284
LR-SBERT,SPAM-0320,2,42,765,1,0.16053414344787598
LR-SBERT,SPAM-0039,5,42,766,1,0.9607928395271301
LR-SBERT,SPAM-0111,3,42,768,1,0.9998136758804321
LR-SBERT,SPAM-0197,4,42,769,1,0.9999995231628418
LR-SBERT,HAM-0254,3,42,770,0,0.00010654154175426811
LR-SBERT,SPAM-0181,1,42,772,1,0.9999557733535767
LR-SBERT,SPAM-0051,2,42,773,1,0.9997840523719788
LR-SBERT,HAM-0483,4,42,774,0,0.0038188102189451456
LR-SBERT,SPAM-0063,5,42,775,1,0.6429131627082825
LR-SBERT,SPAM-0219,1,42,776,1,0.9811263084411621
LR-SBERT,HAM-0426,2,42,777,0,0.07335175573825836
LR-SBERT,SPAM-0121,3,42,779,1,1.0
LR-SBERT,SPAM-0450,4,42,780,1,0.9474932551383972
LR-SBERT,HAM-0157,2,42,782,0,0.08179783821105957
LR-SBERT,HAM-0490,5,42,783,0,0.005973827093839645
LR-SBERT,HAM-0137,4,42,784,0,0.12747648358345032
LR-SBERT,HAM-0225,5,42,785,0,8.094384975265712e-05
LR-SBERT,HAM-0227,1,42,786,0,0.000823365873657167
LR-SBERT,HAM-0377,2,42,788,0,0.0013729280326515436
LR-SBERT,SPAM-0345,3,42,789,1,0.9999999403953552
LR-SBERT,SPAM-0338,2,42,790,1,0.024179581552743912
LR-SBERT,HAM-0121,1,42,791,0,0.0005656501743942499
LR-SBERT,SPAM-0485,4,42,792,1,0.9999945163726807
LR-SBERT,SPAM-0289,5,42,794,1,0.9994775652885437
LR-SBERT,SPAM-0221,3,42,795,1,0.9999082684516907
LR-SBERT,SPAM-0203,1,42,797,1,0.9998137354850769
LR-SBERT,SPAM-0337,2,42,798,1,0.9998605251312256
LR-SBERT,HAM-0164,4,42,799,0,0.004864819347858429
LR-SBERT,HAM-0315,5,42,800,0,0.0001117229403462261
LR-SBERT,HAM-0477,3,42,801,0,0.24702826142311096
LR-SBERT,SPAM-0184,1,42,803,1,0.9999392032623291
LR-SBERT,HAM-0064,2,42,804,0,0.00040930131217464805
LR-SBERT,SPAM-0321,4,42,805,1,0.9926656484603882
LR-SBERT,HAM-0369,3,42,807,0,0.023797908797860146
LR-SBERT,SPAM-0170,5,42,808,1,0.8845892548561096
LR-SBERT,SPAM-0323,1,42,809,1,0.9992861151695251
LR-SBERT,HAM-0012,5,42,810,0,0.00037092817365191877
LR-SBERT,SPAM-0087,2,42,811,1,0.9948174953460693
LR-SBERT,SPAM-0097,3,42,813,1,0.9951224327087402
LR-SBERT,HAM-0310,4,42,814,0,0.005838304292410612
LR-SBERT,HAM-0338,3,42,815,0,8.657632861286402e-05
LR-SBERT,SPAM-0272,1,42,817,1,0.996363639831543
LR-SBERT,HAM-0458,2,42,818,0,6.979155295994133e-05
LR-SBERT,HAM-0242,4,42,819,0,0.004328782670199871
LR-SBERT,HAM-0393,5,42,820,0,0.0021480387076735497
LR-SBERT,HAM-0268,1,42,821,0,0.009342659264802933
LR-SBERT,HAM-0255,2,42,823,0,0.6742768883705139
LR-SBERT,HAM-0332,3,42,824,0,0.00015985594654921442
LR-SBERT,SPAM-0408,4,42,825,1,0.9998467564582825
LR-SBERT,HAM-0144,5,42,826,0,0.018321679905056953
LR-SBERT,HAM-0098,1,42,828,0,0.08036951720714569
LR-SBERT,SPAM-0432,3,42,829,1,0.9997495412826538
LR-SBERT,HAM-0411,2,42,830,0,0.914210855960846
LR-SBERT,HAM-0089,4,42,831,0,0.0035130344331264496
LR-SBERT,SPAM-0028,5,42,833,1,0.9319708943367004
LR-SBERT,HAM-0438,1,42,834,0,9.177698666462675e-05
LR-SBERT,HAM-0416,2,42,835,0,0.00030340778175741434
LR-SBERT,SPAM-0126,3,42,837,1,0.9557493329048157
LR-SBERT,SPAM-0389,4,42,838,1,0.9421159625053406
LR-SBERT,SPAM-0360,5,42,839,1,0.21199770271778107
LR-SBERT,SPAM-0276,3,42,840,1,0.9996396899223328
LR-SBERT,SPAM-0374,5,42,561,1,0.12840723991394043
LR-SBERT,HAM-0303,1,42,842,0,0.012157018296420574
LR-SBERT,SPAM-0310,2,42,843,1,0.6982100605964661
LR-SBERT,HAM-0346,4,42,844,0,0.00032100421958602965
LR-SBERT,SPAM-0255,5,42,845,1,0.9985834360122681
LR-SBERT,HAM-0015,5,42,846,0,0.0005231816321611404
LR-SBERT,SPAM-0380,1,42,847,1,0.9999677538871765
LR-SBERT,HAM-0264,2,42,849,0,3.648487472673878e-05
LR-SBERT,SPAM-0164,3,42,850,1,0.9998629689216614
LR-SBERT,SPAM-0249,4,42,852,1,0.9791966080665588
LR-SBERT,HAM-0167,4,42,853,0,0.8113555312156677
LR-SBERT,SPAM-0423,5,42,854,1,0.9994081854820251
LR-SBERT,HAM-0116,1,42,855,0,1.7928428860614076e-05
LR-SBERT,HAM-0198,2,42,857,0,0.005088864825665951
LR-SBERT,HAM-0280,3,42,858,0,8.34444654174149e-05
LR-SBERT,HAM-0480,2,42,859,0,6.335088755804463e-07
LR-SBERT,SPAM-0017,1,42,860,1,0.9968132972717285
LR-SBERT,HAM-0138,3,42,861,0,0.024231795221567154
LR-SBERT,SPAM-0037,4,42,863,1,0.9989645481109619
LR-SBERT,SPAM-0469,5,42,864,1,0.9999739527702332
LR-SBERT,SPAM-0157,1,42,865,1,0.9982831478118896
LR-SBERT,HAM-0292,4,42,867,0,0.00039637822192162275
LR-SBERT,HAM-0344,2,42,868,0,0.00085213512647897
LR-SBERT,HAM-0110,3,42,869,0,0.00019090277783107013
LR-SBERT,SPAM-0118,5,42,870,1,0.8404257893562317
LR-SBERT,SPAM-0493,1,42,872,1,0.8880633115768433
LR-SBERT,HAM-0010,2,42,873,0,7.261584687512368e-05
LR-SBERT,SPAM-0390,4,42,874,1,0.9999935626983643
LR-SBERT,HAM-0297,3,42,875,0,0.0004480669158510864
LR-SBERT,HAM-0191,5,42,877,0,0.0016617694636806846
LR-SBERT,SPAM-0008,3,42,878,1,0.9876862168312073
LR-SBERT,SPAM-0307,1,42,879,1,0.9994361400604248
LR-SBERT,HAM-0407,2,42,880,0,0.0029144722502678633
LR-SBERT,HAM-0038,4,42,882,0,0.004629538394510746
LR-SBERT,HAM-0181,5,42,883,0,0.007935825735330582
LR-SBERT,SPAM-0358,1,42,884,1,0.9966749548912048
LR-SBERT,HAM-0428,2,42,885,0,0.0007705476018600166
LR-SBERT,HAM-0039,3,42,887,0,0.0016690489137545228
LR-SBERT,SPAM-0371,4,42,888,1,0.9999644756317139
LR-SBERT,SPAM-0241,5,42,889,1,0.9782939553260803
LR-SBERT,SPAM-0257,4,42,890,1,0.08210645616054535
LR-SBERT,SPAM-0048,2,42,891,1,0.9999986886978149
LR-SBERT,SPAM-0471,4,42,893,1,0.9990512728691101
LR-SBERT,SPAM-0168,1,42,894,1,0.9997971057891846
LR-SBERT,HAM-0092,3,42,895,0,0.00017825688701123
LR-SBERT,SPAM-0288,5,42,896,1,0.9976040720939636
LR-SBERT,SPAM-0162,1,42,898,1,0.9446109533309937
LR-SBERT,HAM-0293,3,42,899,0,1.744023938954342e-05
LR-SBERT,HAM-0329,2,42,900,0,1.7625588952796534e-05
LR-SBERT,SPAM-0458,4,42,901,1,0.9999262094497681
LR-SBERT,HAM-0205,5,42,903,0,0.00578412925824523
LR-SBERT,SPAM-0167,1,42,904,1,0.9999536871910095
LR-SBERT,HAM-0489,2,42,905,0,0.00190927239600569
LR-SBERT,SPAM-0400,3,42,907,1,0.103699691593647
LR-SBERT,SPAM-0402,4,42,908,1,0.9999929070472717
LR-SBERT,SPAM-0169,5,42,909,1,0.9988164305686951
LR-SBERT,HAM-0417,1,42,910,0,0.04734667390584946
LR-SBERT,HAM-0162,5,42,911,0,0.0002845686976797879
LR-SBERT,HAM-0006,2,42,913,0,2.2891726985108107e-06
LR-SBERT,SPAM-0440,3,42,914,1,0.9838085770606995
LR-SBERT,SPAM-0489,4,42,915,1,0.9986722469329834
LR-SBERT,SPAM-0198,1,42,916,1,0.9997485876083374
LR-SBERT,HAM-0484,3,42,918,0,0.011656875722110271
LR-SBERT,SPAM-0235,5,42,919,1,0.9997898936271667
LR-SBERT,HAM-0339,4,42,920,0,0.007012837566435337
LR-SBERT,HAM-0424,2,42,921,0,0.0013874577125534415
LR-SBERT,HAM-0103,1,42,922,0,0.005154533311724663
LR-SBERT,HAM-0239,2,42,924,0,0.0010272425133734941
LR-SBERT,SPAM-0154,4,42,567,1,0.9997391700744629
LR-SBERT,HAM-0232,3,42,925,0,0.012568388134241104
LR-SBERT,SPAM-0044,4,42,926,1,0.9996678233146667
LR-SBERT,SPAM-0427,5,42,927,1,0.7876186966896057
LR-SBERT,HAM-0052,2,42,929,0,7.253632929860032e-07
LR-SBERT,HAM-0249,1,42,930,0,0.0011676708236336708
LR-SBERT,HAM-0246,3,42,931,0,0.0009388740290887654
LR-SBERT,SPAM-0101,4,42,932,1,0.9545462131500244
LR-SBERT,SPAM-0131,5,42,934,1,0.030497048050165176
LR-SBERT,HAM-0112,3,42,935,0,0.018921704962849617
LR-SBERT,HAM-0141,5,42,936,0,0.00022225009161047637
LR-SBERT,HAM-0279,4,42,937,0,0.0004622240085154772
LR-SBERT,SPAM-0076,1,42,939,1,0.9958099126815796
LR-SBERT,HAM-0278,2,42,940,0,2.464213366693002e-06
LR-SBERT,SPAM-0052,4,42,941,1,0.9999992847442627
LR-SBERT,HAM-0207,1,42,943,0,0.0014737779274582863
LR-SBERT,HAM-0220,2,42,944,0,2.4247896362794563e-05
LR-SBERT,HAM-0491,3,42,945,0,0.00021616222511511296
LR-SBERT,SPAM-0266,5,42,946,1,0.9999364018440247
LR-SBERT,HAM-0263,1,42,947,0,1.1012272125299205e-06
LR-SBERT,HAM-0453,2,42,949,0,7.20779353287071e-05
LR-SBERT,SPAM-0447,3,42,950,1,0.2901216149330139
LR-SBERT,HAM-0355,4,42,951,0,0.0004962466191500425
LR-SBERT,HAM-0081,1,42,513,0,0.6400755643844604
LR-SBERT,SPAM-0473,5,42,953,1,0.9999540448188782
LR-SBERT,HAM-0044,5,42,954,0,0.0006287948344834149
LR-SBERT,HAM-0298,1,42,955,0,7.294993702089414e-05
LR-SBERT,HAM-0150,2,42,956,0,6.406819738913327e-05
LR-SBERT,SPAM-0292,3,42,958,1,0.9994977116584778
LR-SBERT,HAM-0354,4,42,959,0,0.3441358804702759
LR-SBERT,SPAM-0339,1,42,960,1,0.9989970922470093
LR-SBERT,HAM-0405,2,42,961,0,0.0012825554003939033
LR-SBERT,SPAM-0418,5,42,962,1,0.9999434351921082
LR-SBERT,HAM-0389,3,42,963,0,7.856152660679072e-05
LR-SBERT,SPAM-0193,4,42,965,1,0.9994105100631714
LR-SBERT,SPAM-0088,3,42,966,1,0.9948872923851013
LR-SBERT,HAM-0125,1,42,967,0,0.026821788400411606
LR-SBERT,HAM-0281,2,42,969,0,0.011202755384147167
LR-SBERT,SPAM-0239,4,42,970,1,0.9986047148704529
LR-SBERT,SPAM-0315,5,42,971,1,0.9999161958694458
LR-SBERT,SPAM-0478,3,42,972,1,0.9999386072158813
LR-SBERT,SPAM-0074,5,42,974,1,0.9999837875366211
LR-SBERT,HAM-0358,4,42,975,0,0.041920773684978485
LR-SBERT,HAM-0492,1,42,976,0,0.20906542241573334
LR-SBERT,HAM-0325,2,42,977,0,0.08922532945871353
LR-SBERT,SPAM-0001,3,42,978,1,0.995204508304596
LR-SBERT,SPAM-0487,4,42,979,1,0.9928409457206726
LR-SBERT,HAM-0213,1,42,981,0,0.00027466483879834414
LR-SBERT,SPAM-0222,5,42,982,1,0.9765393137931824
LR-SBERT,SPAM-0290,2,42,984,1,0.6905117034912109
LR-SBERT,HAM-0305,1,42,985,0,1.950517798832152e-05
LR-SBERT,SPAM-0465,2,42,986,1,1.0
LR-SBERT,HAM-0231,3,42,987,0,0.0005125714815221727
LR-SBERT,HAM-0306,4,42,988,0,0.15041658282279968
LR-SBERT,HAM-0286,5,42,990,0,0.0021362011320888996
LR-SBERT,HAM-0253,1,42,991,0,3.9929813056005514e-07
LR-SBERT,SPAM-0481,2,42,992,1,0.9999932050704956
LR-SBERT,HAM-0496,3,42,994,0,0.00011247648217249662
LR-SBERT,SPAM-0125,4,42,995,1,0.011521555483341217
LR-Structural,SPAM-0217,3,42,0,1,0.9935173392295837
LR-Structural,HAM-0326,5,42,1,0,0.0017030833987519145
LR-Structural,SPAM-0350,3,42,2,1,0.9962584376335144
LR-Structural,SPAM-0355,5,42,3,1,0.994495689868927
LR-Structural,HAM-0073,2,42,5,0,0.0007050346466712654
LR-Structural,HAM-0002,3,42,6,0,0.0008956003002822399
LR-Structural,SPAM-0110,1,42,7,1,0.9951885938644409
LR-Structural,HAM-0432,4,42,8,0,0.0016277888789772987
LR-Structural,SPAM-0351,5,42,10,1,0.9950917959213257
LR-Structural,HAM-0436,2,42,11,0,0.0012455899268388748
LR-Structural,HAM-0309,1,42,12,0,0.003464764915406704
LR-Structural,HAM-0020,3,42,13,0,0.0018894658423960209
LR-Structural,SPAM-0148,5,42,14,1,0.9984816312789917
LR-Structural,HAM-0177,4,42,16,0,0.03968581184744835
LR-Structural,HAM-0146,4,42,17,0,0.0013753866078332067
LR-Structural,SPAM-0354,1,42,18,1,0.997941792011261
LR-Structural,SPAM-0280,2,42,19,1,0.9971910715103149
LR-Structural,HAM-0487,3,42,21,0,0.0016145451227203012
LR-Structural,SPAM-0152,5,42,22,1,0.9979851841926575
LR-Structural,HAM-0179,2,42,23,0,0.0030209580436348915
LR-Structural,HAM-0350,1,42,25,0,0.0019780886359512806
LR-Structural,HAM-0410,4,42,26,0,0.0016409005038440228
LR-Structural,HAM-0260,3,42,27,0,0.0018073379760608077
LR-Structural,HAM-0013,5,42,28,0,0.0010435490403324366
LR-Structural,SPAM-0174,3,42,30,1,0.9977877736091614
LR-Structural,HAM-0219,1,42,31,0,0.0020077130757272243
LR-Structural,SPAM-0395,2,42,32,1,0.9924813508987427
LR-Structural,SPAM-0163,4,42,33,1,0.9962671995162964
LR-Structural,HAM-0126,5,42,34,0,0.0015758670633658767
LR-Structural,SPAM-0128,2,42,36,1,0.9930447936058044
LR-Structural,HAM-0021,1,42,37,0,0.010781213641166687
LR-Structural,HAM-0409,3,42,38,0,0.0012684017419815063
LR-Structural,SPAM-0234,5,42,40,1,0.9778465628623962
LR-Structural,HAM-0443,4,42,41,0,0.001564882113598287
LR-Structural,HAM-0469,1,42,42,0,0.001960789319127798
LR-Structural,HAM-0100,2,42,43,0,0.0017046252032741904
LR-Structural,SPAM-0330,3,42,45,1,0.9984800815582275
LR-Structural,SPAM-0242,4,42,46,1,0.9980748891830444
LR-Structural,SPAM-0022,5,42,47,1,0.9918487668037415
LR-Structural,SPAM-0100,1,42,48,1,0.9916830062866211
LR-Structural,HAM-0032,2,42,49,0,0.0014825952239334583
LR-Structural,HAM-0102,3,42,51,0,0.0444667786359787
LR-Structural,SPAM-0080,4,42,52,1,0.9874507188796997
LR-Structural,SPAM-0112,5,42,53,1,0.9950467348098755
LR-Structural,HAM-0476,5,42,54,0,0.0011484926799312234
LR-Structural,SPAM-0430,1,42,56,1,0.9999794960021973
LR-Structural,SPAM-0370,2,42,57,1,0.998869001865387
LR-Structural,SPAM-0404,4,42,58,1,0.9949679970741272
LR-Structural,SPAM-0367,3,42,60,1,0.9886814951896667
LR-Structural,HAM-0343,2,42,61,0,0.0007564321276731789
LR-Structural,SPAM-0238,1,42,62,1,0.9951621294021606
LR-Structural,SPAM-0145,3,42,63,1,0.9972361326217651
LR-Structural,SPAM-0491,4,42,65,1,0.995839536190033
LR-Structural,SPAM-0059,5,42,66,1,0.9974523186683655
LR-Structural,SPAM-0199,1,42,67,1,0.987147867679596
LR-Structural,HAM-0314,3,42,68,0,0.0014242528704926372
LR-Structural,HAM-0265,4,42,70,0,0.0017004586989060044
LR-Structural,SPAM-0228,2,42,71,1,0.9949550032615662
LR-Structural,HAM-0160,5,42,72,0,0.0015051825903356075
LR-Structural,SPAM-0446,1,42,73,1,0.9797548055648804
LR-Structural,HAM-0464,3,42,74,0,0.0014030947349965572
LR-Structural,HAM-0299,2,42,76,0,0.0010346262715756893
LR-Structural,SPAM-0382,4,42,77,1,0.9949288964271545
LR-Structural,SPAM-0372,5,42,78,1,0.9944885969161987
LR-Structural,SPAM-0499,1,42,79,1,0.9951672554016113
LR-Structural,HAM-0378,2,42,81,0,0.0019534544553607702
LR-Structural,SPAM-0295,3,42,82,1,0.9937533736228943
LR-Structural,SPAM-0326,4,42,83,1,0.9948123693466187
LR-Structural,SPAM-0133,5,42,84,1,0.9988730549812317
LR-Structural,HAM-0034,2,42,86,0,0.001047822879627347
LR-Structural,SPAM-0349,1,42,87,1,0.9994299411773682
LR-Structural,HAM-0059,4,42,88,0,0.0016366750933229923
LR-Structural,SPAM-0428,3,42,90,1,0.9982089996337891
LR-Structural,HAM-0245,5,42,91,0,0.0013379884185269475
LR-Structural,SPAM-0094,4,42,92,1,0.9971296191215515
LR-Structural,SPAM-0353,1,42,93,1,0.9980111122131348
LR-Structural,HAM-0404,3,42,95,0,0.0022631462197750807
LR-Structural,SPAM-0127,5,42,96,1,0.9955464601516724
LR-Structural,SPAM-0479,2,42,97,1,0.9955968856811523
LR-Structural,HAM-0233,2,42,98,0,0.0018811164190992713
LR-Structural,SPAM-0190,1,42,99,1,0.994287371635437
LR-Structural,HAM-0132,3,42,101,0,0.0012332538608461618
LR-Structural,SPAM-0359,4,42,102,1,0.9947404861450195
LR-Structural,HAM-0001,5,42,103,0,0.001216804957948625
LR-Structural,SPAM-0108,1,42,104,1,0.9979772567749023
LR-Structural,SPAM-0362,3,42,106,1,0.9984773993492126
LR-Structural,SPAM-0150,2,42,107,1,0.9975447654724121
LR-Structural,HAM-0176,4,42,108,0,0.0018430198542773724
LR-Structural,SPAM-0391,5,42,109,1,0.9991660714149475
LR-Structural,SPAM-0143,2,42,110,1,0.9943519234657288
LR-Structural,HAM-0388,4,42,112,0,0.0018466158071532845
LR-Structural,HAM-0056,1,42,113,0,0.0016741346335038543
LR-Structural,HAM-0334,3,42,115,0,0.0013720408314839005
LR-Structural,SPAM-0258,5,42,116,1,0.9962883591651917
LR-Structural,SPAM-0442,1,42,117,1,0.9971104264259338
LR-Structural,SPAM-0095,3,42,118,1,0.993213951587677
LR-Structural,HAM-0397,2,42,119,0,0.002613533055409789
LR-Structural,SPAM-0386,4,42,120,1,0.9986382722854614
LR-Structural,SPAM-0107,5,42,122,1,0.997513473033905
LR-Structural,HAM-0324,2,42,123,0,0.001257671625353396
LR-Structural,SPAM-0466,1,42,125,1,0.9967977404594421
LR-Structural,SPAM-0287,3,42,126,1,0.9964797496795654
LR-Structural,SPAM-0204,4,42,127,1,0.5010848045349121
LR-Structural,SPAM-0412,5,42,128,1,0.9926294684410095
LR-Structural,SPAM-0024,4,42,130,1,0.9937063455581665
LR-Structural,SPAM-0277,1,42,131,1,0.9959971904754639
LR-Structural,SPAM-0123,2,42,132,1,0.9991464018821716
LR-Structural,SPAM-0416,5,42,133,1,0.996679425239563
LR-Structural,HAM-0186,3,42,135,0,0.0010179965756833553
LR-Structural,HAM-0473,3,42,136,0,0.0013563415268436074
LR-Structural,HAM-0366,1,42,137,0,0.0015965983038768172
LR-Structural,HAM-0082,2,42,138,0,0.0015161751070991158
LR-Structural,HAM-0455,4,42,139,0,0.0009544761851429939
LR-Structural,HAM-0459,5,42,140,0,0.0011229143710806966
LR-Structural,SPAM-0470,3,42,142,1,0.9951974153518677
LR-Structural,HAM-0451,1,42,143,0,0.002479526912793517
LR-Structural,HAM-0134,2,42,145,0,0.03761515021324158
LR-Structural,HAM-0323,4,42,146,0,0.0019019505707547069
LR-Structural,HAM-0364,5,42,147,0,0.0010802359320223331
LR-Structural,SPAM-0220,1,42,148,1,0.9979598522186279
LR-Structural,SPAM-0263,2,42,149,1,0.9981175661087036
LR-Structural,HAM-0090,3,42,150,0,0.001927264267578721
LR-Structural,SPAM-0294,4,42,152,1,0.9984153509140015
LR-Structural,SPAM-0409,5,42,153,1,0.9978293776512146
LR-Structural,SPAM-0227,1,42,154,1,0.998328447341919
LR-Structural,HAM-0027,2,42,156,0,0.001189993810839951
LR-Structural,HAM-0396,3,42,157,0,0.0013546289410442114
LR-Structural,HAM-0241,4,42,158,0,0.0013352500973269343
LR-Structural,SPAM-0333,5,42,159,1,0.9981290698051453
LR-Structural,HAM-0437,1,42,161,0,0.0019237115047872066
LR-Structural,HAM-0151,2,42,162,0,0.001736140577122569
LR-Structural,HAM-0499,3,42,163,0,0.0011788038536906242
LR-Structural,SPAM-0067,4,42,165,1,0.9951754808425903
LR-Structural,HAM-0494,5,42,166,0,0.0025830359663814306
LR-Structural,HAM-0363,4,42,167,0,0.0014323224313557148
LR-Structural,SPAM-0206,1,42,168,1,0.9944594502449036
LR-Structural,HAM-0143,2,42,170,0,0.0018736299825832248
LR-Structural,HAM-0133,3,42,171,0,0.0015035198302939534
LR-Structural,SPAM-0188,5,42,172,1,0.9936025142669678
LR-Structural,SPAM-0240,3,42,173,1,0.9942218065261841
LR-Structural,HAM-0026,4,42,175,0,0.001548204687424004
LR-Structural,HAM-0500,1,42,176,0,0.002171632833778858
LR-Structural,HAM-0441,5,42,177,0,0.0011935936054214835
LR-Structural,HAM-0111,2,42,178,0,0.0016433274140581489
LR-Structural,HAM-0085,5,42,179,0,0.0013834139099344611
LR-Structural,HAM-0395,1,42,181,0,0.002202854258939624
LR-Structural,SPAM-0027,2,42,182,1,0.9942359924316406
LR-Structural,HAM-0188,3,42,183,0,0.0012978635495528579
LR-Structural,SPAM-0494,4,42,184,1,0.9909897446632385
LR-Structural,SPAM-0282,1,42,186,1,0.998092770576477
LR-Structural,HAM-0166,2,42,187,0,0.001487109111621976
LR-Structural,SPAM-0342,5,42,188,1,0.9971492290496826
LR-Structural,SPAM-0251,3,42,189,1,0.9937078356742859
LR-Structural,SPAM-0187,4,42,191,1,0.9945590496063232
LR-Structural,SPAM-0260,3,42,192,1,0.9903436303138733
LR-Structural,SPAM-0114,4,42,193,1,0.9976407885551453
LR-Structural,HAM-0452,1,42,194,0,0.0022470923140645027
LR-Structural,SPAM-0373,2,42,196,1,0.9957218766212463
LR-Structural,SPAM-0460,5,42,197,1,0.9923909902572632
LR-Structural,SPAM-0129,2,42,198,1,0.992455780506134
LR-Structural,HAM-0093,3,42,199,0,0.0019204961135983467
LR-Structural,HAM-0266,1,42,201,0,0.002027752110734582
LR-Structural,HAM-0108,4,42,202,0,0.0015865619061514735
LR-Structural,SPAM-0429,5,42,203,1,0.9973851442337036
LR-Structural,SPAM-0002,1,42,204,1,0.9933604001998901
LR-Structural,HAM-0372,4,42,206,0,0.0015162735944613814
LR-Structural,SPAM-0226,2,42,207,1,0.9890662431716919
LR-Structural,HAM-0123,3,42,208,0,0.0013113277964293957
LR-Structural,SPAM-0231,5,42,209,1,0.9980967044830322
LR-Structural,HAM-0019,3,42,211,0,0.002141073113307357
LR-Structural,HAM-0097,1,42,212,0,0.002087345812469721
LR-Structural,SPAM-0299,2,42,213,1,0.9985209703445435
LR-Structural,HAM-0422,4,42,214,0,0.001456490601412952
LR-Structural,HAM-0288,5,42,216,0,2.3220542061608285e-05
LR-Structural,SPAM-0318,1,42,217,1,0.9982626438140869
LR-Structural,HAM-0065,5,42,218,0,0.0013851546682417393
LR-Structural,HAM-0078,2,42,220,0,0.0011735655134543777
LR-Structural,SPAM-0005,3,42,221,1,0.9986626505851746
LR-Structural,HAM-0036,4,42,222,0,0.002201550640165806
LR-Structural,HAM-0128,2,42,223,0,0.0017391450237482786
LR-Structural,HAM-0105,1,42,225,0,0.002332227071747184
LR-Structural,SPAM-0252,3,42,226,1,0.9941771030426025
LR-Structural,HAM-0345,4,42,227,0,0.0016678288811817765
LR-Structural,HAM-0218,5,42,228,0,0.0010854783467948437
LR-Structural,SPAM-0325,5,42,229,1,0.9987865686416626
LR-Structural,HAM-0381,1,42,231,0,0.0020879001822322607
LR-Structural,SPAM-0486,2,42,232,1,0.9979417324066162
LR-Structural,SPAM-0488,3,42,233,1,0.9982967376708984
LR-Structural,HAM-0113,4,42,235,0,0.0017603751039132476
LR-Structural,SPAM-0426,1,42,236,1,0.9979721307754517
LR-Structural,HAM-0320,3,42,237,0,0.0027453452348709106
LR-Structural,SPAM-0467,2,42,238,1,0.9984084963798523
LR-Structural,HAM-0313,4,42,240,0,0.0015036588301882148
LR-Structural,SPAM-0327,5,42,241,1,0.9753531217575073
LR-Structural,SPAM-0065,5,42,242,1,0.9981678128242493
LR-Structural,HAM-0375,1,42,243,0,0.001961617497727275
LR-Structural,HAM-0356,2,42,244,0,0.0010788372019305825
LR-Structural,HAM-0367,3,42,245,0,0.002393105300143361
LR-Structural,SPAM-0433,4,42,247,1,0.9945709705352783
LR-Structural,HAM-0145,1,42,248,0,0.0015608422691002488
LR-Structural,SPAM-0431,2,42,249,1,0.9980431795120239
LR-Structural,SPAM-0243,5,42,251,1,0.9889971017837524
LR-Structural,HAM-0448,3,42,252,0,0.001227033557370305
LR-Structural,HAM-0202,4,42,253,0,0.0019035624573007226
LR-Structural,SPAM-0103,4,42,254,1,0.9930819272994995
LR-Structural,SPAM-0335,1,42,256,1,0.9966666102409363
LR-Structural,HAM-0373,2,42,257,0,0.0014227570500224829
LR-Structural,SPAM-0031,3,42,258,1,0.9984856843948364
LR-Structural,HAM-0312,5,42,260,0,0.0011138240806758404
LR-Structural,SPAM-0301,1,42,261,1,0.998838484287262
LR-Structural,SPAM-0200,2,42,262,1,0.9980069398880005
LR-Structural,HAM-0091,3,42,263,0,0.0012833172222599387
LR-Structural,SPAM-0069,4,42,265,1,0.9950307011604309
LR-Structural,SPAM-0420,5,42,266,1,0.9938784837722778
LR-Structural,HAM-0165,1,42,267,0,0.0035024448297917843
LR-Structural,SPAM-0104,3,42,268,1,0.9982494711875916
LR-Structural,SPAM-0361,2,42,269,1,0.9848648905754089
LR-Structural,HAM-0172,5,42,271,0,0.0010411643888801336
LR-Structural,HAM-0226,4,42,272,0,0.0012789492029696703
LR-Structural,SPAM-0253,1,42,273,1,0.9990653991699219
LR-Structural,HAM-0171,2,42,275,0,0.0013947886181995273
LR-Structural,HAM-0203,4,42,276,0,0.0014135477831587195
LR-Structural,HAM-0497,3,42,277,0,0.0014248584629967809
LR-Structural,HAM-0156,5,42,278,0,0.0011338026961311698
LR-Structural,SPAM-0298,5,42,279,1,0.9972202181816101
LR-Structural,HAM-0340,1,42,280,0,0.0030162001494318247
LR-Structural,SPAM-0216,2,42,282,1,0.9952347278594971
LR-Structural,SPAM-0177,3,42,283,1,0.9977457523345947
LR-Structural,HAM-0129,4,42,285,0,0.0005060131661593914
LR-Structural,HAM-0449,2,42,286,0,0.0022334891837090254
LR-Structural,HAM-0400,3,42,287,0,0.0013235942460596561
LR-Structural,SPAM-0025,5,42,288,1,0.9964087009429932
LR-Structural,HAM-0399,5,42,289,0,0.0016950707649812102
LR-Structural,HAM-0142,1,42,291,0,0.0022209049202501774
LR-Structural,SPAM-0205,4,42,292,1,0.9983105063438416
LR-Structural,HAM-0086,1,42,293,0,0.004104850348085165
LR-Structural,SPAM-0085,2,42,295,1,0.9981034398078918
LR-Structural,SPAM-0496,3,42,296,1,0.98147052526474
LR-Structural,HAM-0456,4,42,297,0,0.0016797037096694112
LR-Structural,SPAM-0014,4,42,298,1,0.993632972240448
LR-Structural,HAM-0348,1,42,299,0,0.003368542529642582
LR-Structural,HAM-0304,2,42,301,0,0.0010547552956268191
LR-Structural,HAM-0482,3,42,302,0,0.0014779971679672599
LR-Structural,HAM-0087,5,42,303,0,0.0013595930067822337
LR-Structural,HAM-0267,1,42,304,0,0.05613933503627777
LR-Structural,SPAM-0314,2,42,306,1,0.9980946183204651
LR-Structural,HAM-0287,5,42,307,0,0.001329781603999436
LR-Structural,SPAM-0464,3,42,308,1,0.997940719127655
LR-Structural,HAM-0199,4,42,309,0,0.0015056957490742207
LR-Structural,SPAM-0046,1,42,311,1,0.997732937335968
LR-Structural,HAM-0493,2,42,312,0,0.0021136091090738773
LR-Structural,SPAM-0341,3,42,313,1,0.9954068064689636
LR-Structural,SPAM-0356,4,42,314,1,0.9995740652084351
LR-Structural,SPAM-0305,5,42,316,1,0.9992123246192932
LR-Structural,HAM-0444,5,42,317,0,0.0014438327634707093
LR-Structural,HAM-0362,1,42,318,0,0.0019992226734757423
LR-Structural,SPAM-0156,2,42,320,1,0.9980850219726562
LR-Structural,HAM-0014,3,42,321,0,0.0013704983284696937
LR-Structural,HAM-0447,4,42,322,0,0.0011719410540536046
LR-Structural,SPAM-0445,1,42,323,1,0.9973546862602234
LR-Structural,SPAM-0451,4,42,324,1,0.9952373504638672
LR-Structural,SPAM-0495,2,42,326,1,0.9983100295066833
LR-Structural,HAM-0230,5,42,327,0,0.0010124356485903263
LR-Structural,SPAM-0054,3,42,328,1,0.998619556427002
LR-Structural,HAM-0045,1,42,330,0,0.002369168447330594
LR-Structural,HAM-0068,2,42,331,0,0.0012799524702131748
LR-Structural,SPAM-0089,3,42,332,1,0.9973349571228027
LR-Structural,HAM-0467,4,42,333,0,0.0015044842148199677
LR-Structural,HAM-0228,5,42,335,0,0.0011150642530992627
LR-Structural,HAM-0158,1,42,336,0,0.0022417197469621897
LR-Structural,HAM-0003,2,42,337,0,0.0016328805359080434
LR-Structural,SPAM-0394,4,42,338,1,0.9961682558059692
LR-Structural,SPAM-0209,5,42,340,1,0.9979684352874756
LR-Structural,HAM-0163,3,42,341,0,0.0018303588731214404
LR-Structural,HAM-0394,3,42,342,0,0.0015365986619144678
LR-Structural,SPAM-0322,1,42,343,1,0.998157262802124
LR-Structural,HAM-0421,2,42,345,0,0.0017913593910634518
LR-Structural,HAM-0079,4,42,346,0,0.0009301117970608175
LR-Structural,SPAM-0436,5,42,347,1,0.9951625466346741
LR-Structural,HAM-0433,1,42,348,0,0.0011347982799634337
LR-Structural,HAM-0127,2,42,350,0,0.001213730312883854
LR-Structural,HAM-0152,4,42,351,0,9.535906428936869e-05
LR-Structural,SPAM-0007,3,42,352,1,0.9978728294372559
LR-Structural,SPAM-0459,5,42,353,1,0.9968634843826294
LR-Structural,SPAM-0096,3,42,355,1,0.9996920228004456
LR-Structural,HAM-0300,1,42,356,0,0.0029780957847833633
LR-Structural,HAM-0349,2,42,357,0,0.0019684971775859594
LR-Structural,HAM-0096,5,42,358,0,0.002046674257144332
LR-Structural,HAM-0222,4,42,359,0,0.002272413345053792
LR-Structural,HAM-0284,4,42,361,0,0.0016233231872320175
LR-Structural,SPAM-0192,1,42,362,1,0.9982175827026367
LR-Structural,HAM-0117,2,42,363,0,0.0012901908485218883
LR-Structural,SPAM-0270,3,42,365,1,0.9947129487991333
LR-Structural,HAM-0140,5,42,366,0,0.001206454006023705
LR-Structural,SPAM-0482,2,42,367,1,0.9970397353172302
LR-Structural,SPAM-0077,1,42,368,1,0.9978945851325989
LR-Structural,HAM-0401,3,42,370,0,0.0009062275639735162
LR-Structural,SPAM-0490,4,42,371,1,0.9938700795173645
LR-Structural,SPAM-0302,5,42,372,1,0.9904099702835083
LR-Structural,SPAM-0139,3,42,373,1,0.9948871731758118
LR-Structural,HAM-0175,1,42,374,0,0.0017129783518612385
LR-Structural,HAM-0119,2,42,376,0,0.001351138111203909
LR-Structural,SPAM-0035,4,42,377,1,0.9844372868537903
LR-Structural,HAM-0051,5,42,378,0,0.001293181092478335
LR-Structural,HAM-0028,1,42,379,0,0.0015877998666837811
LR-Structural,HAM-0178,5,42,380,0,0.0018777413060888648
LR-Structural,HAM-0257,2,42,382,0,0.0018678851192817092
LR-Structural,HAM-0462,3,42,383,0,0.0013340256409719586
LR-Structural,SPAM-0264,4,42,384,1,0.9997369050979614
LR-Structural,HAM-0072,1,42,386,0,0.0022301559802144766
LR-Structural,HAM-0379,2,42,387,0,0.0008529141778126359
LR-Structural,SPAM-0256,4,42,388,1,0.9935637712478638
LR-Structural,SPAM-0102,3,42,390,1,0.9969969987869263
LR-Structural,HAM-0277,5,42,391,0,0.0011697617592290044
LR-Structural,HAM-0347,1,42,392,0,0.0033393693156540394
LR-Structural,HAM-0200,2,42,393,0,0.0017903746338561177
LR-Structural,SPAM-0030,4,42,395,1,0.996835470199585
LR-Structural,SPAM-0463,5,42,396,1,0.9930398464202881
LR-Structural,HAM-0454,3,42,398,0,0.0021812987979501486
LR-Structural,HAM-0040,1,42,399,0,0.0033308817073702812
LR-Structural,HAM-0365,2,42,401,0,0.001469865906983614
LR-Structural,SPAM-0116,3,42,402,1,0.9960783123970032
LR-Structural,HAM-0074,4,42,403,0,0.00187724269926548
LR-Structural,HAM-0301,5,42,404,0,0.0009254312026314437
LR-Structural,HAM-0486,1,42,406,0,0.0017932638293132186
LR-Structural,SPAM-0414,2,42,407,1,0.9947618842124939
LR-Structural,SPAM-0056,4,42,408,1,0.9948093295097351
LR-Structural,HAM-0445,3,42,409,0,0.0018697347259148955
LR-Structural,HAM-0289,5,42,411,0,0.0014584888704121113
LR-Structural,SPAM-0441,5,42,412,1,0.9975533485412598
LR-Structural,SPAM-0182,1,42,413,1,0.994831919670105
LR-Structural,SPAM-0250,2,42,414,1,0.9943196773529053
LR-Structural,SPAM-0185,3,42,416,1,0.993855357170105
LR-Structural,SPAM-0208,4,42,417,1,0.9967812299728394
LR-Structural,HAM-0439,3,42,418,0,0.00136282027233392
LR-Structural,HAM-0291,4,42,419,0,0.0020775755401700735
LR-Structural,SPAM-0175,1,42,420,1,0.9813512563705444
LR-Structural,HAM-0109,2,42,421,0,0.0010988961439579725
LR-Structural,HAM-0022,5,42,423,0,0.0013803582405671477
LR-Structural,HAM-0271,1,42,424,0,0.0019202705007046461
LR-Structural,SPAM-0160,3,42,426,1,0.9978262186050415
LR-Structural,HAM-0170,2,42,427,0,0.0010836322326213121
LR-Structural,HAM-0402,4,42,428,0,0.001087161828763783
LR-Structural,HAM-0331,5,42,429,0,0.0008835757616907358
LR-Structural,SPAM-0344,1,42,430,1,0.9972872138023376
LR-Structural,HAM-0043,4,42,432,0,0.001350139151327312
LR-Structural,HAM-0088,2,42,433,0,0.0016080556670203805
LR-Structural,HAM-0360,3,42,434,0,0.0017343395156785846
LR-Structural,SPAM-0365,5,42,436,1,0.9944420456886292
LR-Structural,HAM-0029,1,42,437,0,0.04477385804057121
LR-Structural,HAM-0244,4,42,438,0,0.0013314150273799896
LR-Structural,HAM-0495,2,42,439,0,0.0015036057448014617
LR-Structural,SPAM-0075,3,42,441,1,0.9979721307754517
LR-Structural,SPAM-0202,5,42,442,1,0.9987028241157532
LR-Structural,HAM-0048,1,42,443,0,0.001905901706777513
LR-Structural,SPAM-0180,2,42,444,1,0.9936257004737854
LR-Structural,HAM-0333,5,42,446,0,0.0010272799991071224
LR-Structural,HAM-0440,3,42,447,0,0.0009932047687470913
LR-Structural,HAM-0335,4,42,448,0,0.0013273819349706173
LR-Structural,HAM-0042,1,42,449,0,0.0018735912162810564
LR-Structural,SPAM-0091,1,42,451,1,0.9961252212524414
LR-Structural,HAM-0351,2,42,452,0,0.0015012900112196803
LR-Structural,SPAM-0254,3,42,453,1,0.9937530755996704
LR-Structural,SPAM-0171,4,42,454,1,0.9980857968330383
LR-Structural,SPAM-0472,5,42,456,1,0.9980225563049316
LR-Structural,SPAM-0068,2,42,457,1,0.9992111921310425
LR-Structural,SPAM-0122,4,42,458,1,0.9963552951812744
LR-Structural,SPAM-0393,5,42,459,1,0.9917348027229309
LR-Structural,SPAM-0009,1,42,460,1,0.9986408948898315
LR-Structural,SPAM-0086,3,42,461,1,0.997638463973999
LR-Structural,HAM-0408,1,42,463,0,0.056381549686193466
LR-Structural,SPAM-0196,2,42,464,1,0.9975088238716125
LR-Structural,HAM-0182,3,42,465,0,0.1929243952035904
LR-Structural,HAM-0130,4,42,467,0,0.0007848965469747782
LR-Structural,HAM-0270,5,42,468,0,0.001109714969061315
LR-Structural,HAM-0318,1,42,469,0,0.0015798535896465182
LR-Structural,HAM-0099,2,42,470,0,0.0013841346371918917
LR-Structural,HAM-0124,3,42,471,0,0.0015291948802769184
LR-Structural,HAM-0269,5,42,473,0,0.0015796137740835547
LR-Structural,SPAM-0020,4,42,474,1,0.997292697429657
LR-Structural,HAM-0471,1,42,475,0,0.0020514591597020626
LR-Structural,SPAM-0398,2,42,477,1,0.9938338994979858
LR-Structural,SPAM-0283,3,42,478,1,0.9920104146003723
LR-Structural,HAM-0413,4,42,479,0,0.0014315685257315636
LR-Structural,HAM-0221,5,42,480,0,0.001359935151413083
LR-Structural,SPAM-0480,2,42,482,1,0.9983425736427307
LR-Structural,SPAM-0413,1,42,483,1,0.9971065521240234
LR-Structural,HAM-0258,4,42,484,0,0.0010700345737859607
LR-Structural,SPAM-0497,3,42,485,1,0.9978724122047424
LR-Structural,SPAM-0138,5,42,486,1,0.9978291988372803
LR-Structural,SPAM-0363,1,42,488,1,0.9969531297683716
LR-Structural,HAM-0370,2,42,489,0,0.002186472062021494
LR-Structural,HAM-0272,3,42,490,0,0.0011622256133705378
LR-Structural,SPAM-0019,4,42,492,1,0.9944521188735962
LR-Structural,SPAM-0247,5,42,493,1,0.9971840977668762
LR-Structural,SPAM-0173,3,42,494,1,0.9986744523048401
LR-Structural,HAM-0273,2,42,495,0,0.0011386568658053875
LR-Structural,HAM-0009,4,42,497,0,0.0018531985115259886
LR-Structural,HAM-0250,5,42,498,0,0.0013171578757464886
LR-Structural,SPAM-0268,3,42,499,1,0.9959511160850525
LR-Structural,HAM-0248,1,42,500,0,0.003175996709614992
LR-Structural,SPAM-0437,1,42,502,1,0.9862905144691467
LR-Structural,HAM-0479,2,42,503,0,0.0016490442212671041
LR-Structural,HAM-0342,4,42,504,0,0.0018229528795927763
LR-Structural,SPAM-0281,5,42,505,1,0.9986448884010315
LR-Structural,HAM-0031,2,42,507,0,0.0014873991021886468
LR-Structural,HAM-0192,1,42,508,0,0.001539631630294025
LR-Structural,HAM-0234,4,42,509,0,0.0008550756028853357
LR-Structural,HAM-0259,3,42,510,0,0.002325495006516576
LR-Structural,SPAM-0376,5,42,512,1,0.9960610270500183
LR-Structural,HAM-0155,1,42,513,0,0.50286465883255
LR-Structural,HAM-0070,5,42,514,0,0.001133036450482905
LR-Structural,HAM-0237,2,42,515,0,0.0014377905754372478
LR-Structural,SPAM-0417,3,42,516,1,0.9951905012130737
LR-Structural,SPAM-0462,4,42,518,1,0.9991361498832703
LR-Structural,SPAM-0158,1,42,519,1,0.9941616654396057
LR-Structural,HAM-0077,2,42,520,0,0.0013862346531823277
LR-Structural,SPAM-0161,3,42,521,1,0.9975581169128418
LR-Structural,SPAM-0115,4,42,523,1,0.9975543022155762
LR-Structural,SPAM-0032,5,42,524,1,0.9983031153678894
LR-Structural,SPAM-0149,1,42,525,1,0.9952773451805115
LR-Structural,HAM-0174,5,42,526,0,0.001127969822846353
LR-Structural,HAM-0173,2,42,528,0,0.0014306113589555025
LR-Structural,SPAM-0176,3,42,529,1,0.9965381622314453
LR-Structural,SPAM-0003,4,42,530,1,0.9957554340362549
LR-Structural,SPAM-0352,3,42,532,1,0.9997634887695312
LR-Structural,SPAM-0347,1,42,533,1,0.9986704587936401
LR-Structural,SPAM-0012,2,42,534,1,0.9975026845932007
LR-Structural,HAM-0252,4,42,535,0,0.0011425027623772621
LR-Structural,SPAM-0419,5,42,537,1,0.9945815205574036
LR-Structural,SPAM-0317,3,42,538,1,0.9984186887741089
LR-Structural,HAM-0201,1,42,539,0,0.0020061873365193605
LR-Structural,SPAM-0284,2,42,540,1,0.9970362186431885
LR-Structural,SPAM-0291,4,42,541,1,0.9979627132415771
LR-Structural,SPAM-0388,5,42,542,1,0.9976837635040283
LR-Structural,SPAM-0407,4,42,544,1,0.9863956570625305
LR-Structural,SPAM-0461,1,42,545,1,0.9979884624481201
LR-Structural,SPAM-0265,2,42,547,1,0.986336350440979
LR-Structural,SPAM-0135,3,42,548,1,0.9977785348892212
LR-Structural,HAM-0321,5,42,549,0,0.0011440020753070712
LR-Structural,SPAM-0223,3,42,550,1,0.9976146817207336
LR-Structural,SPAM-0476,4,42,551,1,0.9948518872261047
LR-Structural,HAM-0481,5,42,553,0,0.0024512019008398056
LR-Structural,HAM-0101,1,42,554,0,0.0017548175528645515
LR-Structural,SPAM-0415,2,42,555,1,0.9745425581932068
LR-Structural,SPAM-0010,1,42,556,1,0.9995602965354919
LR-Structural,SPAM-0309,2,42,558,1,0.996768593788147
LR-Structural,SPAM-0311,3,42,559,1,0.9937865734100342
LR-Structural,SPAM-0229,4,42,560,1,0.9951804280281067
LR-Structural,HAM-0368,5,42,561,0,0.0011681693140417337
LR-Structural,HAM-0478,2,42,563,0,0.0020185448229312897
LR-Structural,HAM-0390,3,42,564,0,0.0013714078813791275
LR-Structural,HAM-0290,1,42,565,0,0.0021340372040867805
LR-Structural,SPAM-0066,4,42,567,1,0.9962387681007385
LR-Structural,SPAM-0435,3,42,313,1,0.9883185625076294
LR-Structural,SPAM-0383,5,42,568,1,0.9964572191238403
LR-Structural,HAM-0210,1,42,569,0,0.0021070141810923815
LR-Structural,SPAM-0099,2,42,570,1,0.9977890253067017
LR-Structural,SPAM-0293,5,42,572,1,0.9970355033874512
LR-Structural,HAM-0195,3,42,573,0,0.0010644674766808748
LR-Structural,HAM-0217,4,42,574,0,0.002301542554050684
LR-Structural,HAM-0016,3,42,575,0,0.0021205837838351727
LR-Structural,HAM-0341,1,42,577,0,0.0019552623853087425
LR-Structural,HAM-0214,2,42,578,0,0.0011434578336775303
LR-Structural,SPAM-0449,4,42,579,1,0.9953086972236633
LR-Structural,SPAM-0151,5,42,580,1,0.9985957145690918
LR-Structural,HAM-0193,2,42,582,0,0.0021829535253345966
LR-Structural,SPAM-0484,5,42,583,1,0.9976578950881958
LR-Structural,HAM-0041,1,42,584,0,0.003012011991813779
LR-Structural,SPAM-0201,3,42,585,1,0.9956163763999939
LR-Structural,HAM-0275,4,42,586,0,0.0016776432748883963
LR-Structural,HAM-0196,5,42,588,0,0.0013121220981702209
LR-Structural,SPAM-0049,4,42,589,1,0.9981034994125366
LR-Structural,HAM-0095,1,42,590,0,0.000781793671194464
LR-Structural,HAM-0380,2,42,591,0,0.0013203229755163193
LR-Structural,SPAM-0456,3,42,593,1,0.9904776215553284
LR-Structural,SPAM-0384,5,42,594,1,0.9923481345176697
LR-Structural,HAM-0209,2,42,595,0,0.0014744697837159038
LR-Structural,SPAM-0434,1,42,597,1,0.9989213943481445
LR-Structural,HAM-0398,4,42,598,0,0.0012494272086769342
LR-Structural,SPAM-0364,3,42,599,1,0.9954403042793274
LR-Structural,SPAM-0043,5,42,600,1,0.9948720335960388
LR-Structural,SPAM-0438,1,42,601,1,0.9832469820976257
LR-Structural,HAM-0423,2,42,603,0,0.0012611565180122852
LR-Structural,SPAM-0443,4,42,604,1,0.9952245950698853
LR-Structural,SPAM-0233,3,42,605,1,0.998201847076416
LR-Structural,SPAM-0183,5,42,606,1,0.9980514645576477
LR-Structural,SPAM-0117,1,42,608,1,0.9954984188079834
LR-Structural,SPAM-0492,5,42,609,1,0.9941849112510681
LR-Structural,SPAM-0166,2,42,610,1,0.9948667287826538
LR-Structural,SPAM-0343,3,42,612,1,0.9937872886657715
LR-Structural,HAM-0189,4,42,613,0,0.0018221766222268343
LR-Structural,HAM-0386,1,42,614,0,0.001862098928540945
LR-Structural,SPAM-0134,2,42,615,1,0.9977604746818542
LR-Structural,SPAM-0308,3,42,617,1,0.9955236315727234
LR-Structural,HAM-0427,4,42,618,0,0.08187046647071838
LR-Structural,SPAM-0144,5,42,619,1,0.9219410419464111
LR-Structural,SPAM-0038,1,42,620,1,0.9916364550590515
LR-Structural,SPAM-0278,3,42,622,1,0.9971888065338135
LR-Structural,HAM-0049,4,42,623,0,0.04173512011766434
LR-Structural,SPAM-0381,2,42,624,1,0.9947450160980225
LR-Structural,SPAM-0070,5,42,625,1,0.9988816976547241
LR-Structural,SPAM-0340,1,42,627,1,0.9952664971351624
LR-Structural,SPAM-0106,3,42,628,1,0.9955371022224426
LR-Structural,SPAM-0071,2,42,629,1,0.991015613079071
LR-Structural,HAM-0063,4,42,630,0,0.03831528499722481
LR-Structural,HAM-0308,5,42,632,0,0.000849416246637702
LR-Structural,SPAM-0424,5,42,633,1,0.9911855459213257
LR-Structural,SPAM-0399,1,42,634,1,0.994869589805603
LR-Structural,SPAM-0034,3,42,635,1,0.9977479577064514
LR-Structural,SPAM-0316,2,42,637,1,0.9973844885826111
LR-Structural,HAM-0243,4,42,638,0,0.0009509592782706022
LR-Structural,SPAM-0403,1,42,639,1,0.995251476764679
LR-Structural,SPAM-0159,5,42,640,1,0.9720554351806641
LR-Structural,SPAM-0092,2,42,641,1,0.9976397156715393
LR-Structural,HAM-0327,3,42,642,0,0.0008404586696997285
LR-Structural,SPAM-0153,4,42,644,1,0.9963029026985168
LR-Structural,SPAM-0378,1,42,645,1,0.9931161999702454
LR-Structural,SPAM-0328,3,42,647,1,0.9977367520332336
LR-Structural,HAM-0058,2,42,648,0,0.0003967167576774955
LR-Structural,HAM-0223,4,42,649,0,0.00161573919467628
LR-Structural,SPAM-0248,5,42,650,1,0.9918369650840759
LR-Structural,HAM-0450,1,42,652,0,0.001953037572093308
LR-Structural,HAM-0412,4,42,653,0,0.0012714415788650513
LR-Structural,HAM-0046,3,42,654,0,0.001110096462070942
LR-Structural,HAM-0251,2,42,655,0,0.0008223930490203202
LR-Structural,HAM-0050,5,42,656,0,0.0013630380854010582
LR-Structural,SPAM-0113,1,42,657,1,0.9980275630950928
LR-Structural,HAM-0035,3,42,659,0,0.0016159818042069674
LR-Structural,SPAM-0109,5,42,660,1,0.9976900815963745
LR-Structural,HAM-0069,2,42,662,0,0.0015922065358608961
LR-Structural,HAM-0212,4,42,663,0,0.0016565899131819606
LR-Structural,HAM-0247,4,42,664,0,0.0012711894232779741
LR-Structural,HAM-0017,1,42,665,0,0.0018735256744548678
LR-Structural,SPAM-0296,2,42,666,1,0.9976292848587036
LR-Structural,HAM-0430,3,42,667,0,0.0014893485931679606
LR-Structural,SPAM-0387,5,42,669,1,0.997304379940033
LR-Structural,HAM-0194,2,42,670,0,0.002262615133076906
LR-Structural,HAM-0283,4,42,671,0,0.0024057424161583185
LR-Structural,SPAM-0455,3,42,673,1,0.99815833568573
LR-Structural,HAM-0472,1,42,674,0,0.001824396662414074
LR-Structural,SPAM-0319,5,42,675,1,0.9925593733787537
LR-Structural,HAM-0236,1,42,676,0,0.0022719530388712883
LR-Structural,SPAM-0045,3,42,678,1,0.9982785582542419
LR-Structural,HAM-0435,5,42,679,0,0.054390449076890945
LR-Structural,SPAM-0058,2,42,680,1,0.9985271692276001
LR-Structural,HAM-0475,4,42,681,0,0.0013488844269886613
LR-Structural,SPAM-0375,4,42,682,1,0.9982659220695496
LR-Structural,SPAM-0225,1,42,684,1,0.9932535886764526
LR-Structural,HAM-0229,2,42,685,0,0.0008629571530036628
LR-Structural,SPAM-0042,3,42,687,1,0.9982426762580872
LR-Structural,HAM-0403,5,42,688,0,0.0015008470509201288
LR-Structural,SPAM-0405,3,42,689,1,0.9979843497276306
LR-Structural,HAM-0183,4,42,690,0,0.001834752270951867
LR-Structural,HAM-0357,1,42,692,0,0.0019307943293824792
LR-Structural,SPAM-0346,2,42,693,1,0.9986236095428467
LR-Structural,SPAM-0286,5,42,694,1,0.9981676340103149
LR-Structural,SPAM-0053,2,42,695,1,0.9986814260482788
LR-Structural,HAM-0083,1,42,697,0,0.0020614578388631344
LR-Structural,HAM-0385,3,42,698,0,0.0018151156837120652
LR-Structural,HAM-0387,4,42,699,0,0.0012925644405186176
LR-Structural,HAM-0460,5,42,700,0,0.0014209834625944495
LR-Structural,HAM-0392,1,42,701,0,0.0016428882954642177
LR-Structural,HAM-0431,2,42,703,0,0.0014542577555403113
LR-Structural,SPAM-0401,3,42,704,1,0.9979138374328613
LR-Structural,SPAM-0368,4,42,705,1,0.9954007267951965
LR-Structural,HAM-0139,5,42,706,0,0.001301779760979116
LR-Structural,HAM-0185,1,42,707,0,0.0020200544968247414
LR-Structural,HAM-0294,2,42,709,0,0.0013416444417089224
LR-Structural,HAM-0033,3,42,710,0,0.001313759945333004
LR-Structural,HAM-0071,4,42,712,0,0.002121913945302367
LR-Structural,HAM-0062,5,42,713,0,0.0020632550586014986
LR-Structural,SPAM-0055,5,42,714,1,0.9998179078102112
LR-Structural,HAM-0066,1,42,715,0,0.001182726351544261
LR-Structural,SPAM-0218,2,42,716,1,0.9927924871444702
LR-Structural,HAM-0434,3,42,718,0,0.03114442341029644
LR-Structural,HAM-0047,4,42,719,0,0.001780836726538837
LR-Structural,HAM-0075,1,42,720,0,0.002355604898184538
LR-Structural,SPAM-0093,2,42,721,1,0.9388123750686646
LR-Structural,SPAM-0273,3,42,722,1,0.9892176389694214
LR-Structural,HAM-0261,4,42,724,0,0.0020356965251266956
LR-Structural,HAM-0406,5,42,725,0,0.001044074771925807
LR-Structural,HAM-0316,1,42,727,0,0.001331438310444355
LR-Structural,SPAM-0189,2,42,728,1,0.998839795589447
LR-Structural,HAM-0474,3,42,729,0,0.001632047351449728
LR-Structural,SPAM-0073,4,42,730,1,0.9977943897247314
LR-Structural,SPAM-0262,5,42,732,1,0.9943448901176453
LR-Structural,HAM-0468,3,42,733,0,0.0013131228042766452
LR-Structural,SPAM-0279,1,42,734,1,0.9859884977340698
LR-Structural,SPAM-0026,2,42,735,1,0.9988755583763123
LR-Structural,HAM-0465,4,42,737,0,0.001191912917420268
LR-Structural,HAM-0057,5,42,738,0,0.0017193484818562865
LR-Structural,HAM-0457,2,42,739,0,0.0010335217230021954
LR-Structural,SPAM-0023,3,42,740,1,0.997718095779419
LR-Structural,SPAM-0483,1,42,742,1,0.9952689409255981
LR-Structural,SPAM-0098,4,42,743,1,0.9960681200027466
LR-Structural,SPAM-0422,5,42,744,1,0.9971132278442383
LR-Structural,HAM-0211,4,42,745,0,0.0014437761856243014
LR-Structural,SPAM-0271,1,42,746,1,0.998195230960846
LR-Structural,HAM-0120,5,42,747,0,0.001512593007646501
LR-Structural,SPAM-0033,3,42,749,1,0.9916430711746216
LR-Structural,SPAM-0334,2,42,750,1,0.9982607960700989
LR-Structural,HAM-0169,1,42,751,0,0.0018446872709318995
LR-Structural,SPAM-0050,2,42,753,1,0.9987609386444092
LR-Structural,SPAM-0313,3,42,754,1,0.9986757040023804
LR-Structural,HAM-0208,4,42,755,0,0.001430810778401792
LR-Structural,SPAM-0061,5,42,757,1,0.997485339641571
LR-Structural,SPAM-0306,1,42,758,1,0.998477578163147
LR-Structural,HAM-0115,2,42,759,0,0.001393717247992754
LR-Structural,SPAM-0078,3,42,760,1,0.99703049659729
LR-Structural,HAM-0080,4,42,761,0,0.0018309683073312044
LR-Structural,HAM-0371,5,42,762,0,0.0010031401179730892
LR-Structural,SPAM-0041,1,42,764,1,0.997941255569458
LR-Structural,SPAM-0320,2,42,765,1,0.9978687167167664
LR-Structural,SPAM-0039,5,42,766,1,0.9881587028503418
LR-Structural,SPAM-0111,3,42,768,1,0.9968922734260559
LR-Structural,SPAM-0197,4,42,769,1,0.9981613159179688
LR-Structural,HAM-0254,3,42,770,0,0.0012910834047943354
LR-Structural,SPAM-0181,1,42,772,1,0.9981211423873901
LR-Structural,SPAM-0051,2,42,773,1,0.9923243522644043
LR-Structural,HAM-0483,4,42,774,0,0.00192735786549747
LR-Structural,SPAM-0063,5,42,775,1,0.9954542517662048
LR-Structural,SPAM-0219,1,42,776,1,0.9973177313804626
LR-Structural,HAM-0426,2,42,777,0,0.0012711824383586645
LR-Structural,SPAM-0121,3,42,779,1,0.9974295496940613
LR-Structural,SPAM-0450,4,42,780,1,0.9949020743370056
LR-Structural,HAM-0157,2,42,782,0,0.0013836103025823832
LR-Structural,HAM-0490,5,42,783,0,0.0015188594115898013
LR-Structural,HAM-0137,4,42,784,0,0.0016304368618875742
LR-Structural,HAM-0225,5,42,785,0,0.0008668644586578012
LR-Structural,HAM-0227,1,42,786,0,0.0020411661826074123
LR-Structural,HAM-0377,2,42,788,0,0.0019325674511492252
LR-Structural,SPAM-0345,3,42,789,1,0.9978657364845276
LR-Structural,SPAM-0338,2,42,790,1,0.9977951049804688
LR-Structural,HAM-0121,1,42,791,0,0.001916663721203804
LR-Structural,SPAM-0485,4,42,792,1,0.9975061416625977
LR-Structural,SPAM-0289,5,42,794,1,0.9941886067390442
LR-Structural,SPAM-0221,3,42,795,1,0.9982694387435913
LR-Structural,SPAM-0203,1,42,797,1,0.9977096319198608
LR-Structural,SPAM-0337,2,42,798,1,0.998023509979248
LR-Structural,HAM-0164,4,42,799,0,0.0015986318467184901
LR-Structural,HAM-0315,5,42,800,0,0.0006879717693664134
LR-Structural,HAM-0477,3,42,801,0,0.00151284399908036
LR-Structural,SPAM-0184,1,42,803,1,0.9981650710105896
LR-Structural,HAM-0064,2,42,804,0,0.0012533245608210564
LR-Structural,SPAM-0321,4,42,805,1,0.9963566660881042
LR-Structural,HAM-0369,3,42,807,0,0.002257097512483597
LR-Structural,SPAM-0170,5,42,808,1,0.9970474243164062
LR-Structural,SPAM-0323,1,42,809,1,0.9980229139328003
LR-Structural,HAM-0012,5,42,810,0,0.0011410017032176256
LR-Structural,SPAM-0087,2,42,811,1,0.9982702136039734
LR-Structural,SPAM-0097,3,42,813,1,0.9983354806900024
LR-Structural,HAM-0310,4,42,814,0,0.0010406824294477701
LR-Structural,HAM-0338,3,42,815,0,0.0013507886324077845
LR-Structural,SPAM-0272,1,42,817,1,0.985819935798645
LR-Structural,HAM-0458,2,42,818,0,0.0016907834215089679
LR-Structural,HAM-0242,4,42,819,0,0.001359659479930997
LR-Structural,HAM-0393,5,42,820,0,0.0013727250043302774
LR-Structural,HAM-0268,1,42,821,0,0.0017215287080034614
LR-Structural,HAM-0255,2,42,823,0,0.0018135060090571642
LR-Structural,HAM-0332,3,42,824,0,0.0010435105068609118
LR-Structural,SPAM-0408,4,42,825,1,0.9969257116317749
LR-Structural,HAM-0144,5,42,826,0,0.0018854279769584537
LR-Structural,HAM-0098,1,42,828,0,0.0018672730075195432
LR-Structural,SPAM-0432,3,42,829,1,0.9982780814170837
LR-Structural,HAM-0411,2,42,830,0,0.002047828398644924
LR-Structural,HAM-0089,4,42,831,0,0.07615784555673599
LR-Structural,SPAM-0028,5,42,833,1,0.9961072206497192
LR-Structural,HAM-0438,1,42,834,0,0.002946859458461404
LR-Structural,HAM-0416,2,42,835,0,0.0014009346487000585
LR-Structural,SPAM-0126,3,42,837,1,0.9932888150215149
LR-Structural,SPAM-0389,4,42,838,1,0.993297815322876
LR-Structural,SPAM-0360,5,42,839,1,0.9974092245101929
LR-Structural,SPAM-0276,3,42,840,1,0.9984229207038879
LR-Structural,SPAM-0374,5,42,561,1,0.9829031825065613
LR-Structural,HAM-0303,1,42,842,0,0.0015974222915247083
LR-Structural,SPAM-0310,2,42,843,1,0.9979841709136963
LR-Structural,HAM-0346,4,42,844,0,0.0014212238602340221
LR-Structural,SPAM-0255,5,42,845,1,0.9896142482757568
LR-Structural,HAM-0015,5,42,846,0,0.0013186176074668765
LR-Structural,SPAM-0380,1,42,847,1,0.9944471716880798
LR-Structural,HAM-0264,2,42,849,0,0.0009649113635532558
LR-Structural,SPAM-0164,3,42,850,1,0.9967081546783447
LR-Structural,SPAM-0249,4,42,852,1,0.9939008355140686
LR-Structural,HAM-0167,4,42,853,0,0.0021172163542360067
LR-Structural,SPAM-0423,5,42,854,1,0.9931126832962036
LR-Structural,HAM-0116,1,42,855,0,0.001523139071650803
LR-Structural,HAM-0198,2,42,857,0,0.002141653560101986
LR-Structural,HAM-0280,3,42,858,0,0.0011179150315001607
LR-Structural,HAM-0480,2,42,859,0,0.00015831258497200906
LR-Structural,SPAM-0017,1,42,860,1,0.994968593120575
LR-Structural,HAM-0138,3,42,861,0,0.0014332494465634227
LR-Structural,SPAM-0037,4,42,863,1,0.9875898361206055
LR-Structural,SPAM-0469,5,42,864,1,0.9983417987823486
LR-Structural,SPAM-0157,1,42,865,1,0.9979243874549866
LR-Structural,HAM-0292,4,42,867,0,0.000771205872297287
LR-Structural,HAM-0344,2,42,868,0,0.0015337879303842783
LR-Structural,HAM-0110,3,42,869,0,0.0016381831374019384
LR-Structural,SPAM-0118,5,42,870,1,0.9949397444725037
LR-Structural,SPAM-0493,1,42,872,1,0.9980355501174927
LR-Structural,HAM-0010,2,42,873,0,0.002682499587535858
LR-Structural,SPAM-0390,4,42,874,1,0.995596170425415
LR-Structural,HAM-0297,3,42,875,0,0.0017496622167527676
LR-Structural,HAM-0191,5,42,877,0,0.0010613673366606236
LR-Structural,SPAM-0008,3,42,878,1,0.9895412921905518
LR-Structural,SPAM-0307,1,42,879,1,0.9945573210716248
LR-Structural,HAM-0407,2,42,880,0,0.0019643306732177734
LR-Structural,HAM-0038,4,42,882,0,0.0033845410216599703
LR-Structural,HAM-0181,5,42,883,0,0.0012172901770099998
LR-Structural,SPAM-0358,1,42,884,1,0.998909592628479
LR-Structural,HAM-0428,2,42,885,0,0.03483714908361435
LR-Structural,HAM-0039,3,42,887,0,0.001642004121094942
LR-Structural,SPAM-0371,4,42,888,1,0.9979867935180664
LR-Structural,SPAM-0241,5,42,889,1,0.9987481832504272
LR-Structural,SPAM-0257,4,42,890,1,0.9655573964118958
LR-Structural,SPAM-0048,2,42,891,1,0.9979067444801331
LR-Structural,SPAM-0471,4,42,893,1,0.9918814301490784
LR-Structural,SPAM-0168,1,42,894,1,0.9905632138252258
LR-Structural,HAM-0092,3,42,895,0,0.0004271157959010452
LR-Structural,SPAM-0288,5,42,896,1,0.9946984648704529
LR-Structural,SPAM-0162,1,42,898,1,0.9947607517242432
LR-Structural,HAM-0293,3,42,899,0,0.0021803355775773525
LR-Structural,HAM-0329,2,42,900,0,0.0010785838821902871
LR-Structural,SPAM-0458,4,42,901,1,0.9979372620582581
LR-Structural,HAM-0205,5,42,903,0,0.001314143999479711
LR-Structural,SPAM-0167,1,42,904,1,0.9948830604553223
LR-Structural,HAM-0489,2,42,905,0,0.03814763203263283
LR-Structural,SPAM-0400,3,42,907,1,0.9988438487052917
LR-Structural,SPAM-0402,4,42,908,1,0.9976445436477661
LR-Structural,SPAM-0169,5,42,909,1,0.9929656982421875
LR-Structural,HAM-0417,1,42,910,0,0.0019905490335077047
LR-Structural,HAM-0162,5,42,911,0,0.0009671474690549076
LR-Structural,HAM-0006,2,42,913,0,0.0021215404849499464
LR-Structural,SPAM-0440,3,42,914,1,0.9979704022407532
LR-Structural,SPAM-0489,4,42,915,1,0.9981197118759155
LR-Structural,SPAM-0198,1,42,916,1,0.9979415535926819
LR-Structural,HAM-0484,3,42,918,0,0.06641341745853424
LR-Structural,SPAM-0235,5,42,919,1,0.9963087439537048
LR-Structural,HAM-0339,4,42,920,0,0.00021516250853892416
LR-Structural,HAM-0424,2,42,921,0,0.0012155728181824088
LR-Structural,HAM-0103,1,42,922,0,0.0018148219678550959
LR-Structural,HAM-0239,2,42,924,0,0.0014306973898783326
LR-Structural,SPAM-0154,4,42,567,1,0.996235728263855
LR-Structural,HAM-0232,3,42,925,0,0.0014610267244279385
LR-Structural,SPAM-0044,4,42,926,1,0.9918030500411987
LR-Structural,SPAM-0427,5,42,927,1,0.9915341734886169
LR-Structural,HAM-0052,2,42,929,0,0.0011270070681348443
LR-Structural,HAM-0249,1,42,930,0,0.003233275143429637
LR-Structural,HAM-0246,3,42,931,0,0.0013209701282903552
LR-Structural,SPAM-0101,4,42,932,1,0.9933833479881287
LR-Structural,SPAM-0131,5,42,934,1,0.9982290267944336
LR-Structural,HAM-0112,3,42,935,0,0.0016735794488340616
LR-Structural,HAM-0141,5,42,936,0,0.0013827333459630609
LR-Structural,HAM-0279,4,42,937,0,0.0005768600385636091
LR-Structural,SPAM-0076,1,42,939,1,0.9971258044242859
LR-Structural,HAM-0278,2,42,940,0,0.0016408226219937205
LR-Structural,SPAM-0052,4,42,941,1,0.9975444674491882
LR-Structural,HAM-0207,1,42,943,0,0.0013062376528978348
LR-Structural,HAM-0220,2,42,944,0,0.00012917145795654505
LR-Structural,HAM-0491,3,42,945,0,0.0021093040704727173
LR-Structural,SPAM-0266,5,42,946,1,0.9954392910003662
LR-Structural,HAM-0263,1,42,947,0,0.0665585994720459
LR-Structural,HAM-0453,2,42,949,0,0.0012678769417107105
LR-Structural,SPAM-0447,3,42,950,1,0.9994139075279236
LR-Structural,HAM-0355,4,42,951,0,0.0014813930029049516
LR-Structural,HAM-0081,1,42,513,0,0.5031649470329285
LR-Structural,SPAM-0473,5,42,953,1,0.9934966564178467
LR-Structural,HAM-0044,5,42,954,0,0.000907636247575283
LR-Structural,HAM-0298,1,42,955,0,0.0013522609369829297
LR-Structural,HAM-0150,2,42,956,0,0.0012661282671615481
LR-Structural,SPAM-0292,3,42,958,1,0.9979981184005737
LR-Structural,HAM-0354,4,42,959,0,0.001404524315148592
LR-Structural,SPAM-0339,1,42,960,1,0.9976509809494019
LR-Structural,HAM-0405,2,42,961,0,0.07314500957727432
LR-Structural,SPAM-0418,5,42,962,1,0.9965953230857849
LR-Structural,HAM-0389,3,42,963,0,0.001714301761239767
LR-Structural,SPAM-0193,4,42,965,1,0.994308590888977
LR-Structural,SPAM-0088,3,42,966,1,0.9642358422279358
LR-Structural,HAM-0125,1,42,967,0,0.0013449747348204255
LR-Structural,HAM-0281,2,42,969,0,0.0013817722210660577
LR-Structural,SPAM-0239,4,42,970,1,0.9974175691604614
LR-Structural,SPAM-0315,5,42,971,1,0.9997261166572571
LR-Structural,SPAM-0478,3,42,972,1,0.9954123497009277
LR-Structural,SPAM-0074,5,42,974,1,0.9989588856697083
LR-Structural,HAM-0358,4,42,975,0,0.0016598253278061748
LR-Structural,HAM-0492,1,42,976,0,0.0027156444266438484
LR-Structural,HAM-0325,2,42,977,0,0.002024554181843996
LR-Structural,SPAM-0001,3,42,978,1,0.9974426627159119
LR-Structural,SPAM-0487,4,42,979,1,0.9901585578918457
LR-Structural,HAM-0213,1,42,981,0,0.0015413654036819935
LR-Structural,SPAM-0222,5,42,982,1,0.9958614110946655
LR-Structural,SPAM-0290,2,42,984,1,0.9937053918838501
LR-Structural,HAM-0305,1,42,985,0,0.0011547349859029055
LR-Structural,SPAM-0465,2,42,986,1,0.9784780144691467
LR-Structural,HAM-0231,3,42,987,0,0.002457059919834137
LR-Structural,HAM-0306,4,42,988,0,0.0018163436325266957
LR-Structural,HAM-0286,5,42,990,0,0.0011106336023658514
LR-Structural,HAM-0253,1,42,991,0,0.0013665931764990091
LR-Structural,SPAM-0481,2,42,992,1,0.9996436834335327
LR-Structural,HAM-0496,3,42,994,0,0.0015589641407132149
LR-Structural,SPAM-0125,4,42,995,1,0.9958716034889221
LR-SBERT+Structural,SPAM-0217,3,42,0,1,0.9613646864891052
LR-SBERT+Structural,HAM-0326,5,42,1,0,0.0009125740616582334
LR-SBERT+Structural,SPAM-0350,3,42,2,1,0.9963386058807373
LR-SBERT+Structural,SPAM-0355,5,42,3,1,0.9941447377204895
LR-SBERT+Structural,HAM-0073,2,42,5,0,0.006047051399946213
LR-SBERT+Structural,HAM-0002,3,42,6,0,0.0011668006191030145
LR-SBERT+Structural,SPAM-0110,1,42,7,1,0.9946881532669067
LR-SBERT+Structural,HAM-0432,4,42,8,0,0.008800315670669079
LR-SBERT+Structural,SPAM-0351,5,42,10,1,0.9975643754005432
LR-SBERT+Structural,HAM-0436,2,42,11,0,0.0009667964768595994
LR-SBERT+Structural,HAM-0309,1,42,12,0,0.0034609935246407986
LR-SBERT+Structural,HAM-0020,3,42,13,0,0.0004750195366796106
LR-SBERT+Structural,SPAM-0148,5,42,14,1,0.9991856217384338
LR-SBERT+Structural,HAM-0177,4,42,16,0,0.03129687160253525
LR-SBERT+Structural,HAM-0146,4,42,17,0,0.00010117442434420809
LR-SBERT+Structural,SPAM-0354,1,42,18,1,0.999607503414154
LR-SBERT+Structural,SPAM-0280,2,42,19,1,0.9926447868347168
LR-SBERT+Structural,HAM-0487,3,42,21,0,0.0007627427112311125
LR-SBERT+Structural,SPAM-0152,5,42,22,1,0.998812735080719
LR-SBERT+Structural,HAM-0179,2,42,23,0,0.006557320710271597
LR-SBERT+Structural,HAM-0350,1,42,25,0,0.003963546361774206
LR-SBERT+Structural,HAM-0410,4,42,26,0,0.002961693797260523
LR-SBERT+Structural,HAM-0260,3,42,27,0,0.0021252448204904795
LR-SBERT+Structural,HAM-0013,5,42,28,0,0.0008259571040980518
LR-SBERT+Structural,SPAM-0174,3,42,30,1,0.9971440434455872
LR-SBERT+Structural,HAM-0219,1,42,31,0,0.0016102863010019064
LR-SBERT+Structural,SPAM-0395,2,42,32,1,0.9999377131462097
LR-SBERT+Structural,SPAM-0163,4,42,33,1,0.9999841451644897
LR-SBERT+Structural,HAM-0126,5,42,34,0,0.00045339897042140365
LR-SBERT+Structural,SPAM-0128,2,42,36,1,0.9997188448905945
LR-SBERT+Structural,HAM-0021,1,42,37,0,0.0008259949390776455
LR-SBERT+Structural,HAM-0409,3,42,38,0,0.0010565086267888546
LR-SBERT+Structural,SPAM-0234,5,42,40,1,0.9987961649894714
LR-SBERT+Structural,HAM-0443,4,42,41,0,0.002817065455019474
LR-SBERT+Structural,HAM-0469,1,42,42,0,0.001314984867349267
LR-SBERT+Structural,HAM-0100,2,42,43,0,0.018726516515016556
LR-SBERT+Structural,SPAM-0330,3,42,45,1,0.9925657510757446
LR-SBERT+Structural,SPAM-0242,4,42,46,1,0.999547004699707
LR-SBERT+Structural,SPAM-0022,5,42,47,1,0.9983468055725098
LR-SBERT+Structural,SPAM-0100,1,42,48,1,0.9969404935836792
LR-SBERT+Structural,HAM-0032,2,42,49,0,0.010416483506560326
LR-SBERT+Structural,HAM-0102,3,42,51,0,0.005143535789102316
LR-SBERT+Structural,SPAM-0080,4,42,52,1,0.938148558139801
LR-SBERT+Structural,SPAM-0112,5,42,53,1,0.999715268611908
LR-SBERT+Structural,HAM-0476,5,42,54,0,0.004442600533366203
LR-SBERT+Structural,SPAM-0430,1,42,56,1,0.9999294281005859
LR-SBERT+Structural,SPAM-0370,2,42,57,1,0.9999420046806335
LR-SBERT+Structural,SPAM-0404,4,42,58,1,0.9039679765701294
LR-SBERT+Structural,SPAM-0367,3,42,60,1,0.9989074468612671
LR-SBERT+Structural,HAM-0343,2,42,61,0,5.224938286119141e-05
LR-SBERT+Structural,SPAM-0238,1,42,62,1,0.9957538843154907
LR-SBERT+Structural,SPAM-0145,3,42,63,1,0.9999338388442993
LR-SBERT+Structural,SPAM-0491,4,42,65,1,0.9999515414237976
LR-SBERT+Structural,SPAM-0059,5,42,66,1,0.9975993633270264
LR-SBERT+Structural,SPAM-0199,1,42,67,1,0.9958018064498901
LR-SBERT+Structural,HAM-0314,3,42,68,0,0.0029902250971645117
LR-SBERT+Structural,HAM-0265,4,42,70,0,0.0009433706873096526
LR-SBERT+Structural,SPAM-0228,2,42,71,1,0.995845377445221
LR-SBERT+Structural,HAM-0160,5,42,72,0,0.0025165716651827097
LR-SBERT+Structural,SPAM-0446,1,42,73,1,0.9984553456306458
LR-SBERT+Structural,HAM-0464,3,42,74,0,0.00775097357109189
LR-SBERT+Structural,HAM-0299,2,42,76,0,0.0016655129147693515
LR-SBERT+Structural,SPAM-0382,4,42,77,1,0.9993450045585632
LR-SBERT+Structural,SPAM-0372,5,42,78,1,0.9976692795753479
LR-SBERT+Structural,SPAM-0499,1,42,79,1,0.9917582869529724
LR-SBERT+Structural,HAM-0378,2,42,81,0,0.015615592710673809
LR-SBERT+Structural,SPAM-0295,3,42,82,1,0.9966534376144409
LR-SBERT+Structural,SPAM-0326,4,42,83,1,0.9871593713760376
LR-SBERT+Structural,SPAM-0133,5,42,84,1,0.9999224543571472
LR-SBERT+Structural,HAM-0034,2,42,86,0,0.002769061829894781
LR-SBERT+Structural,SPAM-0349,1,42,87,1,0.9972401261329651
LR-SBERT+Structural,HAM-0059,4,42,88,0,0.0022485831286758184
LR-SBERT+Structural,SPAM-0428,3,42,90,1,0.9999916553497314
LR-SBERT+Structural,HAM-0245,5,42,91,0,0.0007269124616868794
LR-SBERT+Structural,SPAM-0094,4,42,92,1,0.9888453483581543
LR-SBERT+Structural,SPAM-0353,1,42,93,1,0.9982100129127502
LR-SBERT+Structural,HAM-0404,3,42,95,0,0.0013753218809142709
LR-SBERT+Structural,SPAM-0127,5,42,96,1,0.992949903011322
LR-SBERT+Structural,SPAM-0479,2,42,97,1,0.9990266561508179
LR-SBERT+Structural,HAM-0233,2,42,98,0,0.0013654012000188231
LR-SBERT+Structural,SPAM-0190,1,42,99,1,0.9983164072036743
LR-SBERT+Structural,HAM-0132,3,42,101,0,3.112146441708319e-05
LR-SBERT+Structural,SPAM-0359,4,42,102,1,0.9985470175743103
LR-SBERT+Structural,HAM-0001,5,42,103,0,0.0006396910175681114
LR-SBERT+Structural,SPAM-0108,1,42,104,1,0.9999273419380188
LR-SBERT+Structural,SPAM-0362,3,42,106,1,0.9999344348907471
LR-SBERT+Structural,SPAM-0150,2,42,107,1,0.9902182817459106
LR-SBERT+Structural,HAM-0176,4,42,108,0,0.0007021057535894215
LR-SBERT+Structural,SPAM-0391,5,42,109,1,0.9996945858001709
LR-SBERT+Structural,SPAM-0143,2,42,110,1,0.9993058443069458
LR-SBERT+Structural,HAM-0388,4,42,112,0,0.0005993894883431494
LR-SBERT+Structural,HAM-0056,1,42,113,0,0.00019648713350761682
LR-SBERT+Structural,HAM-0334,3,42,115,0,0.0007808995433151722
LR-SBERT+Structural,SPAM-0258,5,42,116,1,0.9985097646713257
LR-SBERT+Structural,SPAM-0442,1,42,117,1,0.9985635280609131
LR-SBERT+Structural,SPAM-0095,3,42,118,1,0.9990412592887878
LR-SBERT+Structural,HAM-0397,2,42,119,0,0.0036073706578463316
LR-SBERT+Structural,SPAM-0386,4,42,120,1,0.9997909665107727
LR-SBERT+Structural,SPAM-0107,5,42,122,1,0.999995231628418
LR-SBERT+Structural,HAM-0324,2,42,123,0,0.00025202540564350784
LR-SBERT+Structural,SPAM-0466,1,42,125,1,0.9992015361785889
LR-SBERT+Structural,SPAM-0287,3,42,126,1,0.9996591806411743
LR-SBERT+Structural,SPAM-0204,4,42,127,1,0.9995184540748596
LR-SBERT+Structural,SPAM-0412,5,42,128,1,0.9966909885406494
LR-SBERT+Structural,SPAM-0024,4,42,130,1,0.999191403388977
LR-SBERT+Structural,SPAM-0277,1,42,131,1,0.9994852542877197
LR-SBERT+Structural,SPAM-0123,2,42,132,1,0.999999463558197
LR-SBERT+Structural,SPAM-0416,5,42,133,1,0.9994349479675293
LR-SBERT+Structural,HAM-0186,3,42,135,0,0.0031774083618074656
LR-SBERT+Structural,HAM-0473,3,42,136,0,0.0006447579944506288
LR-SBERT+Structural,HAM-0366,1,42,137,0,0.0007649134495295584
LR-SBERT+Structural,HAM-0082,2,42,138,0,0.0001729485666146502
LR-SBERT+Structural,HAM-0455,4,42,139,0,0.001316578476689756
LR-SBERT+Structural,HAM-0459,5,42,140,0,0.002378856297582388
LR-SBERT+Structural,SPAM-0470,3,42,142,1,0.9991973638534546
LR-SBERT+Structural,HAM-0451,1,42,143,0,0.0008218269795179367
LR-SBERT+Structural,HAM-0134,2,42,145,0,0.007131307385861874
LR-SBERT+Structural,HAM-0323,4,42,146,0,0.0016097245970740914
LR-SBERT+Structural,HAM-0364,5,42,147,0,4.3532545532798395e-05
LR-SBERT+Structural,SPAM-0220,1,42,148,1,0.9999139308929443
LR-SBERT+Structural,SPAM-0263,2,42,149,1,0.9990074634552002
LR-SBERT+Structural,HAM-0090,3,42,150,0,0.000756682304199785
LR-SBERT+Structural,SPAM-0294,4,42,152,1,0.9994604587554932
LR-SBERT+Structural,SPAM-0409,5,42,153,1,0.9999932646751404
LR-SBERT+Structural,SPAM-0227,1,42,154,1,0.9997820854187012
LR-SBERT+Structural,HAM-0027,2,42,156,0,0.0013030711561441422
LR-SBERT+Structural,HAM-0396,3,42,157,0,0.005823072511702776
LR-SBERT+Structural,HAM-0241,4,42,158,0,0.00014418894716072828
LR-SBERT+Structural,SPAM-0333,5,42,159,1,0.9991848468780518
LR-SBERT+Structural,HAM-0437,1,42,161,0,0.0003904398763552308
LR-SBERT+Structural,HAM-0151,2,42,162,0,0.0011857303325086832
LR-SBERT+Structural,HAM-0499,3,42,163,0,0.0008048050804063678
LR-SBERT+Structural,SPAM-0067,4,42,165,1,0.9976196885108948
LR-SBERT+Structural,HAM-0494,5,42,166,0,0.003244063351303339
LR-SBERT+Structural,HAM-0363,4,42,167,0,0.0024861148558557034
LR-SBERT+Structural,SPAM-0206,1,42,168,1,0.9911283254623413
LR-SBERT+Structural,HAM-0143,2,42,170,0,8.636388520244509e-05
LR-SBERT+Structural,HAM-0133,3,42,171,0,0.0003741264808923006
LR-SBERT+Structural,SPAM-0188,5,42,172,1,0.9991305470466614
LR-SBERT+Structural,SPAM-0240,3,42,173,1,0.9948992133140564
LR-SBERT+Structural,HAM-0026,4,42,175,0,6.0428788856370375e-05
LR-SBERT+Structural,HAM-0500,1,42,176,0,0.0028941731434315443
LR-SBERT+Structural,HAM-0441,5,42,177,0,0.0005713660502806306
LR-SBERT+Structural,HAM-0111,2,42,178,0,0.003988295793533325
LR-SBERT+Structural,HAM-0085,5,42,179,0,0.007529243361204863
LR-SBERT+Structural,HAM-0395,1,42,181,0,0.0043811071664094925
LR-SBERT+Structural,SPAM-0027,2,42,182,1,0.9998636841773987
LR-SBERT+Structural,HAM-0188,3,42,183,0,0.001676882617175579
LR-SBERT+Structural,SPAM-0494,4,42,184,1,0.9875450730323792
LR-SBERT+Structural,SPAM-0282,1,42,186,1,0.9961735606193542
LR-SBERT+Structural,HAM-0166,2,42,187,0,0.0020841772202402353
LR-SBERT+Structural,SPAM-0342,5,42,188,1,0.9998259544372559
LR-SBERT+Structural,SPAM-0251,3,42,189,1,0.9988738894462585
LR-SBERT+Structural,SPAM-0187,4,42,191,1,0.9983477592468262
LR-SBERT+Structural,SPAM-0260,3,42,192,1,0.997512698173523
LR-SBERT+Structural,SPAM-0114,4,42,193,1,0.9997830390930176
LR-SBERT+Structural,HAM-0452,1,42,194,0,0.01602254807949066
LR-SBERT+Structural,SPAM-0373,2,42,196,1,0.9999550580978394
LR-SBERT+Structural,SPAM-0460,5,42,197,1,0.9983084201812744
LR-SBERT+Structural,SPAM-0129,2,42,198,1,0.9998308420181274
LR-SBERT+Structural,HAM-0093,3,42,199,0,0.0005037368391640484
LR-SBERT+Structural,HAM-0266,1,42,201,0,0.011406295001506805
LR-SBERT+Structural,HAM-0108,4,42,202,0,0.000996112241409719
LR-SBERT+Structural,SPAM-0429,5,42,203,1,0.9950082302093506
LR-SBERT+Structural,SPAM-0002,1,42,204,1,0.9995207190513611
LR-SBERT+Structural,HAM-0372,4,42,206,0,0.00011022291437257081
LR-SBERT+Structural,SPAM-0226,2,42,207,1,0.9313427209854126
LR-SBERT+Structural,HAM-0123,3,42,208,0,0.0005757164908573031
LR-SBERT+Structural,SPAM-0231,5,42,209,1,0.9996395111083984
LR-SBERT+Structural,HAM-0019,3,42,211,0,0.0013368771178647876
LR-SBERT+Structural,HAM-0097,1,42,212,0,0.003734682220965624
LR-SBERT+Structural,SPAM-0299,2,42,213,1,0.9993183612823486
LR-SBERT+Structural,HAM-0422,4,42,214,0,0.0010942876106128097
LR-SBERT+Structural,HAM-0288,5,42,216,0,0.00011085232836194336
LR-SBERT+Structural,SPAM-0318,1,42,217,1,0.9997708201408386
LR-SBERT+Structural,HAM-0065,5,42,218,0,0.005345168989151716
LR-SBERT+Structural,HAM-0078,2,42,220,0,0.00043400251888670027
LR-SBERT+Structural,SPAM-0005,3,42,221,1,0.9999887347221375
LR-SBERT+Structural,HAM-0036,4,42,222,0,0.001423963694833219
LR-SBERT+Structural,HAM-0128,2,42,223,0,0.015714719891548157
LR-SBERT+Structural,HAM-0105,1,42,225,0,0.0054929014295339584
LR-SBERT+Structural,SPAM-0252,3,42,226,1,0.9989018440246582
LR-SBERT+Structural,HAM-0345,4,42,227,0,0.03344493359327316
LR-SBERT+Structural,HAM-0218,5,42,228,0,0.0002881712862290442
LR-SBERT+Structural,SPAM-0325,5,42,229,1,0.9995808005332947
LR-SBERT+Structural,HAM-0381,1,42,231,0,0.0010391386458650231
LR-SBERT+Structural,SPAM-0486,2,42,232,1,0.9889919757843018
LR-SBERT+Structural,SPAM-0488,3,42,233,1,0.999607503414154
LR-SBERT+Structural,HAM-0113,4,42,235,0,0.0008077112142927945
LR-SBERT+Structural,SPAM-0426,1,42,236,1,0.9970582723617554
LR-SBERT+Structural,HAM-0320,3,42,237,0,0.0006904799374751747
LR-SBERT+Structural,SPAM-0467,2,42,238,1,0.9999201893806458
LR-SBERT+Structural,HAM-0313,4,42,240,0,0.0025609114672988653
LR-SBERT+Structural,SPAM-0327,5,42,241,1,0.7450083494186401
LR-SBERT+Structural,SPAM-0065,5,42,242,1,0.999030351638794
LR-SBERT+Structural,HAM-0375,1,42,243,0,0.00011501488188514486
LR-SBERT+Structural,HAM-0356,2,42,244,0,0.006171208806335926
LR-SBERT+Structural,HAM-0367,3,42,245,0,0.0019273330690339208
LR-SBERT+Structural,SPAM-0433,4,42,247,1,0.9996724128723145
LR-SBERT+Structural,HAM-0145,1,42,248,0,0.001703154412098229
LR-SBERT+Structural,SPAM-0431,2,42,249,1,0.9992814064025879
LR-SBERT+Structural,SPAM-0243,5,42,251,1,0.9965053200721741
LR-SBERT+Structural,HAM-0448,3,42,252,0,0.0024475697427988052
LR-SBERT+Structural,HAM-0202,4,42,253,0,0.005060507450252771
LR-SBERT+Structural,SPAM-0103,4,42,254,1,0.9978600144386292
LR-SBERT+Structural,SPAM-0335,1,42,256,1,0.9999368786811829
LR-SBERT+Structural,HAM-0373,2,42,257,0,9.079085430130363e-05
LR-SBERT+Structural,SPAM-0031,3,42,258,1,0.9999945163726807
LR-SBERT+Structural,HAM-0312,5,42,260,0,6.277546344790608e-05
LR-SBERT+Structural,SPAM-0301,1,42,261,1,0.9994146227836609
LR-SBERT+Structural,SPAM-0200,2,42,262,1,0.98232102394104
LR-SBERT+Structural,HAM-0091,3,42,263,0,8.831558807287365e-05
LR-SBERT+Structural,SPAM-0069,4,42,265,1,0.999615490436554
LR-SBERT+Structural,SPAM-0420,5,42,266,1,0.9947966933250427
LR-SBERT+Structural,HAM-0165,1,42,267,0,0.013827802613377571
LR-SBERT+Structural,SPAM-0104,3,42,268,1,0.9996224045753479
LR-SBERT+Structural,SPAM-0361,2,42,269,1,0.9721490740776062
LR-SBERT+Structural,HAM-0172,5,42,271,0,0.006405442021787167
LR-SBERT+Structural,HAM-0226,4,42,272,0,0.000933364441152662
LR-SBERT+Structural,SPAM-0253,1,42,273,1,0.9999164938926697
LR-SBERT+Structural,HAM-0171,2,42,275,0,0.0037539051845669746
LR-SBERT+Structural,HAM-0203,4,42,276,0,0.0021969187073409557
LR-SBERT+Structural,HAM-0497,3,42,277,0,0.009578900411725044
LR-SBERT+Structural,HAM-0156,5,42,278,0,0.0002529635967221111
LR-SBERT+Structural,SPAM-0298,5,42,279,1,0.9983069896697998
LR-SBERT+Structural,HAM-0340,1,42,280,0,0.0016802230384200811
LR-SBERT+Structural,SPAM-0216,2,42,282,1,0.9983358383178711
LR-SBERT+Structural,SPAM-0177,3,42,283,1,0.9998259544372559
LR-SBERT+Structural,HAM-0129,4,42,285,0,0.039352960884571075
LR-SBERT+Structural,HAM-0449,2,42,286,0,0.006854070816189051
LR-SBERT+Structural,HAM-0400,3,42,287,0,0.00034163182135671377
LR-SBERT+Structural,SPAM-0025,5,42,288,1,0.9996547698974609
LR-SBERT+Structural,HAM-0399,5,42,289,0,0.0009891395457088947
LR-SBERT+Structural,HAM-0142,1,42,291,0,0.0007296475232578814
LR-SBERT+Structural,SPAM-0205,4,42,292,1,0.9999891519546509
LR-SBERT+Structural,HAM-0086,1,42,293,0,0.0018786888103932142
LR-SBERT+Structural,SPAM-0085,2,42,295,1,0.9998146295547485
LR-SBERT+Structural,SPAM-0496,3,42,296,1,0.9987860918045044
LR-SBERT+Structural,HAM-0456,4,42,297,0,0.00034642042010091245
LR-SBERT+Structural,SPAM-0014,4,42,298,1,0.8834603428840637
LR-SBERT+Structural,HAM-0348,1,42,299,0,0.01077267900109291
LR-SBERT+Structural,HAM-0304,2,42,301,0,0.001484427135437727
LR-SBERT+Structural,HAM-0482,3,42,302,0,0.0012442547595128417
LR-SBERT+Structural,HAM-0087,5,42,303,0,5.2321764087537304e-05
LR-SBERT+Structural,HAM-0267,1,42,304,0,0.16458682715892792
LR-SBERT+Structural,SPAM-0314,2,42,306,1,0.9992164373397827
LR-SBERT+Structural,HAM-0287,5,42,307,0,0.008472183719277382
LR-SBERT+Structural,SPAM-0464,3,42,308,1,0.9983550310134888
LR-SBERT+Structural,HAM-0199,4,42,309,0,2.0325667719589546e-05
LR-SBERT+Structural,SPAM-0046,1,42,311,1,0.9922732710838318
LR-SBERT+Structural,HAM-0493,2,42,312,0,0.002495967783033848
LR-SBERT+Structural,SPAM-0341,3,42,313,1,0.9985131025314331
LR-SBERT+Structural,SPAM-0356,4,42,314,1,0.9999046921730042
LR-SBERT+Structural,SPAM-0305,5,42,316,1,0.998856246471405
LR-SBERT+Structural,HAM-0444,5,42,317,0,0.00023115583462640643
LR-SBERT+Structural,HAM-0362,1,42,318,0,0.0005443408153951168
LR-SBERT+Structural,SPAM-0156,2,42,320,1,0.997439444065094
LR-SBERT+Structural,HAM-0014,3,42,321,0,9.96443850453943e-05
LR-SBERT+Structural,HAM-0447,4,42,322,0,0.00023490771127399057
LR-SBERT+Structural,SPAM-0445,1,42,323,1,0.9999967217445374
LR-SBERT+Structural,SPAM-0451,4,42,324,1,0.9936936497688293
LR-SBERT+Structural,SPAM-0495,2,42,326,1,0.9999473094940186
LR-SBERT+Structural,HAM-0230,5,42,327,0,0.00014967363676987588
LR-SBERT+Structural,SPAM-0054,3,42,328,1,0.9999917149543762
LR-SBERT+Structural,HAM-0045,1,42,330,0,0.0010983409592881799
LR-SBERT+Structural,HAM-0068,2,42,331,0,0.00020559129188768566
LR-SBERT+Structural,SPAM-0089,3,42,332,1,0.9908408522605896
LR-SBERT+Structural,HAM-0467,4,42,333,0,0.0008999586571007967
LR-SBERT+Structural,HAM-0228,5,42,335,0,0.003241871017962694
LR-SBERT+Structural,HAM-0158,1,42,336,0,0.002652600174769759
LR-SBERT+Structural,HAM-0003,2,42,337,0,0.0028397967107594013
LR-SBERT+Structural,SPAM-0394,4,42,338,1,0.9996709823608398
LR-SBERT+Structural,SPAM-0209,5,42,340,1,0.9999014735221863
LR-SBERT+Structural,HAM-0163,3,42,341,0,0.0037893522530794144
LR-SBERT+Structural,HAM-0394,3,42,342,0,0.003572307527065277
LR-SBERT+Structural,SPAM-0322,1,42,343,1,0.9907925724983215
LR-SBERT+Structural,HAM-0421,2,42,345,0,0.022236293181777
LR-SBERT+Structural,HAM-0079,4,42,346,0,0.004093167372047901
LR-SBERT+Structural,SPAM-0436,5,42,347,1,0.9958464503288269
LR-SBERT+Structural,HAM-0433,1,42,348,0,0.008341100066900253
LR-SBERT+Structural,HAM-0127,2,42,350,0,0.0223556961864233
LR-SBERT+Structural,HAM-0152,4,42,351,0,0.028285864740610123
LR-SBERT+Structural,SPAM-0007,3,42,352,1,0.999962568283081
LR-SBERT+Structural,SPAM-0459,5,42,353,1,0.9953445792198181
LR-SBERT+Structural,SPAM-0096,3,42,355,1,0.9920865893363953
LR-SBERT+Structural,HAM-0300,1,42,356,0,0.0002222741604782641
LR-SBERT+Structural,HAM-0349,2,42,357,0,0.0003875498368870467
LR-SBERT+Structural,HAM-0096,5,42,358,0,0.0012816727394238114
LR-SBERT+Structural,HAM-0222,4,42,359,0,0.0010414901189506054
LR-SBERT+Structural,HAM-0284,4,42,361,0,0.0008463864796794951
LR-SBERT+Structural,SPAM-0192,1,42,362,1,0.999715268611908
LR-SBERT+Structural,HAM-0117,2,42,363,0,0.0010427922243252397
LR-SBERT+Structural,SPAM-0270,3,42,365,1,0.9836724400520325
LR-SBERT+Structural,HAM-0140,5,42,366,0,0.005977975204586983
LR-SBERT+Structural,SPAM-0482,2,42,367,1,0.9999179840087891
LR-SBERT+Structural,SPAM-0077,1,42,368,1,0.9998306035995483
LR-SBERT+Structural,HAM-0401,3,42,370,0,0.005174687132239342
LR-SBERT+Structural,SPAM-0490,4,42,371,1,0.9918644428253174
LR-SBERT+Structural,SPAM-0302,5,42,372,1,0.9974245429039001
LR-SBERT+Structural,SPAM-0139,3,42,373,1,0.9991028308868408
LR-SBERT+Structural,HAM-0175,1,42,374,0,0.00023494020570069551
LR-SBERT+Structural,HAM-0119,2,42,376,0,0.00010077764454763383
LR-SBERT+Structural,SPAM-0035,4,42,377,1,0.9996546506881714
LR-SBERT+Structural,HAM-0051,5,42,378,0,0.00024244793166872114
LR-SBERT+Structural,HAM-0028,1,42,379,0,0.00045437304652296007
LR-SBERT+Structural,HAM-0178,5,42,380,0,0.0030602996703237295
LR-SBERT+Structural,HAM-0257,2,42,382,0,0.0014147300971671939
LR-SBERT+Structural,HAM-0462,3,42,383,0,0.0018589888932183385
LR-SBERT+Structural,SPAM-0264,4,42,384,1,0.9994483590126038
LR-SBERT+Structural,HAM-0072,1,42,386,0,0.0076249283738434315
LR-SBERT+Structural,HAM-0379,2,42,387,0,0.0032868944108486176
LR-SBERT+Structural,SPAM-0256,4,42,388,1,0.9994127154350281
LR-SBERT+Structural,SPAM-0102,3,42,390,1,0.9978351593017578
LR-SBERT+Structural,HAM-0277,5,42,391,0,0.003685898380354047
LR-SBERT+Structural,HAM-0347,1,42,392,0,0.002424243837594986
LR-SBERT+Structural,HAM-0200,2,42,393,0,0.01177260186523199
LR-SBERT+Structural,SPAM-0030,4,42,395,1,0.9937652349472046
LR-SBERT+Structural,SPAM-0463,5,42,396,1,0.9964146018028259
LR-SBERT+Structural,HAM-0454,3,42,398,0,0.0003894661203958094
LR-SBERT+Structural,HAM-0040,1,42,399,0,0.0008008445147424936
LR-SBERT+Structural,HAM-0365,2,42,401,0,0.00043463261681608856
LR-SBERT+Structural,SPAM-0116,3,42,402,1,0.9994277358055115
LR-SBERT+Structural,HAM-0074,4,42,403,0,0.00010359686712035909
LR-SBERT+Structural,HAM-0301,5,42,404,0,0.00040688831359148026
LR-SBERT+Structural,HAM-0486,1,42,406,0,0.0007002220372669399
LR-SBERT+Structural,SPAM-0414,2,42,407,1,0.9989578127861023
LR-SBERT+Structural,SPAM-0056,4,42,408,1,0.9893733859062195
LR-SBERT+Structural,HAM-0445,3,42,409,0,0.0004251532373018563
LR-SBERT+Structural,HAM-0289,5,42,411,0,0.0005184917245060205
LR-SBERT+Structural,SPAM-0441,5,42,412,1,0.9974337816238403
LR-SBERT+Structural,SPAM-0182,1,42,413,1,0.9980428218841553
LR-SBERT+Structural,SPAM-0250,2,42,414,1,0.9878674745559692
LR-SBERT+Structural,SPAM-0185,3,42,416,1,0.9997577667236328
LR-SBERT+Structural,SPAM-0208,4,42,417,1,0.9845439791679382
LR-SBERT+Structural,HAM-0439,3,42,418,0,0.0001912968436954543
LR-SBERT+Structural,HAM-0291,4,42,419,0,0.006263078656047583
LR-SBERT+Structural,SPAM-0175,1,42,420,1,0.9994344711303711
LR-SBERT+Structural,HAM-0109,2,42,421,0,0.0005002250545658171
LR-SBERT+Structural,HAM-0022,5,42,423,0,0.009645706973969936
LR-SBERT+Structural,HAM-0271,1,42,424,0,0.0026645646430552006
LR-SBERT+Structural,SPAM-0160,3,42,426,1,0.961963415145874
LR-SBERT+Structural,HAM-0170,2,42,427,0,0.008037470281124115
LR-SBERT+Structural,HAM-0402,4,42,428,0,0.00010669058974599466
LR-SBERT+Structural,HAM-0331,5,42,429,0,0.00028500452754087746
LR-SBERT+Structural,SPAM-0344,1,42,430,1,0.9987804293632507
LR-SBERT+Structural,HAM-0043,4,42,432,0,2.7005300580640323e-05
LR-SBERT+Structural,HAM-0088,2,42,433,0,0.000599377672187984
LR-SBERT+Structural,HAM-0360,3,42,434,0,0.0005441634566523135
LR-SBERT+Structural,SPAM-0365,5,42,436,1,0.9908754825592041
LR-SBERT+Structural,HAM-0029,1,42,437,0,0.025857076048851013
LR-SBERT+Structural,HAM-0244,4,42,438,0,0.0009115030989050865
LR-SBERT+Structural,HAM-0495,2,42,439,0,0.0011042202822864056
LR-SBERT+Structural,SPAM-0075,3,42,441,1,0.9990829229354858
LR-SBERT+Structural,SPAM-0202,5,42,442,1,0.9994972944259644
LR-SBERT+Structural,HAM-0048,1,42,443,0,0.004939811769872904
LR-SBERT+Structural,SPAM-0180,2,42,444,1,0.9860279560089111
LR-SBERT+Structural,HAM-0333,5,42,446,0,0.0011637253919616342
LR-SBERT+Structural,HAM-0440,3,42,447,0,0.0072014350444078445
LR-SBERT+Structural,HAM-0335,4,42,448,0,3.391519931028597e-05
LR-SBERT+Structural,HAM-0042,1,42,449,0,0.0014087952440604568
LR-SBERT+Structural,SPAM-0091,1,42,451,1,0.9997875690460205
LR-SBERT+Structural,HAM-0351,2,42,452,0,0.00011757234460674226
LR-SBERT+Structural,SPAM-0254,3,42,453,1,0.9977244138717651
LR-SBERT+Structural,SPAM-0171,4,42,454,1,0.9995701909065247
LR-SBERT+Structural,SPAM-0472,5,42,456,1,0.993060827255249
LR-SBERT+Structural,SPAM-0068,2,42,457,1,0.9848583936691284
LR-SBERT+Structural,SPAM-0122,4,42,458,1,0.9989722967147827
LR-SBERT+Structural,SPAM-0393,5,42,459,1,0.9999165534973145
LR-SBERT+Structural,SPAM-0009,1,42,460,1,0.9999029040336609
LR-SBERT+Structural,SPAM-0086,3,42,461,1,0.9980823397636414
LR-SBERT+Structural,HAM-0408,1,42,463,0,0.048370715230703354
LR-SBERT+Structural,SPAM-0196,2,42,464,1,0.987003743648529
LR-SBERT+Structural,HAM-0182,3,42,465,0,0.027095992118120193
LR-SBERT+Structural,HAM-0130,4,42,467,0,0.00024444048176519573
LR-SBERT+Structural,HAM-0270,5,42,468,0,0.001258827862329781
LR-SBERT+Structural,HAM-0318,1,42,469,0,0.0012311566388234496
LR-SBERT+Structural,HAM-0099,2,42,470,0,0.00021350545284803957
LR-SBERT+Structural,HAM-0124,3,42,471,0,0.00034629186848178506
LR-SBERT+Structural,HAM-0269,5,42,473,0,0.003887828206643462
LR-SBERT+Structural,SPAM-0020,4,42,474,1,0.9991981983184814
LR-SBERT+Structural,HAM-0471,1,42,475,0,0.0016928345430642366
LR-SBERT+Structural,SPAM-0398,2,42,477,1,0.9981570839881897
LR-SBERT+Structural,SPAM-0283,3,42,478,1,0.9799359440803528
LR-SBERT+Structural,HAM-0413,4,42,479,0,0.0012929787626489997
LR-SBERT+Structural,HAM-0221,5,42,480,0,0.004742008168250322
LR-SBERT+Structural,SPAM-0480,2,42,482,1,0.9784713983535767
LR-SBERT+Structural,SPAM-0413,1,42,483,1,0.999866247177124
LR-SBERT+Structural,HAM-0258,4,42,484,0,0.0012522470206022263
LR-SBERT+Structural,SPAM-0497,3,42,485,1,0.9991251826286316
LR-SBERT+Structural,SPAM-0138,5,42,486,1,0.9944693446159363
LR-SBERT+Structural,SPAM-0363,1,42,488,1,0.9939152598381042
LR-SBERT+Structural,HAM-0370,2,42,489,0,0.0024342057295143604
LR-SBERT+Structural,HAM-0272,3,42,490,0,5.389120997278951e-05
LR-SBERT+Structural,SPAM-0019,4,42,492,1,0.9999634027481079
LR-SBERT+Structural,SPAM-0247,5,42,493,1,0.9998400807380676
LR-SBERT+Structural,SPAM-0173,3,42,494,1,0.9994074106216431
LR-SBERT+Structural,HAM-0273,2,42,495,0,0.00044785032514482737
LR-SBERT+Structural,HAM-0009,4,42,497,0,0.0004965348052792251
LR-SBERT+Structural,HAM-0250,5,42,498,0,0.005214319098740816
LR-SBERT+Structural,SPAM-0268,3,42,499,1,0.9996001124382019
LR-SBERT+Structural,HAM-0248,1,42,500,0,0.007705582771450281
LR-SBERT+Structural,SPAM-0437,1,42,502,1,0.995143473148346
LR-SBERT+Structural,HAM-0479,2,42,503,0,0.0059705157764256
LR-SBERT+Structural,HAM-0342,4,42,504,0,0.027250247076153755
LR-SBERT+Structural,SPAM-0281,5,42,505,1,0.9913471937179565
LR-SBERT+Structural,HAM-0031,2,42,507,0,0.000665980507619679
LR-SBERT+Structural,HAM-0192,1,42,508,0,0.0032536352518945932
LR-SBERT+Structural,HAM-0234,4,42,509,0,0.0005239167949184775
LR-SBERT+Structural,HAM-0259,3,42,510,0,0.08921435475349426
LR-SBERT+Structural,SPAM-0376,5,42,512,1,0.9991553425788879
LR-SBERT+Structural,HAM-0155,1,42,513,0,0.28285738825798035
LR-SBERT+Structural,HAM-0070,5,42,514,0,3.1823710742173716e-05
LR-SBERT+Structural,HAM-0237,2,42,515,0,0.0071960813365876675
LR-SBERT+Structural,SPAM-0417,3,42,516,1,0.9983158707618713
LR-SBERT+Structural,SPAM-0462,4,42,518,1,0.997829258441925
LR-SBERT+Structural,SPAM-0158,1,42,519,1,0.9568797945976257
LR-SBERT+Structural,HAM-0077,2,42,520,0,0.00012403857544995844
LR-SBERT+Structural,SPAM-0161,3,42,521,1,0.9999902248382568
LR-SBERT+Structural,SPAM-0115,4,42,523,1,0.9998636245727539
LR-SBERT+Structural,SPAM-0032,5,42,524,1,0.9988356232643127
LR-SBERT+Structural,SPAM-0149,1,42,525,1,0.9903765916824341
LR-SBERT+Structural,HAM-0174,5,42,526,0,0.2184993177652359
LR-SBERT+Structural,HAM-0173,2,42,528,0,0.022632252424955368
LR-SBERT+Structural,SPAM-0176,3,42,529,1,0.9976876974105835
LR-SBERT+Structural,SPAM-0003,4,42,530,1,0.9850145578384399
LR-SBERT+Structural,SPAM-0352,3,42,532,1,0.9996358156204224
LR-SBERT+Structural,SPAM-0347,1,42,533,1,0.999661386013031
LR-SBERT+Structural,SPAM-0012,2,42,534,1,0.9996949434280396
LR-SBERT+Structural,HAM-0252,4,42,535,0,0.00025529434788040817
LR-SBERT+Structural,SPAM-0419,5,42,537,1,0.9987409710884094
LR-SBERT+Structural,SPAM-0317,3,42,538,1,0.9999538064002991
LR-SBERT+Structural,HAM-0201,1,42,539,0,0.00028893095441162586
LR-SBERT+Structural,SPAM-0284,2,42,540,1,0.9998488426208496
LR-SBERT+Structural,SPAM-0291,4,42,541,1,0.9997544884681702
LR-SBERT+Structural,SPAM-0388,5,42,542,1,0.9985017776489258
LR-SBERT+Structural,SPAM-0407,4,42,544,1,0.600668728351593
LR-SBERT+Structural,SPAM-0461,1,42,545,1,0.9976041913032532
LR-SBERT+Structural,SPAM-0265,2,42,547,1,0.9966355562210083
LR-SBERT+Structural,SPAM-0135,3,42,548,1,0.9933821558952332
LR-SBERT+Structural,HAM-0321,5,42,549,0,0.00038232270162552595
LR-SBERT+Structural,SPAM-0223,3,42,550,1,0.9969130754470825
LR-SBERT+Structural,SPAM-0476,4,42,551,1,0.9961014986038208
LR-SBERT+Structural,HAM-0481,5,42,553,0,0.0005176084232516587
LR-SBERT+Structural,HAM-0101,1,42,554,0,0.0010772893438115716
LR-SBERT+Structural,SPAM-0415,2,42,555,1,0.983733057975769
LR-SBERT+Structural,SPAM-0010,1,42,556,1,0.9999375939369202
LR-SBERT+Structural,SPAM-0309,2,42,558,1,0.9936705231666565
LR-SBERT+Structural,SPAM-0311,3,42,559,1,0.999575674533844
LR-SBERT+Structural,SPAM-0229,4,42,560,1,0.9900447726249695
LR-SBERT+Structural,HAM-0368,5,42,561,0,0.0001993180630961433
LR-SBERT+Structural,HAM-0478,2,42,563,0,0.004689223598688841
LR-SBERT+Structural,HAM-0390,3,42,564,0,0.0010233739158138633
LR-SBERT+Structural,HAM-0290,1,42,565,0,0.0007961622904986143
LR-SBERT+Structural,SPAM-0066,4,42,567,1,0.9997439384460449
LR-SBERT+Structural,SPAM-0435,3,42,313,1,0.9975883960723877
LR-SBERT+Structural,SPAM-0383,5,42,568,1,0.9996649026870728
LR-SBERT+Structural,HAM-0210,1,42,569,0,0.012789768166840076
LR-SBERT+Structural,SPAM-0099,2,42,570,1,0.9622212052345276
LR-SBERT+Structural,SPAM-0293,5,42,572,1,0.9579147100448608
LR-SBERT+Structural,HAM-0195,3,42,573,0,0.0011010734597221017
LR-SBERT+Structural,HAM-0217,4,42,574,0,0.0023527247831225395
LR-SBERT+Structural,HAM-0016,3,42,575,0,7.946018013171852e-05
LR-SBERT+Structural,HAM-0341,1,42,577,0,0.0002123921294696629
LR-SBERT+Structural,HAM-0214,2,42,578,0,0.004330361261963844
LR-SBERT+Structural,SPAM-0449,4,42,579,1,0.9987982511520386
LR-SBERT+Structural,SPAM-0151,5,42,580,1,0.9979081153869629
LR-SBERT+Structural,HAM-0193,2,42,582,0,0.008877819404006004
LR-SBERT+Structural,SPAM-0484,5,42,583,1,0.9995740056037903
LR-SBERT+Structural,HAM-0041,1,42,584,0,0.00031636704807169735
LR-SBERT+Structural,SPAM-0201,3,42,585,1,0.9994972944259644
LR-SBERT+Structural,HAM-0275,4,42,586,0,0.0007238748949021101
LR-SBERT+Structural,HAM-0196,5,42,588,0,0.004389758687466383
LR-SBERT+Structural,SPAM-0049,4,42,589,1,0.9950698614120483
LR-SBERT+Structural,HAM-0095,1,42,590,0,0.054880209267139435
LR-SBERT+Structural,HAM-0380,2,42,591,0,0.002464201534166932
LR-SBERT+Structural,SPAM-0456,3,42,593,1,0.9989699125289917
LR-SBERT+Structural,SPAM-0384,5,42,594,1,0.9953742623329163
LR-SBERT+Structural,HAM-0209,2,42,595,0,0.001299323164857924
LR-SBERT+Structural,SPAM-0434,1,42,597,1,0.999214231967926
LR-SBERT+Structural,HAM-0398,4,42,598,0,0.00023933203192427754
LR-SBERT+Structural,SPAM-0364,3,42,599,1,0.9996903538703918
LR-SBERT+Structural,SPAM-0043,5,42,600,1,0.9970520734786987
LR-SBERT+Structural,SPAM-0438,1,42,601,1,0.9972511529922485
LR-SBERT+Structural,HAM-0423,2,42,603,0,0.007497502490878105
LR-SBERT+Structural,SPAM-0443,4,42,604,1,0.9998374581336975
LR-SBERT+Structural,SPAM-0233,3,42,605,1,0.9999735355377197
LR-SBERT+Structural,SPAM-0183,5,42,606,1,0.9999628067016602
LR-SBERT+Structural,SPAM-0117,1,42,608,1,0.9927787780761719
LR-SBERT+Structural,SPAM-0492,5,42,609,1,0.9997906684875488
LR-SBERT+Structural,SPAM-0166,2,42,610,1,0.9976170063018799
LR-SBERT+Structural,SPAM-0343,3,42,612,1,0.9963047504425049
LR-SBERT+Structural,HAM-0189,4,42,613,0,0.0044599915854632854
LR-SBERT+Structural,HAM-0386,1,42,614,0,0.00023135995434131473
LR-SBERT+Structural,SPAM-0134,2,42,615,1,0.9997667074203491
LR-SBERT+Structural,SPAM-0308,3,42,617,1,0.989818274974823
LR-SBERT+Structural,HAM-0427,4,42,618,0,0.023051125928759575
LR-SBERT+Structural,SPAM-0144,5,42,619,1,0.9973739385604858
LR-SBERT+Structural,SPAM-0038,1,42,620,1,0.9841539859771729
LR-SBERT+Structural,SPAM-0278,3,42,622,1,0.9999367594718933
LR-SBERT+Structural,HAM-0049,4,42,623,0,0.003860751399770379
LR-SBERT+Structural,SPAM-0381,2,42,624,1,0.9988818764686584
LR-SBERT+Structural,SPAM-0070,5,42,625,1,0.9998692274093628
LR-SBERT+Structural,SPAM-0340,1,42,627,1,0.9288037419319153
LR-SBERT+Structural,SPAM-0106,3,42,628,1,0.9987368583679199
LR-SBERT+Structural,SPAM-0071,2,42,629,1,0.9991846084594727
LR-SBERT+Structural,HAM-0063,4,42,630,0,0.000739153940230608
LR-SBERT+Structural,HAM-0308,5,42,632,0,0.011591591872274876
LR-SBERT+Structural,SPAM-0424,5,42,633,1,0.9999757409095764
LR-SBERT+Structural,SPAM-0399,1,42,634,1,0.9968823790550232
LR-SBERT+Structural,SPAM-0034,3,42,635,1,0.9998677968978882
LR-SBERT+Structural,SPAM-0316,2,42,637,1,0.9995372891426086
LR-SBERT+Structural,HAM-0243,4,42,638,0,0.00032653342350386083
LR-SBERT+Structural,SPAM-0403,1,42,639,1,0.9947567582130432
LR-SBERT+Structural,SPAM-0159,5,42,640,1,0.9271935820579529
LR-SBERT+Structural,SPAM-0092,2,42,641,1,0.9988585114479065
LR-SBERT+Structural,HAM-0327,3,42,642,0,0.10565981268882751
LR-SBERT+Structural,SPAM-0153,4,42,644,1,0.9994162321090698
LR-SBERT+Structural,SPAM-0378,1,42,645,1,0.9820873141288757
LR-SBERT+Structural,SPAM-0328,3,42,647,1,0.9999162554740906
LR-SBERT+Structural,HAM-0058,2,42,648,0,0.0016871069092303514
LR-SBERT+Structural,HAM-0223,4,42,649,0,0.0031799268908798695
LR-SBERT+Structural,SPAM-0248,5,42,650,1,0.9921424984931946
LR-SBERT+Structural,HAM-0450,1,42,652,0,0.0016784907784312963
LR-SBERT+Structural,HAM-0412,4,42,653,0,0.0004169853636994958
LR-SBERT+Structural,HAM-0046,3,42,654,0,6.301056419033557e-05
LR-SBERT+Structural,HAM-0251,2,42,655,0,0.0008472911431454122
LR-SBERT+Structural,HAM-0050,5,42,656,0,0.004735828842967749
LR-SBERT+Structural,SPAM-0113,1,42,657,1,0.9983806014060974
LR-SBERT+Structural,HAM-0035,3,42,659,0,0.0016591104213148355
LR-SBERT+Structural,SPAM-0109,5,42,660,1,0.9983199238777161
LR-SBERT+Structural,HAM-0069,2,42,662,0,0.01139761507511139
LR-SBERT+Structural,HAM-0212,4,42,663,0,0.0028779814019799232
LR-SBERT+Structural,HAM-0247,4,42,664,0,0.0009630423737689853
LR-SBERT+Structural,HAM-0017,1,42,665,0,0.0020955626387149096
LR-SBERT+Structural,SPAM-0296,2,42,666,1,0.9999305009841919
LR-SBERT+Structural,HAM-0430,3,42,667,0,0.00019361628801561892
LR-SBERT+Structural,SPAM-0387,5,42,669,1,0.9999856948852539
LR-SBERT+Structural,HAM-0194,2,42,670,0,0.002627930836752057
LR-SBERT+Structural,HAM-0283,4,42,671,0,0.0023867585696280003
LR-SBERT+Structural,SPAM-0455,3,42,673,1,0.999983549118042
LR-SBERT+Structural,HAM-0472,1,42,674,0,0.0004089589638169855
LR-SBERT+Structural,SPAM-0319,5,42,675,1,0.9999550580978394
LR-SBERT+Structural,HAM-0236,1,42,676,0,0.0010637305676937103
LR-SBERT+Structural,SPAM-0045,3,42,678,1,0.9999410510063171
LR-SBERT+Structural,HAM-0435,5,42,679,0,0.05746011808514595
LR-SBERT+Structural,SPAM-0058,2,42,680,1,0.9994836449623108
LR-SBERT+Structural,HAM-0475,4,42,681,0,0.0008032898185774684
LR-SBERT+Structural,SPAM-0375,4,42,682,1,0.9988500475883484
LR-SBERT+Structural,SPAM-0225,1,42,684,1,0.9992078542709351
LR-SBERT+Structural,HAM-0229,2,42,685,0,0.00900597870349884
LR-SBERT+Structural,SPAM-0042,3,42,687,1,0.9559789299964905
LR-SBERT+Structural,HAM-0403,5,42,688,0,0.002927881432697177
LR-SBERT+Structural,SPAM-0405,3,42,689,1,0.9996947050094604
LR-SBERT+Structural,HAM-0183,4,42,690,0,0.0008770619169808924
LR-SBERT+Structural,HAM-0357,1,42,692,0,0.0009410326019860804
LR-SBERT+Structural,SPAM-0346,2,42,693,1,0.9999008178710938
LR-SBERT+Structural,SPAM-0286,5,42,694,1,0.9989314079284668
LR-SBERT+Structural,SPAM-0053,2,42,695,1,0.9997464418411255
LR-SBERT+Structural,HAM-0083,1,42,697,0,0.00752385426312685
LR-SBERT+Structural,HAM-0385,3,42,698,0,0.00016625742136966437
LR-SBERT+Structural,HAM-0387,4,42,699,0,0.002624154556542635
LR-SBERT+Structural,HAM-0460,5,42,700,0,0.000558585103135556
LR-SBERT+Structural,HAM-0392,1,42,701,0,0.012529351748526096
LR-SBERT+Structural,HAM-0431,2,42,703,0,0.06466557085514069
LR-SBERT+Structural,SPAM-0401,3,42,704,1,0.9998136162757874
LR-SBERT+Structural,SPAM-0368,4,42,705,1,0.9989779591560364
LR-SBERT+Structural,HAM-0139,5,42,706,0,0.0003063281183131039
LR-SBERT+Structural,HAM-0185,1,42,707,0,0.002150225918740034
LR-SBERT+Structural,HAM-0294,2,42,709,0,0.0034256998915225267
LR-SBERT+Structural,HAM-0033,3,42,710,0,0.0010427557863295078
LR-SBERT+Structural,HAM-0071,4,42,712,0,0.02287592925131321
LR-SBERT+Structural,HAM-0062,5,42,713,0,4.5898348616901785e-05
LR-SBERT+Structural,SPAM-0055,5,42,714,1,0.9966866374015808
LR-SBERT+Structural,HAM-0066,1,42,715,0,0.0002976823889184743
LR-SBERT+Structural,SPAM-0218,2,42,716,1,0.9997335076332092
LR-SBERT+Structural,HAM-0434,3,42,718,0,0.005962093826383352
LR-SBERT+Structural,HAM-0047,4,42,719,0,0.0017763958312571049
LR-SBERT+Structural,HAM-0075,1,42,720,0,0.0032217437401413918
LR-SBERT+Structural,SPAM-0093,2,42,721,1,0.9713579416275024
LR-SBERT+Structural,SPAM-0273,3,42,722,1,0.997739315032959
LR-SBERT+Structural,HAM-0261,4,42,724,0,0.003994156140834093
LR-SBERT+Structural,HAM-0406,5,42,725,0,0.001565384678542614
LR-SBERT+Structural,HAM-0316,1,42,727,0,0.0014477840159088373
LR-SBERT+Structural,SPAM-0189,2,42,728,1,0.9999709725379944
LR-SBERT+Structural,HAM-0474,3,42,729,0,0.0023972359485924244
LR-SBERT+Structural,SPAM-0073,4,42,730,1,0.9997591972351074
LR-SBERT+Structural,SPAM-0262,5,42,732,1,0.9971321821212769
LR-SBERT+Structural,HAM-0468,3,42,733,0,4.579492087941617e-05
LR-SBERT+Structural,SPAM-0279,1,42,734,1,0.9950447082519531
LR-SBERT+Structural,SPAM-0026,2,42,735,1,0.9996055960655212
LR-SBERT+Structural,HAM-0465,4,42,737,0,0.0015258798375725746
LR-SBERT+Structural,HAM-0057,5,42,738,0,0.00044264429016038775
LR-SBERT+Structural,HAM-0457,2,42,739,0,0.0004410912224557251
LR-SBERT+Structural,SPAM-0023,3,42,740,1,0.9992029070854187
LR-SBERT+Structural,SPAM-0483,1,42,742,1,0.9465281367301941
LR-SBERT+Structural,SPAM-0098,4,42,743,1,0.9996023774147034
LR-SBERT+Structural,SPAM-0422,5,42,744,1,0.999543309211731
LR-SBERT+Structural,HAM-0211,4,42,745,0,0.006550302729010582
LR-SBERT+Structural,SPAM-0271,1,42,746,1,0.9998340010643005
LR-SBERT+Structural,HAM-0120,5,42,747,0,0.0007912304135970771
LR-SBERT+Structural,SPAM-0033,3,42,749,1,0.9227190017700195
LR-SBERT+Structural,SPAM-0334,2,42,750,1,0.9972398281097412
LR-SBERT+Structural,HAM-0169,1,42,751,0,0.0015480591682717204
LR-SBERT+Structural,SPAM-0050,2,42,753,1,0.9978028535842896
LR-SBERT+Structural,SPAM-0313,3,42,754,1,0.9997950792312622
LR-SBERT+Structural,HAM-0208,4,42,755,0,0.0008765244274400175
LR-SBERT+Structural,SPAM-0061,5,42,757,1,0.9994531273841858
LR-SBERT+Structural,SPAM-0306,1,42,758,1,0.9993453621864319
LR-SBERT+Structural,HAM-0115,2,42,759,0,0.0007864761864766479
LR-SBERT+Structural,SPAM-0078,3,42,760,1,0.9999871253967285
LR-SBERT+Structural,HAM-0080,4,42,761,0,0.0004320426087360829
LR-SBERT+Structural,HAM-0371,5,42,762,0,0.0024902443401515484
LR-SBERT+Structural,SPAM-0041,1,42,764,1,0.9998907446861267
LR-SBERT+Structural,SPAM-0320,2,42,765,1,0.9737364649772644
LR-SBERT+Structural,SPAM-0039,5,42,766,1,0.9925630688667297
LR-SBERT+Structural,SPAM-0111,3,42,768,1,0.9992091059684753
LR-SBERT+Structural,SPAM-0197,4,42,769,1,0.9999423027038574
LR-SBERT+Structural,HAM-0254,3,42,770,0,0.0004151236789766699
LR-SBERT+Structural,SPAM-0181,1,42,772,1,0.9996874332427979
LR-SBERT+Structural,SPAM-0051,2,42,773,1,0.9991734027862549
LR-SBERT+Structural,HAM-0483,4,42,774,0,0.001391473226249218
LR-SBERT+Structural,SPAM-0063,5,42,775,1,0.9828342199325562
LR-SBERT+Structural,SPAM-0219,1,42,776,1,0.9975305795669556
LR-SBERT+Structural,HAM-0426,2,42,777,0,0.010403641499578953
LR-SBERT+Structural,SPAM-0121,3,42,779,1,0.9999989867210388
LR-SBERT+Structural,SPAM-0450,4,42,780,1,0.9837849140167236
LR-SBERT+Structural,HAM-0157,2,42,782,0,0.004347702953964472
LR-SBERT+Structural,HAM-0490,5,42,783,0,0.0032559509854763746
LR-SBERT+Structural,HAM-0137,4,42,784,0,0.011521212756633759
LR-SBERT+Structural,HAM-0225,5,42,785,0,0.0003561343182809651
LR-SBERT+Structural,HAM-0227,1,42,786,0,0.0017875878838822246
LR-SBERT+Structural,HAM-0377,2,42,788,0,0.0020123629365116358
LR-SBERT+Structural,SPAM-0345,3,42,789,1,0.9999879002571106
LR-SBERT+Structural,SPAM-0338,2,42,790,1,0.9326496124267578
LR-SBERT+Structural,HAM-0121,1,42,791,0,0.0010382863692939281
LR-SBERT+Structural,SPAM-0485,4,42,792,1,0.9997760057449341
LR-SBERT+Structural,SPAM-0289,5,42,794,1,0.9984791278839111
LR-SBERT+Structural,SPAM-0221,3,42,795,1,0.999656081199646
LR-SBERT+Structural,SPAM-0203,1,42,797,1,0.9996834397315979
LR-SBERT+Structural,SPAM-0337,2,42,798,1,0.9996666312217712
LR-SBERT+Structural,HAM-0164,4,42,799,0,0.0018398489337414503
LR-SBERT+Structural,HAM-0315,5,42,800,0,0.0010126263368874788
LR-SBERT+Structural,HAM-0477,3,42,801,0,0.012976608239114285
LR-SBERT+Structural,SPAM-0184,1,42,803,1,0.9997103214263916
LR-SBERT+Structural,HAM-0064,2,42,804,0,0.00040791783249005675
LR-SBERT+Structural,SPAM-0321,4,42,805,1,0.9974036812782288
LR-SBERT+Structural,HAM-0369,3,42,807,0,0.007991139777004719
LR-SBERT+Structural,SPAM-0170,5,42,808,1,0.9907705783843994
LR-SBERT+Structural,SPAM-0323,1,42,809,1,0.9991738796234131
LR-SBERT+Structural,HAM-0012,5,42,810,0,0.00039317557821050286
LR-SBERT+Structural,SPAM-0087,2,42,811,1,0.9933525919914246
LR-SBERT+Structural,SPAM-0097,3,42,813,1,0.9989060163497925
LR-SBERT+Structural,HAM-0310,4,42,814,0,0.002285290276631713
LR-SBERT+Structural,HAM-0338,3,42,815,0,0.0005349221755750477
LR-SBERT+Structural,SPAM-0272,1,42,817,1,0.9964661002159119
LR-SBERT+Structural,HAM-0458,2,42,818,0,0.00030101099400781095
LR-SBERT+Structural,HAM-0242,4,42,819,0,0.0020307903178036213
LR-SBERT+Structural,HAM-0393,5,42,820,0,0.001019261428155005
LR-SBERT+Structural,HAM-0268,1,42,821,0,0.0027185764629393816
LR-SBERT+Structural,HAM-0255,2,42,823,0,0.043102018535137177
LR-SBERT+Structural,HAM-0332,3,42,824,0,0.0006384309381246567
LR-SBERT+Structural,SPAM-0408,4,42,825,1,0.9997967481613159
LR-SBERT+Structural,HAM-0144,5,42,826,0,0.003695698454976082
LR-SBERT+Structural,HAM-0098,1,42,828,0,0.005108505487442017
LR-SBERT+Structural,SPAM-0432,3,42,829,1,0.9993582367897034
LR-SBERT+Structural,HAM-0411,2,42,830,0,0.09217105805873871
LR-SBERT+Structural,HAM-0089,4,42,831,0,0.006626432295888662
LR-SBERT+Structural,SPAM-0028,5,42,833,1,0.9883037805557251
LR-SBERT+Structural,HAM-0438,1,42,834,0,0.0008058830280788243
LR-SBERT+Structural,HAM-0416,2,42,835,0,0.0005206012283451855
LR-SBERT+Structural,SPAM-0126,3,42,837,1,0.9959768056869507
LR-SBERT+Structural,SPAM-0389,4,42,838,1,0.9876940846443176
LR-SBERT+Structural,SPAM-0360,5,42,839,1,0.9652966856956482
LR-SBERT+Structural,SPAM-0276,3,42,840,1,0.9996197819709778
LR-SBERT+Structural,SPAM-0374,5,42,561,1,0.8486286401748657
LR-SBERT+Structural,HAM-0303,1,42,842,0,0.0025740780401974916
LR-SBERT+Structural,SPAM-0310,2,42,843,1,0.9907364249229431
LR-SBERT+Structural,HAM-0346,4,42,844,0,0.0014228338841348886
LR-SBERT+Structural,SPAM-0255,5,42,845,1,0.9988439679145813
LR-SBERT+Structural,HAM-0015,5,42,846,0,0.0007218054379336536
LR-SBERT+Structural,SPAM-0380,1,42,847,1,0.9989470839500427
LR-SBERT+Structural,HAM-0264,2,42,849,0,0.0001542881509521976
LR-SBERT+Structural,SPAM-0164,3,42,850,1,0.9996210336685181
LR-SBERT+Structural,SPAM-0249,4,42,852,1,0.9934903383255005
LR-SBERT+Structural,HAM-0167,4,42,853,0,0.06439583748579025
LR-SBERT+Structural,SPAM-0423,5,42,854,1,0.9986974596977234
LR-SBERT+Structural,HAM-0116,1,42,855,0,0.00011275313590886071
LR-SBERT+Structural,HAM-0198,2,42,857,0,0.001452616648748517
LR-SBERT+Structural,HAM-0280,3,42,858,0,0.0003770212933886796
LR-SBERT+Structural,HAM-0480,2,42,859,0,4.8539088311372325e-05
LR-SBERT+Structural,SPAM-0017,1,42,860,1,0.9971582293510437
LR-SBERT+Structural,HAM-0138,3,42,861,0,0.0022880183532834053
LR-SBERT+Structural,SPAM-0037,4,42,863,1,0.9988439679145813
LR-SBERT+Structural,SPAM-0469,5,42,864,1,0.9997629523277283
LR-SBERT+Structural,SPAM-0157,1,42,865,1,0.9985411167144775
LR-SBERT+Structural,HAM-0292,4,42,867,0,0.0011517094681039453
LR-SBERT+Structural,HAM-0344,2,42,868,0,0.0006321255932562053
LR-SBERT+Structural,HAM-0110,3,42,869,0,0.0004205612058285624
LR-SBERT+Structural,SPAM-0118,5,42,870,1,0.9808574318885803
LR-SBERT+Structural,SPAM-0493,1,42,872,1,0.9931135177612305
LR-SBERT+Structural,HAM-0010,2,42,873,0,0.0005155844846740365
LR-SBERT+Structural,SPAM-0390,4,42,874,1,0.9998856782913208
LR-SBERT+Structural,HAM-0297,3,42,875,0,0.0010688997572287917
LR-SBERT+Structural,HAM-0191,5,42,877,0,0.002190470928326249
LR-SBERT+Structural,SPAM-0008,3,42,878,1,0.9969313740730286
LR-SBERT+Structural,SPAM-0307,1,42,879,1,0.9990751147270203
LR-SBERT+Structural,HAM-0407,2,42,880,0,0.0010505036916583776
LR-SBERT+Structural,HAM-0038,4,42,882,0,0.00694810738787055
LR-SBERT+Structural,HAM-0181,5,42,883,0,0.0017550336197018623
LR-SBERT+Structural,SPAM-0358,1,42,884,1,0.9984340071678162
LR-SBERT+Structural,HAM-0428,2,42,885,0,0.026099786162376404
LR-SBERT+Structural,HAM-0039,3,42,887,0,0.001277442672289908
LR-SBERT+Structural,SPAM-0371,4,42,888,1,0.9998117089271545
LR-SBERT+Structural,SPAM-0241,5,42,889,1,0.9991565346717834
LR-SBERT+Structural,SPAM-0257,4,42,890,1,0.9043986797332764
LR-SBERT+Structural,SPAM-0048,2,42,891,1,0.9999408721923828
LR-SBERT+Structural,SPAM-0471,4,42,893,1,0.9987802505493164
LR-SBERT+Structural,SPAM-0168,1,42,894,1,0.9981485605239868
LR-SBERT+Structural,HAM-0092,3,42,895,0,0.0004137337382417172
LR-SBERT+Structural,SPAM-0288,5,42,896,1,0.997451901435852
LR-SBERT+Structural,SPAM-0162,1,42,898,1,0.9920834898948669
LR-SBERT+Structural,HAM-0293,3,42,899,0,0.00013336354459170252
LR-SBERT+Structural,HAM-0329,2,42,900,0,0.00036986664053983986
LR-SBERT+Structural,SPAM-0458,4,42,901,1,0.9996895790100098
LR-SBERT+Structural,HAM-0205,5,42,903,0,0.0024542114697396755
LR-SBERT+Structural,SPAM-0167,1,42,904,1,0.9994375109672546
LR-SBERT+Structural,HAM-0489,2,42,905,0,0.010640356689691544
LR-SBERT+Structural,SPAM-0400,3,42,907,1,0.947434663772583
LR-SBERT+Structural,SPAM-0402,4,42,908,1,0.9999184012413025
LR-SBERT+Structural,SPAM-0169,5,42,909,1,0.9993236064910889
LR-SBERT+Structural,HAM-0417,1,42,910,0,0.003292838344350457
LR-SBERT+Structural,HAM-0162,5,42,911,0,0.00035384451621212065
LR-SBERT+Structural,HAM-0006,2,42,913,0,5.730869816034101e-05
LR-SBERT+Structural,SPAM-0440,3,42,914,1,0.9964250326156616
LR-SBERT+Structural,SPAM-0489,4,42,915,1,0.9988182783126831
LR-SBERT+Structural,SPAM-0198,1,42,916,1,0.9989740252494812
LR-SBERT+Structural,HAM-0484,3,42,918,0,0.026537396013736725
LR-SBERT+Structural,SPAM-0235,5,42,919,1,0.9994300007820129
LR-SBERT+Structural,HAM-0339,4,42,920,0,0.001035860157571733
LR-SBERT+Structural,HAM-0424,2,42,921,0,0.001032503554597497
LR-SBERT+Structural,HAM-0103,1,42,922,0,0.0012039699358865619
LR-SBERT+Structural,HAM-0239,2,42,924,0,0.0009394905646331608
LR-SBERT+Structural,SPAM-0154,4,42,567,1,0.9996479153633118
LR-SBERT+Structural,HAM-0232,3,42,925,0,0.00217930949293077
LR-SBERT+Structural,SPAM-0044,4,42,926,1,0.9984403848648071
LR-SBERT+Structural,SPAM-0427,5,42,927,1,0.972969114780426
LR-SBERT+Structural,HAM-0052,2,42,929,0,4.623597487807274e-05
LR-SBERT+Structural,HAM-0249,1,42,930,0,0.0007987019489519298
LR-SBERT+Structural,HAM-0246,3,42,931,0,0.0005510271294042468
LR-SBERT+Structural,SPAM-0101,4,42,932,1,0.9930187463760376
LR-SBERT+Structural,SPAM-0131,5,42,934,1,0.8716416358947754
LR-SBERT+Structural,HAM-0112,3,42,935,0,0.0022077993489801884
LR-SBERT+Structural,HAM-0141,5,42,936,0,0.0007590915774926543
LR-SBERT+Structural,HAM-0279,4,42,937,0,0.0008808589191175997
LR-SBERT+Structural,SPAM-0076,1,42,939,1,0.9989213943481445
LR-SBERT+Structural,HAM-0278,2,42,940,0,7.808424561517313e-05
LR-SBERT+Structural,SPAM-0052,4,42,941,1,0.9999708533287048
LR-SBERT+Structural,HAM-0207,1,42,943,0,0.00039986681076698005
LR-SBERT+Structural,HAM-0220,2,42,944,0,0.0002079279365716502
LR-SBERT+Structural,HAM-0491,3,42,945,0,0.0008118660771287978
LR-SBERT+Structural,SPAM-0266,5,42,946,1,0.999468982219696
LR-SBERT+Structural,HAM-0263,1,42,947,0,0.0007234713993966579
LR-SBERT+Structural,HAM-0453,2,42,949,0,0.00025329829077236354
LR-SBERT+Structural,SPAM-0447,3,42,950,1,0.9835513830184937
LR-SBERT+Structural,HAM-0355,4,42,951,0,0.000503293878864497
LR-SBERT+Structural,HAM-0081,1,42,513,0,0.32322466373443604
LR-SBERT+Structural,SPAM-0473,5,42,953,1,0.9997367858886719
LR-SBERT+Structural,HAM-0044,5,42,954,0,0.0032804273068904877
LR-SBERT+Structural,HAM-0298,1,42,955,0,0.00038332922849804163
LR-SBERT+Structural,HAM-0150,2,42,956,0,0.0005432089674286544
LR-SBERT+Structural,SPAM-0292,3,42,958,1,0.9995949268341064
LR-SBERT+Structural,HAM-0354,4,42,959,0,0.012383968569338322
LR-SBERT+Structural,SPAM-0339,1,42,960,1,0.998520016670227
LR-SBERT+Structural,HAM-0405,2,42,961,0,0.012312120757997036
LR-SBERT+Structural,SPAM-0418,5,42,962,1,0.9997366070747375
LR-SBERT+Structural,HAM-0389,3,42,963,0,0.0005373568274080753
LR-SBERT+Structural,SPAM-0193,4,42,965,1,0.9981926679611206
LR-SBERT+Structural,SPAM-0088,3,42,966,1,0.9836455583572388
LR-SBERT+Structural,HAM-0125,1,42,967,0,0.0020441492088139057
LR-SBERT+Structural,HAM-0281,2,42,969,0,0.001127036870457232
LR-SBERT+Structural,SPAM-0239,4,42,970,1,0.9991886019706726
LR-SBERT+Structural,SPAM-0315,5,42,971,1,0.9998733997344971
LR-SBERT+Structural,SPAM-0478,3,42,972,1,0.9994907975196838
LR-SBERT+Structural,SPAM-0074,5,42,974,1,0.9999498128890991
LR-SBERT+Structural,HAM-0358,4,42,975,0,0.015146984718739986
LR-SBERT+Structural,HAM-0492,1,42,976,0,0.014871195890009403
LR-SBERT+Structural,HAM-0325,2,42,977,0,0.002340999199077487
LR-SBERT+Structural,SPAM-0001,3,42,978,1,0.9985307455062866
LR-SBERT+Structural,SPAM-0487,4,42,979,1,0.9966078400611877
LR-SBERT+Structural,HAM-0213,1,42,981,0,0.00038491791929118335
LR-SBERT+Structural,SPAM-0222,5,42,982,1,0.9969706535339355
LR-SBERT+Structural,SPAM-0290,2,42,984,1,0.9774418473243713
LR-SBERT+Structural,HAM-0305,1,42,985,0,0.00012694789620582014
LR-SBERT+Structural,SPAM-0465,2,42,986,1,0.9999952912330627
LR-SBERT+Structural,HAM-0231,3,42,987,0,0.0009899884462356567
LR-SBERT+Structural,HAM-0306,4,42,988,0,0.010688474401831627
LR-SBERT+Structural,HAM-0286,5,42,990,0,0.0010092684533447027
LR-SBERT+Structural,HAM-0253,1,42,991,0,4.8708760004956275e-05
LR-SBERT+Structural,SPAM-0481,2,42,992,1,0.9999806880950928
LR-SBERT+Structural,HAM-0496,3,42,994,0,0.0003878851712215692
LR-SBERT+Structural,SPAM-0125,4,42,995,1,0.7468973398208618
LR-All,SPAM-0217,3,42,0,1,0.9612711668014526
LR-All,HAM-0326,5,42,1,0,0.0009160343324765563
LR-All,SPAM-0350,3,42,2,1,0.9963339567184448
LR-All,SPAM-0355,5,42,3,1,0.9941216707229614
LR-All,HAM-0073,2,42,5,0,0.006072568707168102
LR-All,HAM-0002,3,42,6,0,0.0011685305507853627
LR-All,SPAM-0110,1,42,7,1,0.994695782661438
LR-All,HAM-0432,4,42,8,0,0.008840043097734451
LR-All,SPAM-0351,5,42,10,1,0.9975622296333313
LR-All,HAM-0436,2,42,11,0,0.0009704932454042137
LR-All,HAM-0309,1,42,12,0,0.0034558423794806004
LR-All,HAM-0020,3,42,13,0,0.00047765448107384145
LR-All,SPAM-0148,5,42,14,1,0.9991821050643921
LR-All,HAM-0177,4,42,16,0,0.031385328620672226
LR-All,HAM-0146,4,42,17,0,0.00010146140266442671
LR-All,SPAM-0354,1,42,18,1,0.9996089339256287
LR-All,SPAM-0280,2,42,19,1,0.9926189184188843
LR-All,HAM-0487,3,42,21,0,0.0007622397388331592
LR-All,SPAM-0152,5,42,22,1,0.9988105297088623
LR-All,HAM-0179,2,42,23,0,0.006582868751138449
LR-All,HAM-0350,1,42,25,0,0.003989452961832285
LR-All,HAM-0410,4,42,26,0,0.002960706828162074
LR-All,HAM-0260,3,42,27,0,0.0021173316054046154
LR-All,HAM-0013,5,42,28,0,0.0008295386214740574
LR-All,SPAM-0174,3,42,30,1,0.9971430897712708
LR-All,HAM-0219,1,42,31,0,0.0016078174812719226
LR-All,SPAM-0395,2,42,32,1,0.9999377131462097
LR-All,SPAM-0163,4,42,33,1,0.9999841451644897
LR-All,HAM-0126,5,42,34,0,0.0004565647104755044
LR-All,SPAM-0128,2,42,36,1,0.9997187852859497
LR-All,HAM-0021,1,42,37,0,0.0008210628293454647
LR-All,HAM-0409,3,42,38,0,0.0010574075859040022
LR-All,SPAM-0234,5,42,40,1,0.9987999796867371
LR-All,HAM-0443,4,42,41,0,0.00280548632144928
LR-All,HAM-0469,1,42,42,0,0.0013203147100284696
LR-All,HAM-0100,2,42,43,0,0.018713772296905518
LR-All,SPAM-0330,3,42,45,1,0.9925676584243774
LR-All,SPAM-0242,4,42,46,1,0.9995473623275757
LR-All,SPAM-0022,5,42,47,1,0.9983402490615845
LR-All,SPAM-0100,1,42,48,1,0.996942400932312
LR-All,HAM-0032,2,42,49,0,0.010451901704072952
LR-All,HAM-0102,3,42,51,0,0.005138729233294725
LR-All,SPAM-0080,4,42,52,1,0.9382732510566711
LR-All,SPAM-0112,5,42,53,1,0.9997156858444214
LR-All,HAM-0476,5,42,54,0,0.004439547657966614
LR-All,SPAM-0430,1,42,56,1,0.9999293684959412
LR-All,SPAM-0370,2,42,57,1,0.9999420046806335
LR-All,SPAM-0404,4,42,58,1,0.9039108157157898
LR-All,SPAM-0367,3,42,60,1,0.9989066123962402
LR-All,HAM-0343,2,42,61,0,5.275590228848159e-05
LR-All,SPAM-0238,1,42,62,1,0.9957655668258667
LR-All,SPAM-0145,3,42,63,1,0.9999337792396545
LR-All,SPAM-0491,4,42,65,1,0.9999515414237976
LR-All,SPAM-0059,5,42,66,1,0.9975957870483398
LR-All,SPAM-0199,1,42,67,1,0.9958001375198364
LR-All,HAM-0314,3,42,68,0,0.0029963345732539892
LR-All,HAM-0265,4,42,70,0,0.000944667961448431
LR-All,SPAM-0228,2,42,71,1,0.9958317279815674
LR-All,HAM-0160,5,42,72,0,0.0025199525989592075
LR-All,SPAM-0446,1,42,73,1,0.9984563589096069
LR-All,HAM-0464,3,42,74,0,0.0077772364020347595
LR-All,HAM-0299,2,42,76,0,0.0016671225894242525
LR-All,SPAM-0382,4,42,77,1,0.9993448853492737
LR-All,SPAM-0372,5,42,78,1,0.9976720213890076
LR-All,SPAM-0499,1,42,79,1,0.9917543530464172
LR-All,HAM-0378,2,42,81,0,0.015723951160907745
LR-All,SPAM-0295,3,42,82,1,0.9966531991958618
LR-All,SPAM-0326,4,42,83,1,0.9871811270713806
LR-All,SPAM-0133,5,42,84,1,0.9999222755432129
LR-All,HAM-0034,2,42,86,0,0.00276949442923069
LR-All,SPAM-0349,1,42,87,1,0.9972410202026367
LR-All,HAM-0059,4,42,88,0,0.002238228917121887
LR-All,SPAM-0428,3,42,90,1,0.9999916553497314
LR-All,HAM-0245,5,42,91,0,0.0007278033881448209
LR-All,SPAM-0094,4,42,92,1,0.9888331294059753
LR-All,SPAM-0353,1,42,93,1,0.9982131123542786
LR-All,HAM-0404,3,42,95,0,0.001378966961055994
LR-All,SPAM-0127,5,42,96,1,0.9929444193840027
LR-All,SPAM-0479,2,42,97,1,0.9990237951278687
LR-All,HAM-0233,2,42,98,0,0.0013646456645801663
LR-All,SPAM-0190,1,42,99,1,0.9983174204826355
LR-All,HAM-0132,3,42,101,0,3.130067125312053e-05
LR-All,SPAM-0359,4,42,102,1,0.9985485076904297
LR-All,HAM-0001,5,42,103,0,0.0006414824165403843
LR-All,SPAM-0108,1,42,104,1,0.9999271631240845
LR-All,SPAM-0362,3,42,106,1,0.9999343752861023
LR-All,SPAM-0150,2,42,107,1,0.9902305603027344
LR-All,HAM-0176,4,42,108,0,0.0007031266577541828
LR-All,SPAM-0391,5,42,109,1,0.9996952414512634
LR-All,SPAM-0143,2,42,110,1,0.9993066191673279
LR-All,HAM-0388,4,42,112,0,0.000600965810008347
LR-All,HAM-0056,1,42,113,0,0.00019711806089617312
LR-All,HAM-0334,3,42,115,0,0.0007775007979944348
LR-All,SPAM-0258,5,42,116,1,0.9985138177871704
LR-All,SPAM-0442,1,42,117,1,0.9985596537590027
LR-All,SPAM-0095,3,42,118,1,0.9990414381027222
LR-All,HAM-0397,2,42,119,0,0.0036137565039098263
LR-All,SPAM-0386,4,42,120,1,0.9997923970222473
LR-All,SPAM-0107,5,42,122,1,0.999995231628418
LR-All,HAM-0324,2,42,123,0,0.00025284074945375323
LR-All,SPAM-0466,1,42,125,1,0.999200701713562
LR-All,SPAM-0287,3,42,126,1,0.9996594786643982
LR-All,SPAM-0204,4,42,127,1,0.9995191097259521
LR-All,SPAM-0412,5,42,128,1,0.9967033863067627
LR-All,SPAM-0024,4,42,130,1,0.999190628528595
LR-All,SPAM-0277,1,42,131,1,0.9994862079620361
LR-All,SPAM-0123,2,42,132,1,0.999999463558197
LR-All,SPAM-0416,5,42,133,1,0.9994348287582397
LR-All,HAM-0186,3,42,135,0,0.003173520090058446
LR-All,HAM-0473,3,42,136,0,0.0006448014755733311
LR-All,HAM-0366,1,42,137,0,0.0007647200836800039
LR-All,HAM-0082,2,42,138,0,0.0001732057280605659
LR-All,HAM-0455,4,42,139,0,0.0013197832740843296
LR-All,HAM-0459,5,42,140,0,0.0023917430080473423
LR-All,SPAM-0470,3,42,142,1,0.9991977214813232
LR-All,HAM-0451,1,42,143,0,0.0008247666410170496
LR-All,HAM-0134,2,42,145,0,0.007142885122448206
LR-All,HAM-0323,4,42,146,0,0.0016026005614548922
LR-All,HAM-0364,5,42,147,0,4.3687006836989895e-05
LR-All,SPAM-0220,1,42,148,1,0.9999138116836548
LR-All,SPAM-0263,2,42,149,1,0.9990041255950928
LR-All,HAM-0090,3,42,150,0,0.0007561378297396004
LR-All,SPAM-0294,4,42,152,1,0.9994598031044006
LR-All,SPAM-0409,5,42,153,1,0.9999932050704956
LR-All,SPAM-0227,1,42,154,1,0.9997824430465698
LR-All,HAM-0027,2,42,156,0,0.0013066044775769114
LR-All,HAM-0396,3,42,157,0,0.005823604762554169
LR-All,HAM-0241,4,42,158,0,0.00014440745871979743
LR-All,SPAM-0333,5,42,159,1,0.9991835951805115
LR-All,HAM-0437,1,42,161,0,0.0003917592403013259
LR-All,HAM-0151,2,42,162,0,0.0011853118194267154
LR-All,HAM-0499,3,42,163,0,0.000803972827270627
LR-All,SPAM-0067,4,42,165,1,0.9976161122322083
LR-All,HAM-0494,5,42,166,0,0.0032410460989922285
LR-All,HAM-0363,4,42,167,0,0.00248895725235343
LR-All,SPAM-0206,1,42,168,1,0.9911234378814697
LR-All,HAM-0143,2,42,170,0,8.66731206770055e-05
LR-All,HAM-0133,3,42,171,0,0.00037425311165861785
LR-All,SPAM-0188,5,42,172,1,0.9991286396980286
LR-All,SPAM-0240,3,42,173,1,0.9948852062225342
LR-All,HAM-0026,4,42,175,0,6.047073838999495e-05
LR-All,HAM-0500,1,42,176,0,0.0029158019460737705
LR-All,HAM-0441,5,42,177,0,0.0005758217885158956
LR-All,HAM-0111,2,42,178,0,0.00398930674418807
LR-All,HAM-0085,5,42,179,0,0.007552564609795809
LR-All,HAM-0395,1,42,181,0,0.004385415930300951
LR-All,SPAM-0027,2,42,182,1,0.9998632073402405
LR-All,HAM-0188,3,42,183,0,0.0016812084941193461
LR-All,SPAM-0494,4,42,184,1,0.9875624179840088
LR-All,SPAM-0282,1,42,186,1,0.996161162853241
LR-All,HAM-0166,2,42,187,0,0.002089025219902396
LR-All,SPAM-0342,5,42,188,1,0.999825656414032
LR-All,SPAM-0251,3,42,189,1,0.9988774657249451
LR-All,SPAM-0187,4,42,191,1,0.9983512759208679
LR-All,SPAM-0260,3,42,192,1,0.9975164532661438
LR-All,SPAM-0114,4,42,193,1,0.9997830390930176
LR-All,HAM-0452,1,42,194,0,0.01590338721871376
LR-All,SPAM-0373,2,42,196,1,0.9999549984931946
LR-All,SPAM-0460,5,42,197,1,0.9982995986938477
LR-All,SPAM-0129,2,42,198,1,0.999829888343811
LR-All,HAM-0093,3,42,199,0,0.00050309335347265
LR-All,HAM-0266,1,42,201,0,0.011355209164321423
LR-All,HAM-0108,4,42,202,0,0.0009968036320060492
LR-All,SPAM-0429,5,42,203,1,0.9950243830680847
LR-All,SPAM-0002,1,42,204,1,0.9995179176330566
LR-All,HAM-0372,4,42,206,0,0.00011006089334841818
LR-All,SPAM-0226,2,42,207,1,0.9313141703605652
LR-All,HAM-0123,3,42,208,0,0.0005756128230132163
LR-All,SPAM-0231,5,42,209,1,0.9996403455734253
LR-All,HAM-0019,3,42,211,0,0.0013394012348726392
LR-All,HAM-0097,1,42,212,0,0.0037508420646190643
LR-All,SPAM-0299,2,42,213,1,0.9993152618408203
LR-All,HAM-0422,4,42,214,0,0.0010987737914547324
LR-All,HAM-0288,5,42,216,0,0.00011122038995381445
LR-All,SPAM-0318,1,42,217,1,0.9997713565826416
LR-All,HAM-0065,5,42,218,0,0.005348612554371357
LR-All,HAM-0078,2,42,220,0,0.0004333234392106533
LR-All,SPAM-0005,3,42,221,1,0.999988853931427
LR-All,HAM-0036,4,42,222,0,0.0014265376375988126
LR-All,HAM-0128,2,42,223,0,0.01568169891834259
LR-All,HAM-0105,1,42,225,0,0.005490713752806187
LR-All,SPAM-0252,3,42,226,1,0.998901903629303
LR-All,HAM-0345,4,42,227,0,0.03358560800552368
LR-All,HAM-0218,5,42,228,0,0.0002889253955800086
LR-All,SPAM-0325,5,42,229,1,0.9995781779289246
LR-All,HAM-0381,1,42,231,0,0.0010346664348617196
LR-All,SPAM-0486,2,42,232,1,0.9889243245124817
LR-All,SPAM-0488,3,42,233,1,0.9996079206466675
LR-All,HAM-0113,4,42,235,0,0.0008102746796794236
LR-All,SPAM-0426,1,42,236,1,0.9970632791519165
LR-All,HAM-0320,3,42,237,0,0.000690746121108532
LR-All,SPAM-0467,2,42,238,1,0.9999197125434875
LR-All,HAM-0313,4,42,240,0,0.002568490570411086
LR-All,SPAM-0327,5,42,241,1,0.7464635968208313
LR-All,SPAM-0065,5,42,242,1,0.9990279078483582
LR-All,HAM-0375,1,42,243,0,0.0001151657706941478
LR-All,HAM-0356,2,42,244,0,0.006164651829749346
LR-All,HAM-0367,3,42,245,0,0.0019263987196609378
LR-All,SPAM-0433,4,42,247,1,0.9996722340583801
LR-All,HAM-0145,1,42,248,0,0.0017090135952457786
LR-All,SPAM-0431,2,42,249,1,0.9992792010307312
LR-All,SPAM-0243,5,42,251,1,0.9965015649795532
LR-All,HAM-0448,3,42,252,0,0.00246258731931448
LR-All,HAM-0202,4,42,253,0,0.005063055083155632
LR-All,SPAM-0103,4,42,254,1,0.9978571534156799
LR-All,SPAM-0335,1,42,256,1,0.9999368786811829
LR-All,HAM-0373,2,42,257,0,9.091561514651403e-05
LR-All,SPAM-0031,3,42,258,1,0.9999945759773254
LR-All,HAM-0312,5,42,260,0,6.312240293482319e-05
LR-All,SPAM-0301,1,42,261,1,0.9994150996208191
LR-All,SPAM-0200,2,42,262,1,0.9821949005126953
LR-All,HAM-0091,3,42,263,0,8.85568224475719e-05
LR-All,SPAM-0069,4,42,265,1,0.9996160268783569
LR-All,SPAM-0420,5,42,266,1,0.9947578310966492
LR-All,HAM-0165,1,42,267,0,0.013766920194029808
LR-All,SPAM-0104,3,42,268,1,0.9996229410171509
LR-All,SPAM-0361,2,42,269,1,0.9721348285675049
LR-All,HAM-0172,5,42,271,0,0.006442713551223278
LR-All,HAM-0226,4,42,272,0,0.0009387098834849894
LR-All,SPAM-0253,1,42,273,1,0.999916136264801
LR-All,HAM-0171,2,42,275,0,0.003756264690309763
LR-All,HAM-0203,4,42,276,0,0.0022006263025105
LR-All,HAM-0497,3,42,277,0,0.009513982571661472
LR-All,HAM-0156,5,42,278,0,0.0002539232955314219
LR-All,SPAM-0298,5,42,279,1,0.998314380645752
LR-All,HAM-0340,1,42,280,0,0.0016796159325167537
LR-All,SPAM-0216,2,42,282,1,0.9983318448066711
LR-All,SPAM-0177,3,42,283,1,0.9998259544372559
LR-All,HAM-0129,4,42,285,0,0.03937116637825966
LR-All,HAM-0449,2,42,286,0,0.006849571596831083
LR-All,HAM-0400,3,42,287,0,0.00034142579534091055
LR-All,SPAM-0025,5,42,288,1,0.9996565580368042
LR-All,HAM-0399,5,42,289,0,0.0009908397914841771
LR-All,HAM-0142,1,42,291,0,0.0007315417751669884
LR-All,SPAM-0205,4,42,292,1,0.9999890923500061
LR-All,HAM-0086,1,42,293,0,0.0018824227154254913
LR-All,SPAM-0085,2,42,295,1,0.9998136162757874
LR-All,SPAM-0496,3,42,296,1,0.998786449432373
LR-All,HAM-0456,4,42,297,0,0.0003473726974334568
LR-All,SPAM-0014,4,42,298,1,0.8833094835281372
LR-All,HAM-0348,1,42,299,0,0.010785497725009918
LR-All,HAM-0304,2,42,301,0,0.0014810520224273205
LR-All,HAM-0482,3,42,302,0,0.0012384932488203049
LR-All,HAM-0087,5,42,303,0,5.2471645176410675e-05
LR-All,HAM-0267,1,42,304,0,0.16538508236408234
LR-All,SPAM-0314,2,42,306,1,0.9992122054100037
LR-All,HAM-0287,5,42,307,0,0.008515049703419209
LR-All,SPAM-0464,3,42,308,1,0.9983553886413574
LR-All,HAM-0199,4,42,309,0,2.040210529230535e-05
LR-All,SPAM-0046,1,42,311,1,0.9922797679901123
LR-All,HAM-0493,2,42,312,0,0.0024917887058109045
LR-All,SPAM-0341,3,42,313,1,0.998511016368866
LR-All,SPAM-0356,4,42,314,1,0.9999046325683594
LR-All,SPAM-0305,5,42,316,1,0.9988538026809692
LR-All,HAM-0444,5,42,317,0,0.00023151679488364607
LR-All,HAM-0362,1,42,318,0,0.000545192277058959
LR-All,SPAM-0156,2,42,320,1,0.9974396824836731
LR-All,HAM-0014,3,42,321,0,9.966676589101553e-05
LR-All,HAM-0447,4,42,322,0,0.0002351235889364034
LR-All,SPAM-0445,1,42,323,1,0.9999967217445374
LR-All,SPAM-0451,4,42,324,1,0.9937043190002441
LR-All,SPAM-0495,2,42,326,1,0.9999471306800842
LR-All,HAM-0230,5,42,327,0,0.00014955615915823728
LR-All,SPAM-0054,3,42,328,1,0.9999917149543762
LR-All,HAM-0045,1,42,330,0,0.0011055773356929421
LR-All,HAM-0068,2,42,331,0,0.0002058061509160325
LR-All,SPAM-0089,3,42,332,1,0.9908570051193237
LR-All,HAM-0467,4,42,333,0,0.0009001986472867429
LR-All,HAM-0228,5,42,335,0,0.003254362614825368
LR-All,HAM-0158,1,42,336,0,0.002652255119755864
LR-All,HAM-0003,2,42,337,0,0.002829029457643628
LR-All,SPAM-0394,4,42,338,1,0.9996705055236816
LR-All,SPAM-0209,5,42,340,1,0.9999009966850281
LR-All,HAM-0163,3,42,341,0,0.0038017656188458204
LR-All,HAM-0394,3,42,342,0,0.003578419564291835
LR-All,SPAM-0322,1,42,343,1,0.9906978607177734
LR-All,HAM-0421,2,42,345,0,0.022251486778259277
LR-All,HAM-0079,4,42,346,0,0.00409654388204217
LR-All,SPAM-0436,5,42,347,1,0.9958385229110718
LR-All,HAM-0433,1,42,348,0,0.008308731950819492
LR-All,HAM-0127,2,42,350,0,0.02252989634871483
LR-All,HAM-0152,4,42,351,0,0.028397714719176292
LR-All,SPAM-0007,3,42,352,1,0.9999626874923706
LR-All,SPAM-0459,5,42,353,1,0.9953204393386841
LR-All,SPAM-0096,3,42,355,1,0.9920903444290161
LR-All,HAM-0300,1,42,356,0,0.00022215352510102093
LR-All,HAM-0349,2,42,357,0,0.0003865784965455532
LR-All,HAM-0096,5,42,358,0,0.0012859487906098366
LR-All,HAM-0222,4,42,359,0,0.0010403525084257126
LR-All,HAM-0284,4,42,361,0,0.0008454961352981627
LR-All,SPAM-0192,1,42,362,1,0.9997132420539856
LR-All,HAM-0117,2,42,363,0,0.0010433981660753489
LR-All,SPAM-0270,3,42,365,1,0.9835913777351379
LR-All,HAM-0140,5,42,366,0,0.0060208444483578205
LR-All,SPAM-0482,2,42,367,1,0.9999178051948547
LR-All,SPAM-0077,1,42,368,1,0.9998301863670349
LR-All,HAM-0401,3,42,370,0,0.0051741823554039
LR-All,SPAM-0490,4,42,371,1,0.9918555617332458
LR-All,SPAM-0302,5,42,372,1,0.9974145889282227
LR-All,SPAM-0139,3,42,373,1,0.9991034865379333
LR-All,HAM-0175,1,42,374,0,0.00023520301328971982
LR-All,HAM-0119,2,42,376,0,0.00010059946362162009
LR-All,SPAM-0035,4,42,377,1,0.9996541142463684
LR-All,HAM-0051,5,42,378,0,0.00024259142810478806
LR-All,HAM-0028,1,42,379,0,0.0004536613414529711
LR-All,HAM-0178,5,42,380,0,0.0030622740741819143
LR-All,HAM-0257,2,42,382,0,0.001421694178134203
LR-All,HAM-0462,3,42,383,0,0.001858672359958291
LR-All,SPAM-0264,4,42,384,1,0.999450147151947
LR-All,HAM-0072,1,42,386,0,0.007654279936105013
LR-All,HAM-0379,2,42,387,0,0.0032882194500416517
LR-All,SPAM-0256,4,42,388,1,0.9994120597839355
LR-All,SPAM-0102,3,42,390,1,0.997832179069519
LR-All,HAM-0277,5,42,391,0,0.0036947252228856087
LR-All,HAM-0347,1,42,392,0,0.002421384444460273
LR-All,HAM-0200,2,42,393,0,0.01178805436939001
LR-All,SPAM-0030,4,42,395,1,0.9937683343887329
LR-All,SPAM-0463,5,42,396,1,0.9964023232460022
LR-All,HAM-0454,3,42,398,0,0.0003902141179423779
LR-All,HAM-0040,1,42,399,0,0.0008017835789360106
LR-All,HAM-0365,2,42,401,0,0.00043627904960885644
LR-All,SPAM-0116,3,42,402,1,0.9994279742240906
LR-All,HAM-0074,4,42,403,0,0.00010399082384537905
LR-All,HAM-0301,5,42,404,0,0.00040610969881527126
LR-All,HAM-0486,1,42,406,0,0.0007001091726124287
LR-All,SPAM-0414,2,42,407,1,0.9989521503448486
LR-All,SPAM-0056,4,42,408,1,0.9893499612808228
LR-All,HAM-0445,3,42,409,0,0.0004259282140992582
LR-All,HAM-0289,5,42,411,0,0.0005229711532592773
LR-All,SPAM-0441,5,42,412,1,0.997433602809906
LR-All,SPAM-0182,1,42,413,1,0.9980381727218628
LR-All,SPAM-0250,2,42,414,1,0.9878051280975342
LR-All,SPAM-0185,3,42,416,1,0.9997580647468567
LR-All,SPAM-0208,4,42,417,1,0.9845100045204163
LR-All,HAM-0439,3,42,418,0,0.00019169623556081206
LR-All,HAM-0291,4,42,419,0,0.006278797518461943
LR-All,SPAM-0175,1,42,420,1,0.9994335174560547
LR-All,HAM-0109,2,42,421,0,0.0004978079814463854
LR-All,HAM-0022,5,42,423,0,0.009674458764493465
LR-All,HAM-0271,1,42,424,0,0.0026709348894655704
LR-All,SPAM-0160,3,42,426,1,0.9620077610015869
LR-All,HAM-0170,2,42,427,0,0.008023783564567566
LR-All,HAM-0402,4,42,428,0,0.00010684759035939351
LR-All,HAM-0331,5,42,429,0,0.00028614868642762303
LR-All,SPAM-0344,1,42,430,1,0.9987810254096985
LR-All,HAM-0043,4,42,432,0,2.706435407162644e-05
LR-All,HAM-0088,2,42,433,0,0.0005998201668262482
LR-All,HAM-0360,3,42,434,0,0.0005456164362840354
LR-All,SPAM-0365,5,42,436,1,0.990859866142273
LR-All,HAM-0029,1,42,437,0,0.02589488960802555
LR-All,HAM-0244,4,42,438,0,0.0009115231805481017
LR-All,HAM-0495,2,42,439,0,0.0011059207608923316
LR-All,SPAM-0075,3,42,441,1,0.9990822672843933
LR-All,SPAM-0202,5,42,442,1,0.9994990229606628
LR-All,HAM-0048,1,42,443,0,0.00495956651866436
LR-All,SPAM-0180,2,42,444,1,0.9860112071037292
LR-All,HAM-0333,5,42,446,0,0.0011610048823058605
LR-All,HAM-0440,3,42,447,0,0.00720860343426466
LR-All,HAM-0335,4,42,448,0,3.401589856366627e-05
LR-All,HAM-0042,1,42,449,0,0.0014121525455266237
LR-All,SPAM-0091,1,42,451,1,0.9997872114181519
LR-All,HAM-0351,2,42,452,0,0.00011707427620422095
LR-All,SPAM-0254,3,42,453,1,0.9977164268493652
LR-All,SPAM-0171,4,42,454,1,0.9995697736740112
LR-All,SPAM-0472,5,42,456,1,0.9930722713470459
LR-All,SPAM-0068,2,42,457,1,0.9848775267601013
LR-All,SPAM-0122,4,42,458,1,0.9989717602729797
LR-All,SPAM-0393,5,42,459,1,0.9999163746833801
LR-All,SPAM-0009,1,42,460,1,0.9999032020568848
LR-All,SPAM-0086,3,42,461,1,0.9980825185775757
LR-All,HAM-0408,1,42,463,0,0.0485667921602726
LR-All,SPAM-0196,2,42,464,1,0.9870002865791321
LR-All,HAM-0182,3,42,465,0,0.027047136798501015
LR-All,HAM-0130,4,42,467,0,0.00024579791352152824
LR-All,HAM-0270,5,42,468,0,0.0012554882559925318
LR-All,HAM-0318,1,42,469,0,0.0012315554777160287
LR-All,HAM-0099,2,42,470,0,0.00021413130161818117
LR-All,HAM-0124,3,42,471,0,0.00034647202119231224
LR-All,HAM-0269,5,42,473,0,0.003877862123772502
LR-All,SPAM-0020,4,42,474,1,0.9991963505744934
LR-All,HAM-0471,1,42,475,0,0.0016946997493505478
LR-All,SPAM-0398,2,42,477,1,0.9981552958488464
LR-All,SPAM-0283,3,42,478,1,0.979897677898407
LR-All,HAM-0413,4,42,479,0,0.0012938828440383077
LR-All,HAM-0221,5,42,480,0,0.004689383786171675
LR-All,SPAM-0480,2,42,482,1,0.9784409999847412
LR-All,SPAM-0413,1,42,483,1,0.9998658895492554
LR-All,HAM-0258,4,42,484,0,0.0012539159506559372
LR-All,SPAM-0497,3,42,485,1,0.9991270899772644
LR-All,SPAM-0138,5,42,486,1,0.9944491982460022
LR-All,SPAM-0363,1,42,488,1,0.9939267039299011
LR-All,HAM-0370,2,42,489,0,0.0024429725017398596
LR-All,HAM-0272,3,42,490,0,5.392154707806185e-05
LR-All,SPAM-0019,4,42,492,1,0.9999634027481079
LR-All,SPAM-0247,5,42,493,1,0.9998397827148438
LR-All,SPAM-0173,3,42,494,1,0.9994064569473267
LR-All,HAM-0273,2,42,495,0,0.00044945479021407664
LR-All,HAM-0009,4,42,497,0,0.0004981699748896062
LR-All,HAM-0250,5,42,498,0,0.005220771301537752
LR-All,SPAM-0268,3,42,499,1,0.9995994567871094
LR-All,HAM-0248,1,42,500,0,0.0076852948404848576
LR-All,SPAM-0437,1,42,502,1,0.9951801300048828
LR-All,HAM-0479,2,42,503,0,0.0059656077064573765
LR-All,HAM-0342,4,42,504,0,0.027362870052456856
LR-All,SPAM-0281,5,42,505,1,0.9913796782493591
LR-All,HAM-0031,2,42,507,0,0.0006699895020574331
LR-All,HAM-0192,1,42,508,0,0.003237260039895773
LR-All,HAM-0234,4,42,509,0,0.0005241887993179262
LR-All,HAM-0259,3,42,510,0,0.08948319405317307
LR-All,SPAM-0376,5,42,512,1,0.9991517663002014
LR-All,HAM-0155,1,42,513,0,0.2834545373916626
LR-All,HAM-0070,5,42,514,0,3.183012086083181e-05
LR-All,HAM-0237,2,42,515,0,0.007165476679801941
LR-All,SPAM-0417,3,42,516,1,0.9983166456222534
LR-All,SPAM-0462,4,42,518,1,0.9978336691856384
LR-All,SPAM-0158,1,42,519,1,0.9569084048271179
LR-All,HAM-0077,2,42,520,0,0.00012412107025738806
LR-All,SPAM-0161,3,42,521,1,0.9999902248382568
LR-All,SPAM-0115,4,42,523,1,0.9998638033866882
LR-All,SPAM-0032,5,42,524,1,0.99883633852005
LR-All,SPAM-0149,1,42,525,1,0.9904013872146606
LR-All,HAM-0174,5,42,526,0,0.21901461482048035
LR-All,HAM-0173,2,42,528,0,0.022519569844007492
LR-All,SPAM-0176,3,42,529,1,0.9976902604103088
LR-All,SPAM-0003,4,42,530,1,0.9850196838378906
LR-All,SPAM-0352,3,42,532,1,0.999634325504303
LR-All,SPAM-0347,1,42,533,1,0.9996618032455444
LR-All,SPAM-0012,2,42,534,1,0.999693751335144
LR-All,HAM-0252,4,42,535,0,0.0002551687939558178
LR-All,SPAM-0419,5,42,537,1,0.9987474083900452
LR-All,SPAM-0317,3,42,538,1,0.9999537467956543
LR-All,HAM-0201,1,42,539,0,0.00028973392909392715
LR-All,SPAM-0284,2,42,540,1,0.9998486042022705
LR-All,SPAM-0291,4,42,541,1,0.9997550845146179
LR-All,SPAM-0388,5,42,542,1,0.9985015988349915
LR-All,SPAM-0407,4,42,544,1,0.6014522314071655
LR-All,SPAM-0461,1,42,545,1,0.9976102113723755
LR-All,SPAM-0265,2,42,547,1,0.9966342449188232
LR-All,SPAM-0135,3,42,548,1,0.9933708310127258
LR-All,HAM-0321,5,42,549,0,0.00038244001916609704
LR-All,SPAM-0223,3,42,550,1,0.9969149231910706
LR-All,SPAM-0476,4,42,551,1,0.9961065649986267
LR-All,HAM-0481,5,42,553,0,0.0005198318394832313
LR-All,HAM-0101,1,42,554,0,0.0010766633786261082
LR-All,SPAM-0415,2,42,555,1,0.9836685061454773
LR-All,SPAM-0010,1,42,556,1,0.9999377727508545
LR-All,SPAM-0309,2,42,558,1,0.9936995506286621
LR-All,SPAM-0311,3,42,559,1,0.9995768666267395
LR-All,SPAM-0229,4,42,560,1,0.9900788068771362
LR-All,HAM-0368,5,42,561,0,0.0002004716225201264
LR-All,HAM-0478,2,42,563,0,0.004686007276177406
LR-All,HAM-0390,3,42,564,0,0.0010293135419487953
LR-All,HAM-0290,1,42,565,0,0.0007974850013852119
LR-All,SPAM-0066,4,42,567,1,0.9997434020042419
LR-All,SPAM-0435,3,42,313,1,0.9975847005844116
LR-All,SPAM-0383,5,42,568,1,0.9996641278266907
LR-All,HAM-0210,1,42,569,0,0.012757791206240654
LR-All,SPAM-0099,2,42,570,1,0.962141752243042
LR-All,SPAM-0293,5,42,572,1,0.9574484825134277
LR-All,HAM-0195,3,42,573,0,0.001100936089642346
LR-All,HAM-0217,4,42,574,0,0.002358191180974245
LR-All,HAM-0016,3,42,575,0,7.95333253336139e-05
LR-All,HAM-0341,1,42,577,0,0.00021279489737935364
LR-All,HAM-0214,2,42,578,0,0.004344687331467867
LR-All,SPAM-0449,4,42,579,1,0.9987965822219849
LR-All,SPAM-0151,5,42,580,1,0.997906506061554
LR-All,HAM-0193,2,42,582,0,0.008868629112839699
LR-All,SPAM-0484,5,42,583,1,0.9995718598365784
LR-All,HAM-0041,1,42,584,0,0.00031678230152465403
LR-All,SPAM-0201,3,42,585,1,0.9994983077049255
LR-All,HAM-0275,4,42,586,0,0.0007237500394694507
LR-All,HAM-0196,5,42,588,0,0.004372764378786087
LR-All,SPAM-0049,4,42,589,1,0.9950831532478333
LR-All,HAM-0095,1,42,590,0,0.054877087473869324
LR-All,HAM-0380,2,42,591,0,0.0024652881547808647
LR-All,SPAM-0456,3,42,593,1,0.9989714026451111
LR-All,SPAM-0384,5,42,594,1,0.9953460693359375
LR-All,HAM-0209,2,42,595,0,0.001298554241657257
LR-All,SPAM-0434,1,42,597,1,0.9992109537124634
LR-All,HAM-0398,4,42,598,0,0.0002392316237092018
LR-All,SPAM-0364,3,42,599,1,0.999689519405365
LR-All,SPAM-0043,5,42,600,1,0.9970383644104004
LR-All,SPAM-0438,1,42,601,1,0.997252345085144
LR-All,HAM-0423,2,42,603,0,0.007489973213523626
LR-All,SPAM-0443,4,42,604,1,0.9998373985290527
LR-All,SPAM-0233,3,42,605,1,0.999973475933075
LR-All,SPAM-0183,5,42,606,1,0.9999628067016602
LR-All,SPAM-0117,1,42,608,1,0.9926985502243042
LR-All,SPAM-0492,5,42,609,1,0.9997904300689697
LR-All,SPAM-0166,2,42,610,1,0.9976179599761963
LR-All,SPAM-0343,3,42,612,1,0.9963032007217407
LR-All,HAM-0189,4,42,613,0,0.004461463540792465
LR-All,HAM-0386,1,42,614,0,0.00023160329146776348
LR-All,SPAM-0134,2,42,615,1,0.9997665286064148
LR-All,SPAM-0308,3,42,617,1,0.9898349046707153
LR-All,HAM-0427,4,42,618,0,0.023043794557452202
LR-All,SPAM-0144,5,42,619,1,0.9973503351211548
LR-All,SPAM-0038,1,42,620,1,0.9841614961624146
LR-All,SPAM-0278,3,42,622,1,0.9999368786811829
LR-All,HAM-0049,4,42,623,0,0.0038570361211895943
LR-All,SPAM-0381,2,42,624,1,0.9988784193992615
LR-All,SPAM-0070,5,42,625,1,0.9998695850372314
LR-All,SPAM-0340,1,42,627,1,0.9287891983985901
LR-All,SPAM-0106,3,42,628,1,0.9987398386001587
LR-All,SPAM-0071,2,42,629,1,0.9991841316223145
LR-All,HAM-0063,4,42,630,0,0.0007380930474027991
LR-All,HAM-0308,5,42,632,0,0.01161186583340168
LR-All,SPAM-0424,5,42,633,1,0.9999756217002869
LR-All,SPAM-0399,1,42,634,1,0.9968785643577576
LR-All,SPAM-0034,3,42,635,1,0.9998674988746643
LR-All,SPAM-0316,2,42,637,1,0.999536395072937
LR-All,HAM-0243,4,42,638,0,0.00032738858135417104
LR-All,SPAM-0403,1,42,639,1,0.9947164058685303
LR-All,SPAM-0159,5,42,640,1,0.9272800087928772
LR-All,SPAM-0092,2,42,641,1,0.9988557696342468
LR-All,HAM-0327,3,42,642,0,0.1058240458369255
LR-All,SPAM-0153,4,42,644,1,0.9994162321090698
LR-All,SPAM-0378,1,42,645,1,0.9821399450302124
LR-All,SPAM-0328,3,42,647,1,0.9999163746833801
LR-All,HAM-0058,2,42,648,0,0.0016926514217630029
LR-All,HAM-0223,4,42,649,0,0.0031807897612452507
LR-All,SPAM-0248,5,42,650,1,0.9921337962150574
LR-All,HAM-0450,1,42,652,0,0.0016780447913333774
LR-All,HAM-0412,4,42,653,0,0.0004176648217253387
LR-All,HAM-0046,3,42,654,0,6.325631693471223e-05
LR-All,HAM-0251,2,42,655,0,0.0008502352284267545
LR-All,HAM-0050,5,42,656,0,0.0046857865527272224
LR-All,SPAM-0113,1,42,657,1,0.9983831644058228
LR-All,HAM-0035,3,42,659,0,0.0016636766958981752
LR-All,SPAM-0109,5,42,660,1,0.9983143210411072
LR-All,HAM-0069,2,42,662,0,0.011376512236893177
LR-All,HAM-0212,4,42,663,0,0.0028712989296764135
LR-All,HAM-0247,4,42,664,0,0.0009629492997191846
LR-All,HAM-0017,1,42,665,0,0.002097913296893239
LR-All,SPAM-0296,2,42,666,1,0.9999304413795471
LR-All,HAM-0430,3,42,667,0,0.00019332389638293535
LR-All,SPAM-0387,5,42,669,1,0.9999856352806091
LR-All,HAM-0194,2,42,670,0,0.0026305534411221743
LR-All,HAM-0283,4,42,671,0,0.0023928892333060503
LR-All,SPAM-0455,3,42,673,1,0.999983549118042
LR-All,HAM-0472,1,42,674,0,0.0004095330077689141
LR-All,SPAM-0319,5,42,675,1,0.9999547600746155
LR-All,HAM-0236,1,42,676,0,0.0010641893604770303
LR-All,SPAM-0045,3,42,678,1,0.9999409317970276
LR-All,HAM-0435,5,42,679,0,0.057388488203287125
LR-All,SPAM-0058,2,42,680,1,0.9994829893112183
LR-All,HAM-0475,4,42,681,0,0.0008059678948484361
LR-All,SPAM-0375,4,42,682,1,0.9988492727279663
LR-All,SPAM-0225,1,42,684,1,0.9992076754570007
LR-All,HAM-0229,2,42,685,0,0.008997929282486439
LR-All,SPAM-0042,3,42,687,1,0.9560354351997375
LR-All,HAM-0403,5,42,688,0,0.002921451348811388
LR-All,SPAM-0405,3,42,689,1,0.9996941089630127
LR-All,HAM-0183,4,42,690,0,0.0008782786899246275
LR-All,HAM-0357,1,42,692,0,0.0009440326830372214
LR-All,SPAM-0346,2,42,693,1,0.999900758266449
LR-All,SPAM-0286,5,42,694,1,0.9989321231842041
LR-All,SPAM-0053,2,42,695,1,0.9997459053993225
LR-All,HAM-0083,1,42,697,0,0.007467193994671106
LR-All,HAM-0385,3,42,698,0,0.0001672365324338898
LR-All,HAM-0387,4,42,699,0,0.0026221207808703184
LR-All,HAM-0460,5,42,700,0,0.0005603455938398838
LR-All,HAM-0392,1,42,701,0,0.012537941336631775
LR-All,HAM-0431,2,42,703,0,0.06460268795490265
LR-All,SPAM-0401,3,42,704,1,0.9998138546943665
LR-All,SPAM-0368,4,42,705,1,0.9989793300628662
LR-All,HAM-0139,5,42,706,0,0.0003073803090956062
LR-All,HAM-0185,1,42,707,0,0.002154239220544696
LR-All,HAM-0294,2,42,709,0,0.0034134071320295334
LR-All,HAM-0033,3,42,710,0,0.001042695133946836
LR-All,HAM-0071,4,42,712,0,0.02293771132826805
LR-All,HAM-0062,5,42,713,0,4.6113655116641894e-05
LR-All,SPAM-0055,5,42,714,1,0.9966828227043152
LR-All,HAM-0066,1,42,715,0,0.0002985966857522726
LR-All,SPAM-0218,2,42,716,1,0.9997323751449585
LR-All,HAM-0434,3,42,718,0,0.005951189901679754
LR-All,HAM-0047,4,42,719,0,0.0017776666209101677
LR-All,HAM-0075,1,42,720,0,0.00322806928306818
LR-All,SPAM-0093,2,42,721,1,0.9713082909584045
LR-All,SPAM-0273,3,42,722,1,0.9977461695671082
LR-All,HAM-0261,4,42,724,0,0.004006463568657637
LR-All,HAM-0406,5,42,725,0,0.0015709460712969303
LR-All,HAM-0316,1,42,727,0,0.0014461497776210308
LR-All,SPAM-0189,2,42,728,1,0.9999709725379944
LR-All,HAM-0474,3,42,729,0,0.0024036355316638947
LR-All,SPAM-0073,4,42,730,1,0.9997589588165283
LR-All,SPAM-0262,5,42,732,1,0.997130811214447
LR-All,HAM-0468,3,42,733,0,4.5775646867696196e-05
LR-All,SPAM-0279,1,42,734,1,0.9950495958328247
LR-All,SPAM-0026,2,42,735,1,0.9996054768562317
LR-All,HAM-0465,4,42,737,0,0.0015359329991042614
LR-All,HAM-0057,5,42,738,0,0.00044237112160772085
LR-All,HAM-0457,2,42,739,0,0.0004419613105710596
LR-All,SPAM-0023,3,42,740,1,0.9992023706436157
LR-All,SPAM-0483,1,42,742,1,0.9467870593070984
LR-All,SPAM-0098,4,42,743,1,0.9996005296707153
LR-All,SPAM-0422,5,42,744,1,0.9995417594909668
LR-All,HAM-0211,4,42,745,0,0.006580017507076263
LR-All,SPAM-0271,1,42,746,1,0.9998341798782349
LR-All,HAM-0120,5,42,747,0,0.000785861921031028
LR-All,SPAM-0033,3,42,749,1,0.9231482148170471
LR-All,SPAM-0334,2,42,750,1,0.9972267746925354
LR-All,HAM-0169,1,42,751,0,0.0015494727995246649
LR-All,SPAM-0050,2,42,753,1,0.9977920055389404
LR-All,SPAM-0313,3,42,754,1,0.9997950792312622
LR-All,HAM-0208,4,42,755,0,0.0008794721215963364
LR-All,SPAM-0061,5,42,757,1,0.9994537234306335
LR-All,SPAM-0306,1,42,758,1,0.9993458986282349
LR-All,HAM-0115,2,42,759,0,0.0007833132985979319
LR-All,SPAM-0078,3,42,760,1,0.9999870657920837
LR-All,HAM-0080,4,42,761,0,0.00043166507384739816
LR-All,HAM-0371,5,42,762,0,0.002495215740054846
LR-All,SPAM-0041,1,42,764,1,0.9998907446861267
LR-All,SPAM-0320,2,42,765,1,0.9735467433929443
LR-All,SPAM-0039,5,42,766,1,0.9925503730773926
LR-All,SPAM-0111,3,42,768,1,0.9992087483406067
LR-All,SPAM-0197,4,42,769,1,0.999942421913147
LR-All,HAM-0254,3,42,770,0,0.00041614347719587386
LR-All,SPAM-0181,1,42,772,1,0.9996838569641113
LR-All,SPAM-0051,2,42,773,1,0.9991734623908997
LR-All,HAM-0483,4,42,774,0,0.0013910691486671567
LR-All,SPAM-0063,5,42,775,1,0.9827866554260254
LR-All,SPAM-0219,1,42,776,1,0.9975221753120422
LR-All,HAM-0426,2,42,777,0,0.010359754785895348
LR-All,SPAM-0121,3,42,779,1,0.9999989867210388
LR-All,SPAM-0450,4,42,780,1,0.983790397644043
LR-All,HAM-0157,2,42,782,0,0.0043287076987326145
LR-All,HAM-0490,5,42,783,0,0.0032591091003268957
LR-All,HAM-0137,4,42,784,0,0.011515708640217781
LR-All,HAM-0225,5,42,785,0,0.0003558860917109996
LR-All,HAM-0227,1,42,786,0,0.0017895456403493881
LR-All,HAM-0377,2,42,788,0,0.0020124996080994606
LR-All,SPAM-0345,3,42,789,1,0.9999878406524658
LR-All,SPAM-0338,2,42,790,1,0.9323868751525879
LR-All,HAM-0121,1,42,791,0,0.0010396386496722698
LR-All,SPAM-0485,4,42,792,1,0.9997755885124207
LR-All,SPAM-0289,5,42,794,1,0.9984580278396606
LR-All,SPAM-0221,3,42,795,1,0.9996563196182251
LR-All,SPAM-0203,1,42,797,1,0.9996833205223083
LR-All,SPAM-0337,2,42,798,1,0.9996665716171265
LR-All,HAM-0164,4,42,799,0,0.0018340492388233542
LR-All,HAM-0315,5,42,800,0,0.0010145584819838405
LR-All,HAM-0477,3,42,801,0,0.013003903441131115
LR-All,SPAM-0184,1,42,803,1,0.9997091293334961
LR-All,HAM-0064,2,42,804,0,0.00040835386607795954
LR-All,SPAM-0321,4,42,805,1,0.9974009990692139
LR-All,HAM-0369,3,42,807,0,0.007984229363501072
LR-All,SPAM-0170,5,42,808,1,0.9907523393630981
LR-All,SPAM-0323,1,42,809,1,0.9991727471351624
LR-All,HAM-0012,5,42,810,0,0.0003924518823623657
LR-All,SPAM-0087,2,42,811,1,0.9933584928512573
LR-All,SPAM-0097,3,42,813,1,0.9989047050476074
LR-All,HAM-0310,4,42,814,0,0.0022894481662660837
LR-All,HAM-0338,3,42,815,0,0.0005351579166017473
LR-All,SPAM-0272,1,42,817,1,0.9964484572410583
LR-All,HAM-0458,2,42,818,0,0.00030133905238471925
LR-All,HAM-0242,4,42,819,0,0.002030198462307453
LR-All,HAM-0393,5,42,820,0,0.0010196220828220248
LR-All,HAM-0268,1,42,821,0,0.0027302680537104607
LR-All,HAM-0255,2,42,823,0,0.043016597628593445
LR-All,HAM-0332,3,42,824,0,0.0006407509208656847
LR-All,SPAM-0408,4,42,825,1,0.9997967481613159
LR-All,HAM-0144,5,42,826,0,0.003710757941007614
LR-All,HAM-0098,1,42,828,0,0.005109382793307304
LR-All,SPAM-0432,3,42,829,1,0.9993577599525452
LR-All,HAM-0411,2,42,830,0,0.09222984313964844
LR-All,HAM-0089,4,42,831,0,0.0066309436224401
LR-All,SPAM-0028,5,42,833,1,0.9883147478103638
LR-All,HAM-0438,1,42,834,0,0.0008073224453255534
LR-All,HAM-0416,2,42,835,0,0.0005213310359977186
LR-All,SPAM-0126,3,42,837,1,0.9959779977798462
LR-All,SPAM-0389,4,42,838,1,0.9876957535743713
LR-All,SPAM-0360,5,42,839,1,0.9651679992675781
LR-All,SPAM-0276,3,42,840,1,0.9996200799942017
LR-All,SPAM-0374,5,42,561,1,0.848914623260498
LR-All,HAM-0303,1,42,842,0,0.00259073032066226
LR-All,SPAM-0310,2,42,843,1,0.9907258749008179
LR-All,HAM-0346,4,42,844,0,0.0014264975907281041
LR-All,SPAM-0255,5,42,845,1,0.9988417029380798
LR-All,HAM-0015,5,42,846,0,0.0007246094755828381
LR-All,SPAM-0380,1,42,847,1,0.9989469647407532
LR-All,HAM-0264,2,42,849,0,0.00015548011288046837
LR-All,SPAM-0164,3,42,850,1,0.9996209740638733
LR-All,SPAM-0249,4,42,852,1,0.9935071468353271
LR-All,HAM-0167,4,42,853,0,0.0645090863108635
LR-All,SPAM-0423,5,42,854,1,0.9986972212791443
LR-All,HAM-0116,1,42,855,0,0.00011286590597592294
LR-All,HAM-0198,2,42,857,0,0.0014566306490451097
LR-All,HAM-0280,3,42,858,0,0.0003783702268265188
LR-All,HAM-0480,2,42,859,0,4.8773945309221745e-05
LR-All,SPAM-0017,1,42,860,1,0.9971722364425659
LR-All,HAM-0138,3,42,861,0,0.0022881084587424994
LR-All,SPAM-0037,4,42,863,1,0.9988448023796082
LR-All,SPAM-0469,5,42,864,1,0.9997621774673462
LR-All,SPAM-0157,1,42,865,1,0.9985408186912537
LR-All,HAM-0292,4,42,867,0,0.0011542369611561298
LR-All,HAM-0344,2,42,868,0,0.0006329934112727642
LR-All,HAM-0110,3,42,869,0,0.0004213860956951976
LR-All,SPAM-0118,5,42,870,1,0.9808887243270874
LR-All,SPAM-0493,1,42,872,1,0.9931007027626038
LR-All,HAM-0010,2,42,873,0,0.0005146899493411183
LR-All,SPAM-0390,4,42,874,1,0.9998857975006104
LR-All,HAM-0297,3,42,875,0,0.0010709324851632118
LR-All,HAM-0191,5,42,877,0,0.0021933407988399267
LR-All,SPAM-0008,3,42,878,1,0.9969469308853149
LR-All,SPAM-0307,1,42,879,1,0.9990783333778381
LR-All,HAM-0407,2,42,880,0,0.0010515943868085742
LR-All,HAM-0038,4,42,882,0,0.006963516119867563
LR-All,HAM-0181,5,42,883,0,0.0017575627425685525
LR-All,SPAM-0358,1,42,884,1,0.9984337091445923
LR-All,HAM-0428,2,42,885,0,0.02601580321788788
LR-All,HAM-0039,3,42,887,0,0.0012740109814330935
LR-All,SPAM-0371,4,42,888,1,0.9998118281364441
LR-All,SPAM-0241,5,42,889,1,0.999155580997467
LR-All,SPAM-0257,4,42,890,1,0.9043051600456238
LR-All,SPAM-0048,2,42,891,1,0.9999407529830933
LR-All,SPAM-0471,4,42,893,1,0.9987793564796448
LR-All,SPAM-0168,1,42,894,1,0.9981501698493958
LR-All,HAM-0092,3,42,895,0,0.00041501346277073026
LR-All,SPAM-0288,5,42,896,1,0.9974544644355774
LR-All,SPAM-0162,1,42,898,1,0.9920621514320374
LR-All,HAM-0293,3,42,899,0,0.00013303490413818508
LR-All,HAM-0329,2,42,900,0,0.0003701944660861045
LR-All,SPAM-0458,4,42,901,1,0.9996902942657471
LR-All,HAM-0205,5,42,903,0,0.0024644718505442142
LR-All,SPAM-0167,1,42,904,1,0.9994379878044128
LR-All,HAM-0489,2,42,905,0,0.010654582642018795
LR-All,SPAM-0400,3,42,907,1,0.9472542405128479
LR-All,SPAM-0402,4,42,908,1,0.9999182224273682
LR-All,SPAM-0169,5,42,909,1,0.999320387840271
LR-All,HAM-0417,1,42,910,0,0.003300347365438938
LR-All,HAM-0162,5,42,911,0,0.00035433759330771863
LR-All,HAM-0006,2,42,913,0,5.7463952543912455e-05
LR-All,SPAM-0440,3,42,914,1,0.99643474817276
LR-All,SPAM-0489,4,42,915,1,0.9988195896148682
LR-All,SPAM-0198,1,42,916,1,0.9989736676216125
LR-All,HAM-0484,3,42,918,0,0.026608116924762726
LR-All,SPAM-0235,5,42,919,1,0.9994292855262756
LR-All,HAM-0339,4,42,920,0,0.001038460759446025
LR-All,HAM-0424,2,42,921,0,0.0010332261445000768
LR-All,HAM-0103,1,42,922,0,0.001208753790706396
LR-All,HAM-0239,2,42,924,0,0.0009432833758182824
LR-All,SPAM-0154,4,42,567,1,0.9996471405029297
LR-All,HAM-0232,3,42,925,0,0.002184179611504078
LR-All,SPAM-0044,4,42,926,1,0.9984403848648071
LR-All,SPAM-0427,5,42,927,1,0.973110020160675
LR-All,HAM-0052,2,42,929,0,4.6644985559396446e-05
LR-All,HAM-0249,1,42,930,0,0.0007993198814801872
LR-All,HAM-0246,3,42,931,0,0.0005517999525181949
LR-All,SPAM-0101,4,42,932,1,0.9930203557014465
LR-All,SPAM-0131,5,42,934,1,0.8716757297515869
LR-All,HAM-0112,3,42,935,0,0.0022084079682826996
LR-All,HAM-0141,5,42,936,0,0.0007519525242969394
LR-All,HAM-0279,4,42,937,0,0.0008854522020556033
LR-All,SPAM-0076,1,42,939,1,0.9989162683486938
LR-All,HAM-0278,2,42,940,0,7.848538371035829e-05
LR-All,SPAM-0052,4,42,941,1,0.9999708533287048
LR-All,HAM-0207,1,42,943,0,0.00040137977339327335
LR-All,HAM-0220,2,42,944,0,0.00020894358749501407
LR-All,HAM-0491,3,42,945,0,0.0008111621136777103
LR-All,SPAM-0266,5,42,946,1,0.9994695782661438
LR-All,HAM-0263,1,42,947,0,0.0007253740914165974
LR-All,HAM-0453,2,42,949,0,0.0002534128725528717
LR-All,SPAM-0447,3,42,950,1,0.9836007952690125
LR-All,HAM-0355,4,42,951,0,0.0005043868441134691
LR-All,HAM-0081,1,42,513,0,0.3236793875694275
LR-All,SPAM-0473,5,42,953,1,0.9997361898422241
LR-All,HAM-0044,5,42,954,0,0.0032919105142354965
LR-All,HAM-0298,1,42,955,0,0.0003842800797428936
LR-All,HAM-0150,2,42,956,0,0.0005425360868684947
LR-All,SPAM-0292,3,42,958,1,0.9995942711830139
LR-All,HAM-0354,4,42,959,0,0.012390786781907082
LR-All,SPAM-0339,1,42,960,1,0.9985198974609375
LR-All,HAM-0405,2,42,961,0,0.012269899249076843
LR-All,SPAM-0418,5,42,962,1,0.9997366070747375
LR-All,HAM-0389,3,42,963,0,0.0005390070145949721
LR-All,SPAM-0193,4,42,965,1,0.9981861710548401
LR-All,SPAM-0088,3,42,966,1,0.9836661219596863
LR-All,HAM-0125,1,42,967,0,0.0020389026030898094
LR-All,HAM-0281,2,42,969,0,0.0011272431584075093
LR-All,SPAM-0239,4,42,970,1,0.9991891980171204
LR-All,SPAM-0315,5,42,971,1,0.9998730421066284
LR-All,SPAM-0478,3,42,972,1,0.9994896650314331
LR-All,SPAM-0074,5,42,974,1,0.9999494552612305
LR-All,HAM-0358,4,42,975,0,0.015069138258695602
LR-All,HAM-0492,1,42,976,0,0.014895940199494362
LR-All,HAM-0325,2,42,977,0,0.002337795216590166
LR-All,SPAM-0001,3,42,978,1,0.9985361099243164
LR-All,SPAM-0487,4,42,979,1,0.9965980052947998
LR-All,HAM-0213,1,42,981,0,0.00038563681300729513
LR-All,SPAM-0222,5,42,982,1,0.9969698190689087
LR-All,SPAM-0290,2,42,984,1,0.9774613380432129
LR-All,HAM-0305,1,42,985,0,0.000127186460304074
LR-All,SPAM-0465,2,42,986,1,0.9999952912330627
LR-All,HAM-0231,3,42,987,0,0.0009906856575980783
LR-All,HAM-0306,4,42,988,0,0.010706293396651745
LR-All,HAM-0286,5,42,990,0,0.0010150437010452151
LR-All,HAM-0253,1,42,991,0,4.8862184485187754e-05
LR-All,SPAM-0481,2,42,992,1,0.999980628490448
LR-All,HAM-0496,3,42,994,0,0.0003873197711072862
LR-All,SPAM-0125,4,42,995,1,0.7463275194168091
DistilBERT,SPAM-0217,3,42,0,1,0.9942396879196167
DistilBERT,HAM-0326,5,42,1,0,0.006307913921773434
DistilBERT,SPAM-0350,3,42,2,1,0.9944410920143127
DistilBERT,SPAM-0355,5,42,3,1,0.9953745007514954
DistilBERT,HAM-0073,2,42,5,0,0.009734504856169224
DistilBERT,HAM-0002,3,42,6,0,0.00806481298059225
DistilBERT,SPAM-0110,1,42,7,1,0.9950968623161316
DistilBERT,HAM-0432,4,42,8,0,0.007369438651949167
DistilBERT,SPAM-0351,5,42,10,1,0.9952860474586487
DistilBERT,HAM-0436,2,42,11,0,0.007274923846125603
DistilBERT,HAM-0309,1,42,12,0,0.008546124212443829
DistilBERT,HAM-0020,3,42,13,0,0.007757687009871006
DistilBERT,SPAM-0148,5,42,14,1,0.9954635500907898
DistilBERT,HAM-0177,4,42,16,0,0.007524797692894936
DistilBERT,HAM-0146,4,42,17,0,0.007054069545120001
DistilBERT,SPAM-0354,1,42,18,1,0.99491947889328
DistilBERT,SPAM-0280,2,42,19,1,0.995707631111145
DistilBERT,HAM-0487,3,42,21,0,0.00817948393523693
DistilBERT,SPAM-0152,5,42,22,1,0.9955978989601135
DistilBERT,HAM-0179,2,42,23,0,0.00842735730111599
DistilBERT,HAM-0350,1,42,25,0,0.008503193967044353
DistilBERT,HAM-0410,4,42,26,0,0.007105013821274042
DistilBERT,HAM-0260,3,42,27,0,0.008197326213121414
DistilBERT,HAM-0013,5,42,28,0,0.00686718849465251
DistilBERT,SPAM-0174,3,42,30,1,0.9944363832473755
DistilBERT,HAM-0219,1,42,31,0,0.009191539138555527
DistilBERT,SPAM-0395,2,42,32,1,0.9955160021781921
DistilBERT,SPAM-0163,4,42,33,1,0.994443953037262
DistilBERT,HAM-0126,5,42,34,0,0.006081287749111652
DistilBERT,SPAM-0128,2,42,36,1,0.9956437349319458
DistilBERT,HAM-0021,1,42,37,0,0.02374199964106083
DistilBERT,HAM-0409,3,42,38,0,0.00741723645478487
DistilBERT,SPAM-0234,5,42,40,1,0.9953527450561523
DistilBERT,HAM-0443,4,42,41,0,0.006925612688064575
DistilBERT,HAM-0469,1,42,42,0,0.008344577625393867
DistilBERT,HAM-0100,2,42,43,0,0.013021937571465969
DistilBERT,SPAM-0330,3,42,45,1,0.9943904280662537
DistilBERT,SPAM-0242,4,42,46,1,0.9946967363357544
DistilBERT,SPAM-0022,5,42,47,1,0.9956001043319702
DistilBERT,SPAM-0100,1,42,48,1,0.9949855804443359
DistilBERT,HAM-0032,2,42,49,0,0.01141204871237278
DistilBERT,HAM-0102,3,42,51,0,0.006864119321107864
DistilBERT,SPAM-0080,4,42,52,1,0.9944272041320801
DistilBERT,SPAM-0112,5,42,53,1,0.9953210949897766
DistilBERT,HAM-0476,5,42,54,0,0.007667809259146452
DistilBERT,SPAM-0430,1,42,56,1,0.9950534701347351
DistilBERT,SPAM-0370,2,42,57,1,0.9957327246665955
DistilBERT,SPAM-0404,4,42,58,1,0.994411289691925
DistilBERT,SPAM-0367,3,42,60,1,0.994335949420929
DistilBERT,HAM-0343,2,42,61,0,0.008204887621104717
DistilBERT,SPAM-0238,1,42,62,1,0.9949530363082886
DistilBERT,SPAM-0145,3,42,63,1,0.9945945143699646
DistilBERT,SPAM-0491,4,42,65,1,0.9943739175796509
DistilBERT,SPAM-0059,5,42,66,1,0.9955155253410339
DistilBERT,SPAM-0199,1,42,67,1,0.9943643808364868
DistilBERT,HAM-0314,3,42,68,0,0.007874753326177597
DistilBERT,HAM-0265,4,42,70,0,0.006575708743184805
DistilBERT,SPAM-0228,2,42,71,1,0.9955630302429199
DistilBERT,HAM-0160,5,42,72,0,0.006072610151022673
DistilBERT,SPAM-0446,1,42,73,1,0.9947735667228699
DistilBERT,HAM-0464,3,42,74,0,0.007088060956448317
DistilBERT,HAM-0299,2,42,76,0,0.007425578311085701
DistilBERT,SPAM-0382,4,42,77,1,0.9945622086524963
DistilBERT,SPAM-0372,5,42,78,1,0.9954279661178589
DistilBERT,SPAM-0499,1,42,79,1,0.9950990080833435
DistilBERT,HAM-0378,2,42,81,0,0.0074195037595927715
DistilBERT,SPAM-0295,3,42,82,1,0.9946607947349548
DistilBERT,SPAM-0326,4,42,83,1,0.9943532943725586
DistilBERT,SPAM-0133,5,42,84,1,0.9955708384513855
DistilBERT,HAM-0034,2,42,86,0,0.008583367802202702
DistilBERT,SPAM-0349,1,42,87,1,0.9951043128967285
DistilBERT,HAM-0059,4,42,88,0,0.006726101040840149
DistilBERT,SPAM-0428,3,42,90,1,0.9946921467781067
DistilBERT,HAM-0245,5,42,91,0,0.006118346005678177
DistilBERT,SPAM-0094,4,42,92,1,0.9945184588432312
DistilBERT,SPAM-0353,1,42,93,1,0.9950727820396423
DistilBERT,HAM-0404,3,42,95,0,0.007578435353934765
DistilBERT,SPAM-0127,5,42,96,1,0.9951766729354858
DistilBERT,SPAM-0479,2,42,97,1,0.9954417943954468
DistilBERT,HAM-0233,2,42,98,0,0.0072007388807833195
DistilBERT,SPAM-0190,1,42,99,1,0.9946678876876831
DistilBERT,HAM-0132,3,42,101,0,0.006893502082675695
DistilBERT,SPAM-0359,4,42,102,1,0.9946863651275635
DistilBERT,HAM-0001,5,42,103,0,0.005844449624419212
DistilBERT,SPAM-0108,1,42,104,1,0.995040237903595
DistilBERT,SPAM-0362,3,42,106,1,0.9944273233413696
DistilBERT,SPAM-0150,2,42,107,1,0.9957072734832764
DistilBERT,HAM-0176,4,42,108,0,0.006695374846458435
DistilBERT,SPAM-0391,5,42,109,1,0.9951719641685486
DistilBERT,SPAM-0143,2,42,110,1,0.9955860376358032
DistilBERT,HAM-0388,4,42,112,0,0.0067118750885128975
DistilBERT,HAM-0056,1,42,113,0,0.008300269022583961
DistilBERT,HAM-0334,3,42,115,0,0.00783150177448988
DistilBERT,SPAM-0258,5,42,116,1,0.9953988194465637
DistilBERT,SPAM-0442,1,42,117,1,0.9950010180473328
DistilBERT,SPAM-0095,3,42,118,1,0.9946985244750977
DistilBERT,HAM-0397,2,42,119,0,0.009194184094667435
DistilBERT,SPAM-0386,4,42,120,1,0.99443119764328
DistilBERT,SPAM-0107,5,42,122,1,0.9955489635467529
DistilBERT,HAM-0324,2,42,123,0,0.007092740852385759
DistilBERT,SPAM-0466,1,42,125,1,0.9949793219566345
DistilBERT,SPAM-0287,3,42,126,1,0.9944023489952087
DistilBERT,SPAM-0204,4,42,127,1,0.9944710731506348
DistilBERT,SPAM-0412,5,42,128,1,0.9955276846885681
DistilBERT,SPAM-0024,4,42,130,1,0.9941125512123108
DistilBERT,SPAM-0277,1,42,131,1,0.9950109720230103
DistilBERT,SPAM-0123,2,42,132,1,0.9956459403038025
DistilBERT,SPAM-0416,5,42,133,1,0.9954013824462891
DistilBERT,HAM-0186,3,42,135,0,0.006898138206452131
DistilBERT,HAM-0473,3,42,136,0,0.0068608918227255344
DistilBERT,HAM-0366,1,42,137,0,0.008150380104780197
DistilBERT,HAM-0082,2,42,138,0,0.007322206161916256
DistilBERT,HAM-0455,4,42,139,0,0.00650761416181922
DistilBERT,HAM-0459,5,42,140,0,0.006129520013928413
DistilBERT,SPAM-0470,3,42,142,1,0.9944429993629456
DistilBERT,HAM-0451,1,42,143,0,0.008349897339940071
DistilBERT,HAM-0134,2,42,145,0,0.007292680907994509
DistilBERT,HAM-0323,4,42,146,0,0.006852446589618921
DistilBERT,HAM-0364,5,42,147,0,0.006043081171810627
DistilBERT,SPAM-0220,1,42,148,1,0.9949889779090881
DistilBERT,SPAM-0263,2,42,149,1,0.9956955909729004
DistilBERT,HAM-0090,3,42,150,0,0.0075810435228049755
DistilBERT,SPAM-0294,4,42,152,1,0.9944508075714111
DistilBERT,SPAM-0409,5,42,153,1,0.99564528465271
DistilBERT,SPAM-0227,1,42,154,1,0.9950279593467712
DistilBERT,HAM-0027,2,42,156,0,0.006856065709143877
DistilBERT,HAM-0396,3,42,157,0,0.008016952313482761
DistilBERT,HAM-0241,4,42,158,0,0.006763200741261244
DistilBERT,SPAM-0333,5,42,159,1,0.9955684542655945
DistilBERT,HAM-0437,1,42,161,0,0.008396731689572334
DistilBERT,HAM-0151,2,42,162,0,0.007346873637288809
DistilBERT,HAM-0499,3,42,163,0,0.006691234186291695
DistilBERT,SPAM-0067,4,42,165,1,0.9945951104164124
DistilBERT,HAM-0494,5,42,166,0,0.005965622141957283
DistilBERT,HAM-0363,4,42,167,0,0.006489121355116367
DistilBERT,SPAM-0206,1,42,168,1,0.9950193166732788
DistilBERT,HAM-0143,2,42,170,0,0.00773487938567996
DistilBERT,HAM-0133,3,42,171,0,0.007403543218970299
DistilBERT,SPAM-0188,5,42,172,1,0.9954322576522827
DistilBERT,SPAM-0240,3,42,173,1,0.9944370985031128
DistilBERT,HAM-0026,4,42,175,0,0.007258151192218065
DistilBERT,HAM-0500,1,42,176,0,0.009200077503919601
DistilBERT,HAM-0441,5,42,177,0,0.006881424225866795
DistilBERT,HAM-0111,2,42,178,0,0.013262713328003883
DistilBERT,HAM-0085,5,42,179,0,0.010030479170382023
DistilBERT,HAM-0395,1,42,181,0,0.00858089979737997
DistilBERT,SPAM-0027,2,42,182,1,0.9956538677215576
DistilBERT,HAM-0188,3,42,183,0,0.007098703179508448
DistilBERT,SPAM-0494,4,42,184,1,0.9943773150444031
DistilBERT,SPAM-0282,1,42,186,1,0.9949786067008972
DistilBERT,HAM-0166,2,42,187,0,0.009516284801065922
DistilBERT,SPAM-0342,5,42,188,1,0.9955986738204956
DistilBERT,SPAM-0251,3,42,189,1,0.994657576084137
DistilBERT,SPAM-0187,4,42,191,1,0.9946067929267883
DistilBERT,SPAM-0260,3,42,192,1,0.9944410920143127
DistilBERT,SPAM-0114,4,42,193,1,0.9945223331451416
DistilBERT,HAM-0452,1,42,194,0,0.008532971143722534
DistilBERT,SPAM-0373,2,42,196,1,0.9956966638565063
DistilBERT,SPAM-0460,5,42,197,1,0.9954847097396851
DistilBERT,SPAM-0129,2,42,198,1,0.9955320358276367
DistilBERT,HAM-0093,3,42,199,0,0.007122086361050606
DistilBERT,HAM-0266,1,42,201,0,0.007962514646351337
DistilBERT,HAM-0108,4,42,202,0,0.006521909032016993
DistilBERT,SPAM-0429,5,42,203,1,0.9955921769142151
DistilBERT,SPAM-0002,1,42,204,1,0.9949930310249329
DistilBERT,HAM-0372,4,42,206,0,0.0067521813325583935
DistilBERT,SPAM-0226,2,42,207,1,0.9951732754707336
DistilBERT,HAM-0123,3,42,208,0,0.007109624333679676
DistilBERT,SPAM-0231,5,42,209,1,0.995555579662323
DistilBERT,HAM-0019,3,42,211,0,0.010105977766215801
DistilBERT,HAM-0097,1,42,212,0,0.008434828370809555
DistilBERT,SPAM-0299,2,42,213,1,0.9955652356147766
DistilBERT,HAM-0422,4,42,214,0,0.0068297479301691055
DistilBERT,HAM-0288,5,42,216,0,0.006565748248249292
DistilBERT,SPAM-0318,1,42,217,1,0.9949067234992981
DistilBERT,HAM-0065,5,42,218,0,0.005971129983663559
DistilBERT,HAM-0078,2,42,220,0,0.009268718771636486
DistilBERT,SPAM-0005,3,42,221,1,0.9944702386856079
DistilBERT,HAM-0036,4,42,222,0,0.006608389317989349
DistilBERT,HAM-0128,2,42,223,0,0.010366874746978283
DistilBERT,HAM-0105,1,42,225,0,0.012344026938080788
DistilBERT,SPAM-0252,3,42,226,1,0.9944171905517578
DistilBERT,HAM-0345,4,42,227,0,0.006649062968790531
DistilBERT,HAM-0218,5,42,228,0,0.006106257904320955
DistilBERT,SPAM-0325,5,42,229,1,0.9956479668617249
DistilBERT,HAM-0381,1,42,231,0,0.007946252822875977
DistilBERT,SPAM-0486,2,42,232,1,0.9955908060073853
DistilBERT,SPAM-0488,3,42,233,1,0.9947218894958496
DistilBERT,HAM-0113,4,42,235,0,0.007071806117892265
DistilBERT,SPAM-0426,1,42,236,1,0.9950500130653381
DistilBERT,HAM-0320,3,42,237,0,0.006953956093639135
DistilBERT,SPAM-0467,2,42,238,1,0.9957082271575928
DistilBERT,HAM-0313,4,42,240,0,0.008175178430974483
DistilBERT,SPAM-0327,5,42,241,1,0.9951151609420776
DistilBERT,SPAM-0065,5,42,242,1,0.9956319332122803
DistilBERT,HAM-0375,1,42,243,0,0.008224351331591606
DistilBERT,HAM-0356,2,42,244,0,0.007170049473643303
DistilBERT,HAM-0367,3,42,245,0,0.00865497998893261
DistilBERT,SPAM-0433,4,42,247,1,0.9945042133331299
DistilBERT,HAM-0145,1,42,248,0,0.00981207750737667
DistilBERT,SPAM-0431,2,42,249,1,0.9955992698669434
DistilBERT,SPAM-0243,5,42,251,1,0.9955046772956848
DistilBERT,HAM-0448,3,42,252,0,0.008178806863725185
DistilBERT,HAM-0202,4,42,253,0,0.006493491120636463
DistilBERT,SPAM-0103,4,42,254,1,0.9944135546684265
DistilBERT,SPAM-0335,1,42,256,1,0.9951305389404297
DistilBERT,HAM-0373,2,42,257,0,0.007404365576803684
DistilBERT,SPAM-0031,3,42,258,1,0.9947353005409241
DistilBERT,HAM-0312,5,42,260,0,0.0061486512422561646
DistilBERT,SPAM-0301,1,42,261,1,0.9950875639915466
DistilBERT,SPAM-0200,2,42,262,1,0.995713472366333
DistilBERT,HAM-0091,3,42,263,0,0.00889642909169197
DistilBERT,SPAM-0069,4,42,265,1,0.9943451881408691
DistilBERT,SPAM-0420,5,42,266,1,0.9953292608261108
DistilBERT,HAM-0165,1,42,267,0,0.008663895539939404
DistilBERT,SPAM-0104,3,42,268,1,0.9942166805267334
DistilBERT,SPAM-0361,2,42,269,1,0.9956316947937012
DistilBERT,HAM-0172,5,42,271,0,0.00819320883601904
DistilBERT,HAM-0226,4,42,272,0,0.007253541611135006
DistilBERT,SPAM-0253,1,42,273,1,0.9949691891670227
DistilBERT,HAM-0171,2,42,275,0,0.0070988480001688
DistilBERT,HAM-0203,4,42,276,0,0.006590415257960558
DistilBERT,HAM-0497,3,42,277,0,0.007832798175513744
DistilBERT,HAM-0156,5,42,278,0,0.005891124717891216
DistilBERT,SPAM-0298,5,42,279,1,0.9953728318214417
DistilBERT,HAM-0340,1,42,280,0,0.009000017307698727
DistilBERT,SPAM-0216,2,42,282,1,0.9955339431762695
DistilBERT,SPAM-0177,3,42,283,1,0.9943938255310059
DistilBERT,HAM-0129,4,42,285,0,0.006969413720071316
DistilBERT,HAM-0449,2,42,286,0,0.007931605912744999
DistilBERT,HAM-0400,3,42,287,0,0.007021236699074507
DistilBERT,SPAM-0025,5,42,288,1,0.995509147644043
DistilBERT,HAM-0399,5,42,289,0,0.006037372164428234
DistilBERT,HAM-0142,1,42,291,0,0.008155121468007565
DistilBERT,SPAM-0205,4,42,292,1,0.9947792291641235
DistilBERT,HAM-0086,1,42,293,0,0.009499373845756054
DistilBERT,SPAM-0085,2,42,295,1,0.9956682920455933
DistilBERT,SPAM-0496,3,42,296,1,0.9945217370986938
DistilBERT,HAM-0456,4,42,297,0,0.006647542119026184
DistilBERT,SPAM-0014,4,42,298,1,0.9945244789123535
DistilBERT,HAM-0348,1,42,299,0,0.008574946783483028
DistilBERT,HAM-0304,2,42,301,0,0.00774279935285449
DistilBERT,HAM-0482,3,42,302,0,0.007153246086090803
DistilBERT,HAM-0087,5,42,303,0,0.006307391449809074
DistilBERT,HAM-0267,1,42,304,0,0.008658462204039097
DistilBERT,SPAM-0314,2,42,306,1,0.9956381916999817
DistilBERT,HAM-0287,5,42,307,0,0.005915750749409199
DistilBERT,SPAM-0464,3,42,308,1,0.9943671822547913
DistilBERT,HAM-0199,4,42,309,0,0.006855935323983431
DistilBERT,SPAM-0046,1,42,311,1,0.9949693083763123
DistilBERT,HAM-0493,2,42,312,0,0.0076584592461586
DistilBERT,SPAM-0341,3,42,313,1,0.9946277737617493
DistilBERT,SPAM-0356,4,42,314,1,0.994301438331604
DistilBERT,SPAM-0305,5,42,316,1,0.995371401309967
DistilBERT,HAM-0444,5,42,317,0,0.006438626907765865
DistilBERT,HAM-0362,1,42,318,0,0.008320081979036331
DistilBERT,SPAM-0156,2,42,320,1,0.9956485629081726
DistilBERT,HAM-0014,3,42,321,0,0.006846931762993336
DistilBERT,HAM-0447,4,42,322,0,0.006662645377218723
DistilBERT,SPAM-0445,1,42,323,1,0.9951085448265076
DistilBERT,SPAM-0451,4,42,324,1,0.9942123293876648
DistilBERT,SPAM-0495,2,42,326,1,0.995705783367157
DistilBERT,HAM-0230,5,42,327,0,0.0065392060205340385
DistilBERT,SPAM-0054,3,42,328,1,0.9943816065788269
DistilBERT,HAM-0045,1,42,330,0,0.008871207945048809
DistilBERT,HAM-0068,2,42,331,0,0.007136893924325705
DistilBERT,SPAM-0089,3,42,332,1,0.9943699240684509
DistilBERT,HAM-0467,4,42,333,0,0.006737722083926201
DistilBERT,HAM-0228,5,42,335,0,0.0069068074226379395
DistilBERT,HAM-0158,1,42,336,0,0.00805761106312275
DistilBERT,HAM-0003,2,42,337,0,0.0080160116776824
DistilBERT,SPAM-0394,4,42,338,1,0.9945830702781677
DistilBERT,SPAM-0209,5,42,340,1,0.9956177473068237
DistilBERT,HAM-0163,3,42,341,0,0.007588459178805351
DistilBERT,HAM-0394,3,42,342,0,0.008730660192668438
DistilBERT,SPAM-0322,1,42,343,1,0.9950801134109497
DistilBERT,HAM-0421,2,42,345,0,0.009855605661869049
DistilBERT,HAM-0079,4,42,346,0,0.006473127752542496
DistilBERT,SPAM-0436,5,42,347,1,0.9954089522361755
DistilBERT,HAM-0433,1,42,348,0,0.008509138599038124
DistilBERT,HAM-0127,2,42,350,0,0.00794754084199667
DistilBERT,HAM-0152,4,42,351,0,0.011536292731761932
DistilBERT,SPAM-0007,3,42,352,1,0.9943093061447144
DistilBERT,SPAM-0459,5,42,353,1,0.9956663846969604
DistilBERT,SPAM-0096,3,42,355,1,0.9945802092552185
DistilBERT,HAM-0300,1,42,356,0,0.008653344586491585
DistilBERT,HAM-0349,2,42,357,0,0.008099156431853771
DistilBERT,HAM-0096,5,42,358,0,0.006164544261991978
DistilBERT,HAM-0222,4,42,359,0,0.006661263294517994
DistilBERT,HAM-0284,4,42,361,0,0.006738169118762016
DistilBERT,SPAM-0192,1,42,362,1,0.9950396418571472
DistilBERT,HAM-0117,2,42,363,0,0.007158334366977215
DistilBERT,SPAM-0270,3,42,365,1,0.9942581653594971
DistilBERT,HAM-0140,5,42,366,0,0.006101828999817371
DistilBERT,SPAM-0482,2,42,367,1,0.9957231283187866
DistilBERT,SPAM-0077,1,42,368,1,0.9951413869857788
DistilBERT,HAM-0401,3,42,370,0,0.008149157278239727
DistilBERT,SPAM-0490,4,42,371,1,0.9947728514671326
DistilBERT,SPAM-0302,5,42,372,1,0.9950401186943054
DistilBERT,SPAM-0139,3,42,373,1,0.9945318698883057
DistilBERT,HAM-0175,1,42,374,0,0.008186234161257744
DistilBERT,HAM-0119,2,42,376,0,0.007126116659492254
DistilBERT,SPAM-0035,4,42,377,1,0.9946282505989075
DistilBERT,HAM-0051,5,42,378,0,0.006350771989673376
DistilBERT,HAM-0028,1,42,379,0,0.00859837420284748
DistilBERT,HAM-0178,5,42,380,0,0.006766323931515217
DistilBERT,HAM-0257,2,42,382,0,0.009395834058523178
DistilBERT,HAM-0462,3,42,383,0,0.007757827639579773
DistilBERT,SPAM-0264,4,42,384,1,0.9944625496864319
DistilBERT,HAM-0072,1,42,386,0,0.012427681125700474
DistilBERT,HAM-0379,2,42,387,0,0.00730931106954813
DistilBERT,SPAM-0256,4,42,388,1,0.994270920753479
DistilBERT,SPAM-0102,3,42,390,1,0.9944794178009033
DistilBERT,HAM-0277,5,42,391,0,0.00587014714255929
DistilBERT,HAM-0347,1,42,392,0,0.008724703453481197
DistilBERT,HAM-0200,2,42,393,0,0.006936197634786367
DistilBERT,SPAM-0030,4,42,395,1,0.9946574568748474
DistilBERT,SPAM-0463,5,42,396,1,0.9954919219017029
DistilBERT,HAM-0454,3,42,398,0,0.007485238369554281
DistilBERT,HAM-0040,1,42,399,0,0.008901399560272694
DistilBERT,HAM-0365,2,42,401,0,0.008035661652684212
DistilBERT,SPAM-0116,3,42,402,1,0.9944118857383728
DistilBERT,HAM-0074,4,42,403,0,0.006668135058134794
DistilBERT,HAM-0301,5,42,404,0,0.00618449691683054
DistilBERT,HAM-0486,1,42,406,0,0.008364871144294739
DistilBERT,SPAM-0414,2,42,407,1,0.9956265687942505
DistilBERT,SPAM-0056,4,42,408,1,0.9944018721580505
DistilBERT,HAM-0445,3,42,409,0,0.0077872793190181255
DistilBERT,HAM-0289,5,42,411,0,0.006703473161906004
DistilBERT,SPAM-0441,5,42,412,1,0.9955477714538574
DistilBERT,SPAM-0182,1,42,413,1,0.9950377345085144
DistilBERT,SPAM-0250,2,42,414,1,0.9956173896789551
DistilBERT,SPAM-0185,3,42,416,1,0.9946582913398743
DistilBERT,SPAM-0208,4,42,417,1,0.9947230815887451
DistilBERT,HAM-0439,3,42,418,0,0.007118795998394489
DistilBERT,HAM-0291,4,42,419,0,0.00727843726053834
DistilBERT,SPAM-0175,1,42,420,1,0.9950659275054932
DistilBERT,HAM-0109,2,42,421,0,0.007457840256392956
DistilBERT,HAM-0022,5,42,423,0,0.006409434136003256
DistilBERT,HAM-0271,1,42,424,0,0.00815533846616745
DistilBERT,SPAM-0160,3,42,426,1,0.9943800568580627
DistilBERT,HAM-0170,2,42,427,0,0.008046813309192657
DistilBERT,HAM-0402,4,42,428,0,0.006455221213400364
DistilBERT,HAM-0331,5,42,429,0,0.006535536143928766
DistilBERT,SPAM-0344,1,42,430,1,0.9950620532035828
DistilBERT,HAM-0043,4,42,432,0,0.006520367227494717
DistilBERT,HAM-0088,2,42,433,0,0.007265845313668251
DistilBERT,HAM-0360,3,42,434,0,0.007815844379365444
DistilBERT,SPAM-0365,5,42,436,1,0.995621383190155
DistilBERT,HAM-0029,1,42,437,0,0.009145026095211506
DistilBERT,HAM-0244,4,42,438,0,0.006752533372491598
DistilBERT,HAM-0495,2,42,439,0,0.007296802941709757
DistilBERT,SPAM-0075,3,42,441,1,0.9945958256721497
DistilBERT,SPAM-0202,5,42,442,1,0.995571494102478
DistilBERT,HAM-0048,1,42,443,0,0.008868505246937275
DistilBERT,SPAM-0180,2,42,444,1,0.9957605004310608
DistilBERT,HAM-0333,5,42,446,0,0.006218951661139727
DistilBERT,HAM-0440,3,42,447,0,0.00854838639497757
DistilBERT,HAM-0335,4,42,448,0,0.006725195795297623
DistilBERT,HAM-0042,1,42,449,0,0.00865947362035513
DistilBERT,SPAM-0091,1,42,451,1,0.9951611161231995
DistilBERT,HAM-0351,2,42,452,0,0.007751017808914185
DistilBERT,SPAM-0254,3,42,453,1,0.994222104549408
DistilBERT,SPAM-0171,4,42,454,1,0.9946125745773315
DistilBERT,SPAM-0472,5,42,456,1,0.9956039190292358
DistilBERT,SPAM-0068,2,42,457,1,0.9955488443374634
DistilBERT,SPAM-0122,4,42,458,1,0.9946946501731873
DistilBERT,SPAM-0393,5,42,459,1,0.9953740239143372
DistilBERT,SPAM-0009,1,42,460,1,0.9946925044059753
DistilBERT,SPAM-0086,3,42,461,1,0.994418740272522
DistilBERT,HAM-0408,1,42,463,0,0.00854753889143467
DistilBERT,SPAM-0196,2,42,464,1,0.9955505132675171
DistilBERT,HAM-0182,3,42,465,0,0.006794358137995005
DistilBERT,HAM-0130,4,42,467,0,0.007689422927796841
DistilBERT,HAM-0270,5,42,468,0,0.0063176448456943035
DistilBERT,HAM-0318,1,42,469,0,0.011404293589293957
DistilBERT,HAM-0099,2,42,470,0,0.007256688550114632
DistilBERT,HAM-0124,3,42,471,0,0.008025423623621464
DistilBERT,HAM-0269,5,42,473,0,0.0063236854039132595
DistilBERT,SPAM-0020,4,42,474,1,0.99470055103302
DistilBERT,HAM-0471,1,42,475,0,0.008375156670808792
DistilBERT,SPAM-0398,2,42,477,1,0.9956833124160767
DistilBERT,SPAM-0283,3,42,478,1,0.9942150712013245
DistilBERT,HAM-0413,4,42,479,0,0.007262509781867266
DistilBERT,HAM-0221,5,42,480,0,0.005980817135423422
DistilBERT,SPAM-0480,2,42,482,1,0.9956319332122803
DistilBERT,SPAM-0413,1,42,483,1,0.9950854182243347
DistilBERT,HAM-0258,4,42,484,0,0.006752145942300558
DistilBERT,SPAM-0497,3,42,485,1,0.9944756627082825
DistilBERT,SPAM-0138,5,42,486,1,0.9954890608787537
DistilBERT,SPAM-0363,1,42,488,1,0.9950830936431885
DistilBERT,HAM-0370,2,42,489,0,0.008229108527302742
DistilBERT,HAM-0272,3,42,490,0,0.006780227180570364
DistilBERT,SPAM-0019,4,42,492,1,0.9946106672286987
DistilBERT,SPAM-0247,5,42,493,1,0.9955508708953857
DistilBERT,SPAM-0173,3,42,494,1,0.9942449927330017
DistilBERT,HAM-0273,2,42,495,0,0.006854042876511812
DistilBERT,HAM-0009,4,42,497,0,0.0067482260055840015
DistilBERT,HAM-0250,5,42,498,0,0.0062632267363369465
DistilBERT,SPAM-0268,3,42,499,1,0.9947136044502258
DistilBERT,HAM-0248,1,42,500,0,0.008749588392674923
DistilBERT,SPAM-0437,1,42,502,1,0.9949668049812317
DistilBERT,HAM-0479,2,42,503,0,0.007516918238252401
DistilBERT,HAM-0342,4,42,504,0,0.006820987910032272
DistilBERT,SPAM-0281,5,42,505,1,0.9955192804336548
DistilBERT,HAM-0031,2,42,507,0,0.012319738045334816
DistilBERT,HAM-0192,1,42,508,0,0.008216171525418758
DistilBERT,HAM-0234,4,42,509,0,0.0066357203759253025
DistilBERT,HAM-0259,3,42,510,0,0.009647090919315815
DistilBERT,SPAM-0376,5,42,512,1,0.9954356551170349
DistilBERT,HAM-0155,1,42,513,0,0.008053298108279705
DistilBERT,HAM-0070,5,42,514,0,0.00598053727298975
DistilBERT,HAM-0237,2,42,515,0,0.007816568948328495
DistilBERT,SPAM-0417,3,42,516,1,0.9944155216217041
DistilBERT,SPAM-0462,4,42,518,1,0.9945706725120544
DistilBERT,SPAM-0158,1,42,519,1,0.9949536919593811
DistilBERT,HAM-0077,2,42,520,0,0.0074859680607914925
DistilBERT,SPAM-0161,3,42,521,1,0.9947267174720764
DistilBERT,SPAM-0115,4,42,523,1,0.9947478175163269
DistilBERT,SPAM-0032,5,42,524,1,0.9955247640609741
DistilBERT,SPAM-0149,1,42,525,1,0.9949709177017212
DistilBERT,HAM-0174,5,42,526,0,0.006265611387789249
DistilBERT,HAM-0173,2,42,528,0,0.007599303033202887
DistilBERT,SPAM-0176,3,42,529,1,0.9944270849227905
DistilBERT,SPAM-0003,4,42,530,1,0.9945606589317322
DistilBERT,SPAM-0352,3,42,532,1,0.9944754242897034
DistilBERT,SPAM-0347,1,42,533,1,0.9949799180030823
DistilBERT,SPAM-0012,2,42,534,1,0.9955867528915405
DistilBERT,HAM-0252,4,42,535,0,0.007741560693830252
DistilBERT,SPAM-0419,5,42,537,1,0.995711088180542
DistilBERT,SPAM-0317,3,42,538,1,0.9944424033164978
DistilBERT,HAM-0201,1,42,539,0,0.007947447709739208
DistilBERT,SPAM-0284,2,42,540,1,0.9956795573234558
DistilBERT,SPAM-0291,4,42,541,1,0.994607150554657
DistilBERT,SPAM-0388,5,42,542,1,0.995505690574646
DistilBERT,SPAM-0407,4,42,544,1,0.9943189024925232
DistilBERT,SPAM-0461,1,42,545,1,0.9950984120368958
DistilBERT,SPAM-0265,2,42,547,1,0.9955496788024902
DistilBERT,SPAM-0135,3,42,548,1,0.9946744441986084
DistilBERT,HAM-0321,5,42,549,0,0.006016217637807131
DistilBERT,SPAM-0223,3,42,550,1,0.9942789077758789
DistilBERT,SPAM-0476,4,42,551,1,0.9944973587989807
DistilBERT,HAM-0481,5,42,553,0,0.0064777350053191185
DistilBERT,HAM-0101,1,42,554,0,0.008735225535929203
DistilBERT,SPAM-0415,2,42,555,1,0.9951909780502319
DistilBERT,SPAM-0010,1,42,556,1,0.9949398040771484
DistilBERT,SPAM-0309,2,42,558,1,0.9955899715423584
DistilBERT,SPAM-0311,3,42,559,1,0.9947825074195862
DistilBERT,SPAM-0229,4,42,560,1,0.9945263266563416
DistilBERT,HAM-0368,5,42,561,0,0.005933706182986498
DistilBERT,HAM-0478,2,42,563,0,0.007529717404395342
DistilBERT,HAM-0390,3,42,564,0,0.009633234702050686
DistilBERT,HAM-0290,1,42,565,0,0.008534778840839863
DistilBERT,SPAM-0066,4,42,567,1,0.9942942261695862
DistilBERT,SPAM-0435,3,42,313,1,0.9945145845413208
DistilBERT,SPAM-0383,5,42,568,1,0.9955982565879822
DistilBERT,HAM-0210,1,42,569,0,0.007917164824903011
DistilBERT,SPAM-0099,2,42,570,1,0.9955921769142151
DistilBERT,SPAM-0293,5,42,572,1,0.9956302642822266
DistilBERT,HAM-0195,3,42,573,0,0.0071567208506166935
DistilBERT,HAM-0217,4,42,574,0,0.006573696620762348
DistilBERT,HAM-0016,3,42,575,0,0.007204445078969002
DistilBERT,HAM-0341,1,42,577,0,0.008359666913747787
DistilBERT,HAM-0214,2,42,578,0,0.008473820984363556
DistilBERT,SPAM-0449,4,42,579,1,0.9945645332336426
DistilBERT,SPAM-0151,5,42,580,1,0.9954674243927002
DistilBERT,HAM-0193,2,42,582,0,0.00738378195092082
DistilBERT,SPAM-0484,5,42,583,1,0.9956141710281372
DistilBERT,HAM-0041,1,42,584,0,0.009045103564858437
DistilBERT,SPAM-0201,3,42,585,1,0.99460768699646
DistilBERT,HAM-0275,4,42,586,0,0.007038109470158815
DistilBERT,HAM-0196,5,42,588,0,0.005950899329036474
DistilBERT,SPAM-0049,4,42,589,1,0.9943892359733582
DistilBERT,HAM-0095,1,42,590,0,0.009882450103759766
DistilBERT,HAM-0380,2,42,591,0,0.007265686988830566
DistilBERT,SPAM-0456,3,42,593,1,0.9944767355918884
DistilBERT,SPAM-0384,5,42,594,1,0.9952282905578613
DistilBERT,HAM-0209,2,42,595,0,0.007925019599497318
DistilBERT,SPAM-0434,1,42,597,1,0.9949744939804077
DistilBERT,HAM-0398,4,42,598,0,0.006597898900508881
DistilBERT,SPAM-0364,3,42,599,1,0.9944281578063965
DistilBERT,SPAM-0043,5,42,600,1,0.9956054091453552
DistilBERT,SPAM-0438,1,42,601,1,0.9946421384811401
DistilBERT,HAM-0423,2,42,603,0,0.007147504948079586
DistilBERT,SPAM-0443,4,42,604,1,0.9944398403167725
DistilBERT,SPAM-0233,3,42,605,1,0.9942065477371216
DistilBERT,SPAM-0183,5,42,606,1,0.9955730438232422
DistilBERT,SPAM-0117,1,42,608,1,0.995074450969696
DistilBERT,SPAM-0492,5,42,609,1,0.9953387975692749
DistilBERT,SPAM-0166,2,42,610,1,0.9956735968589783
DistilBERT,SPAM-0343,3,42,612,1,0.9943645000457764
DistilBERT,HAM-0189,4,42,613,0,0.006410502828657627
DistilBERT,HAM-0386,1,42,614,0,0.009138784371316433
DistilBERT,SPAM-0134,2,42,615,1,0.9956800937652588
DistilBERT,SPAM-0308,3,42,617,1,0.9944630265235901
DistilBERT,HAM-0427,4,42,618,0,0.006592543795704842
DistilBERT,SPAM-0144,5,42,619,1,0.99556964635849
DistilBERT,SPAM-0038,1,42,620,1,0.9949475526809692
DistilBERT,SPAM-0278,3,42,622,1,0.9946104288101196
DistilBERT,HAM-0049,4,42,623,0,0.006468957755714655
DistilBERT,SPAM-0381,2,42,624,1,0.9957109689712524
DistilBERT,SPAM-0070,5,42,625,1,0.9956054091453552
DistilBERT,SPAM-0340,1,42,627,1,0.9950770735740662
DistilBERT,SPAM-0106,3,42,628,1,0.9943543672561646
DistilBERT,SPAM-0071,2,42,629,1,0.9957085847854614
DistilBERT,HAM-0063,4,42,630,0,0.006651738192886114
DistilBERT,HAM-0308,5,42,632,0,0.005959094036370516
DistilBERT,SPAM-0424,5,42,633,1,0.9954798221588135
DistilBERT,SPAM-0399,1,42,634,1,0.9950120449066162
DistilBERT,SPAM-0034,3,42,635,1,0.9944830536842346
DistilBERT,SPAM-0316,2,42,637,1,0.9955607652664185
DistilBERT,HAM-0243,4,42,638,0,0.00675596809014678
DistilBERT,SPAM-0403,1,42,639,1,0.9950459003448486
DistilBERT,SPAM-0159,5,42,640,1,0.9953953623771667
DistilBERT,SPAM-0092,2,42,641,1,0.9957102537155151
DistilBERT,HAM-0327,3,42,642,0,0.010077440179884434
DistilBERT,SPAM-0153,4,42,644,1,0.9944676160812378
DistilBERT,SPAM-0378,1,42,645,1,0.9949470162391663
DistilBERT,SPAM-0328,3,42,647,1,0.9947599768638611
DistilBERT,HAM-0058,2,42,648,0,0.008033487014472485
DistilBERT,HAM-0223,4,42,649,0,0.0064520929008722305
DistilBERT,SPAM-0248,5,42,650,1,0.9953044652938843
DistilBERT,HAM-0450,1,42,652,0,0.008342569693922997
DistilBERT,HAM-0412,4,42,653,0,0.007102195173501968
DistilBERT,HAM-0046,3,42,654,0,0.006990738213062286
DistilBERT,HAM-0251,2,42,655,0,0.009310280904173851
DistilBERT,HAM-0050,5,42,656,0,0.006271435413509607
DistilBERT,SPAM-0113,1,42,657,1,0.9950817823410034
DistilBERT,HAM-0035,3,42,659,0,0.00843999907374382
DistilBERT,SPAM-0109,5,42,660,1,0.9956352114677429
DistilBERT,HAM-0069,2,42,662,0,0.01265383418649435
DistilBERT,HAM-0212,4,42,663,0,0.00687775295227766
DistilBERT,HAM-0247,4,42,664,0,0.006604209076613188
DistilBERT,HAM-0017,1,42,665,0,0.007935008965432644
DistilBERT,SPAM-0296,2,42,666,1,0.9955606460571289
DistilBERT,HAM-0430,3,42,667,0,0.007345499470829964
DistilBERT,SPAM-0387,5,42,669,1,0.9955127835273743
DistilBERT,HAM-0194,2,42,670,0,0.009402035735547543
DistilBERT,HAM-0283,4,42,671,0,0.0074148462153971195
DistilBERT,SPAM-0455,3,42,673,1,0.994620680809021
DistilBERT,HAM-0472,1,42,674,0,0.00810091570019722
DistilBERT,SPAM-0319,5,42,675,1,0.9955368041992188
DistilBERT,HAM-0236,1,42,676,0,0.009425223805010319
DistilBERT,SPAM-0045,3,42,678,1,0.9946178793907166
DistilBERT,HAM-0435,5,42,679,0,0.006342617329210043
DistilBERT,SPAM-0058,2,42,680,1,0.9957007765769958
DistilBERT,HAM-0475,4,42,681,0,0.00661071902140975
DistilBERT,SPAM-0375,4,42,682,1,0.9947356581687927
DistilBERT,SPAM-0225,1,42,684,1,0.9951463341712952
DistilBERT,HAM-0229,2,42,685,0,0.008187049999833107
DistilBERT,SPAM-0042,3,42,687,1,0.9943882822990417
DistilBERT,HAM-0403,5,42,688,0,0.0059272525832057
DistilBERT,SPAM-0405,3,42,689,1,0.994568943977356
DistilBERT,HAM-0183,4,42,690,0,0.006564696319401264
DistilBERT,HAM-0357,1,42,692,0,0.00806566420942545
DistilBERT,SPAM-0346,2,42,693,1,0.995608389377594
DistilBERT,SPAM-0286,5,42,694,1,0.9954989552497864
DistilBERT,SPAM-0053,2,42,695,1,0.9955695271492004
DistilBERT,HAM-0083,1,42,697,0,0.007995279505848885
DistilBERT,HAM-0385,3,42,698,0,0.008049204014241695
DistilBERT,HAM-0387,4,42,699,0,0.006622709799557924
DistilBERT,HAM-0460,5,42,700,0,0.006524678785353899
DistilBERT,HAM-0392,1,42,701,0,0.008241824805736542
DistilBERT,HAM-0431,2,42,703,0,0.00801645964384079
DistilBERT,SPAM-0401,3,42,704,1,0.9945809245109558
DistilBERT,SPAM-0368,4,42,705,1,0.9945101737976074
DistilBERT,HAM-0139,5,42,706,0,0.006696399301290512
DistilBERT,HAM-0185,1,42,707,0,0.008130043745040894
DistilBERT,HAM-0294,2,42,709,0,0.007119577843695879
DistilBERT,HAM-0033,3,42,710,0,0.0076692127622663975
DistilBERT,HAM-0071,4,42,712,0,0.007081998512148857
DistilBERT,HAM-0062,5,42,713,0,0.007094073109328747
DistilBERT,SPAM-0055,5,42,714,1,0.9954594969749451
DistilBERT,HAM-0066,1,42,715,0,0.008405206725001335
DistilBERT,SPAM-0218,2,42,716,1,0.9956303834915161
DistilBERT,HAM-0434,3,42,718,0,0.006849363911896944
DistilBERT,HAM-0047,4,42,719,0,0.008863351307809353
DistilBERT,HAM-0075,1,42,720,0,0.012472368776798248
DistilBERT,SPAM-0093,2,42,721,1,0.9954503178596497
DistilBERT,SPAM-0273,3,42,722,1,0.9942446351051331
DistilBERT,HAM-0261,4,42,724,0,0.007923764176666737
DistilBERT,HAM-0406,5,42,725,0,0.0069801537320017815
DistilBERT,HAM-0316,1,42,727,0,0.008205315098166466
DistilBERT,SPAM-0189,2,42,728,1,0.9955471754074097
DistilBERT,HAM-0474,3,42,729,0,0.006841415073722601
DistilBERT,SPAM-0073,4,42,730,1,0.9944933652877808
DistilBERT,SPAM-0262,5,42,732,1,0.9955423474311829
DistilBERT,HAM-0468,3,42,733,0,0.006985093932598829
DistilBERT,SPAM-0279,1,42,734,1,0.9947566986083984
DistilBERT,SPAM-0026,2,42,735,1,0.9956694841384888
DistilBERT,HAM-0465,4,42,737,0,0.0066889142617583275
DistilBERT,HAM-0057,5,42,738,0,0.008628872223198414
DistilBERT,HAM-0457,2,42,739,0,0.007085731718689203
DistilBERT,SPAM-0023,3,42,740,1,0.9943171143531799
DistilBERT,SPAM-0483,1,42,742,1,0.9950276017189026
DistilBERT,SPAM-0098,4,42,743,1,0.994675874710083
DistilBERT,SPAM-0422,5,42,744,1,0.995603084564209
DistilBERT,HAM-0211,4,42,745,0,0.00667005917057395
DistilBERT,SPAM-0271,1,42,746,1,0.9951565861701965
DistilBERT,HAM-0120,5,42,747,0,0.0059694633819162846
DistilBERT,SPAM-0033,3,42,749,1,0.9943074584007263
DistilBERT,SPAM-0334,2,42,750,1,0.9955957531929016
DistilBERT,HAM-0169,1,42,751,0,0.008715972304344177
DistilBERT,SPAM-0050,2,42,753,1,0.995722770690918
DistilBERT,SPAM-0313,3,42,754,1,0.9943333864212036
DistilBERT,HAM-0208,4,42,755,0,0.007117660716176033
DistilBERT,SPAM-0061,5,42,757,1,0.9955744743347168
DistilBERT,SPAM-0306,1,42,758,1,0.9949992895126343
DistilBERT,HAM-0115,2,42,759,0,0.01124528143554926
DistilBERT,SPAM-0078,3,42,760,1,0.9946708083152771
DistilBERT,HAM-0080,4,42,761,0,0.006730183027684689
DistilBERT,HAM-0371,5,42,762,0,0.005859163589775562
DistilBERT,SPAM-0041,1,42,764,1,0.9951393604278564
DistilBERT,SPAM-0320,2,42,765,1,0.995540201663971
DistilBERT,SPAM-0039,5,42,766,1,0.9954447746276855
DistilBERT,SPAM-0111,3,42,768,1,0.9947044253349304
DistilBERT,SPAM-0197,4,42,769,1,0.9947234392166138
DistilBERT,HAM-0254,3,42,770,0,0.006986965890973806
DistilBERT,SPAM-0181,1,42,772,1,0.9951338171958923
DistilBERT,SPAM-0051,2,42,773,1,0.9956069588661194
DistilBERT,HAM-0483,4,42,774,0,0.006784338504076004
DistilBERT,SPAM-0063,5,42,775,1,0.9951991438865662
DistilBERT,SPAM-0219,1,42,776,1,0.9951436519622803
DistilBERT,HAM-0426,2,42,777,0,0.007818851619958878
DistilBERT,SPAM-0121,3,42,779,1,0.9946433305740356
DistilBERT,SPAM-0450,4,42,780,1,0.9944977164268494
DistilBERT,HAM-0157,2,42,782,0,0.007635429035872221
DistilBERT,HAM-0490,5,42,783,0,0.00653142249211669
DistilBERT,HAM-0137,4,42,784,0,0.006794088054448366
DistilBERT,HAM-0225,5,42,785,0,0.0066640968434512615
DistilBERT,HAM-0227,1,42,786,0,0.008953147567808628
DistilBERT,HAM-0377,2,42,788,0,0.008028488606214523
DistilBERT,SPAM-0345,3,42,789,1,0.9946133494377136
DistilBERT,SPAM-0338,2,42,790,1,0.9956843852996826
DistilBERT,HAM-0121,1,42,791,0,0.008853194303810596
DistilBERT,SPAM-0485,4,42,792,1,0.9947446584701538
DistilBERT,SPAM-0289,5,42,794,1,0.9956514239311218
DistilBERT,SPAM-0221,3,42,795,1,0.9946337938308716
DistilBERT,SPAM-0203,1,42,797,1,0.9951152801513672
DistilBERT,SPAM-0337,2,42,798,1,0.995707094669342
DistilBERT,HAM-0164,4,42,799,0,0.006914687342941761
DistilBERT,HAM-0315,5,42,800,0,0.005980264861136675
DistilBERT,HAM-0477,3,42,801,0,0.007498078979551792
DistilBERT,SPAM-0184,1,42,803,1,0.9951297044754028
DistilBERT,HAM-0064,2,42,804,0,0.006897063925862312
DistilBERT,SPAM-0321,4,42,805,1,0.9946659803390503
DistilBERT,HAM-0369,3,42,807,0,0.0076769753359258175
DistilBERT,SPAM-0170,5,42,808,1,0.9954636693000793
DistilBERT,SPAM-0323,1,42,809,1,0.9950826168060303
DistilBERT,HAM-0012,5,42,810,0,0.006890042219310999
DistilBERT,SPAM-0087,2,42,811,1,0.9953721165657043
DistilBERT,SPAM-0097,3,42,813,1,0.9943516254425049
DistilBERT,HAM-0310,4,42,814,0,0.007389998063445091
DistilBERT,HAM-0338,3,42,815,0,0.006745956838130951
DistilBERT,SPAM-0272,1,42,817,1,0.9949073195457458
DistilBERT,HAM-0458,2,42,818,0,0.008031511679291725
DistilBERT,HAM-0242,4,42,819,0,0.00647868262603879
DistilBERT,HAM-0393,5,42,820,0,0.006132506299763918
DistilBERT,HAM-0268,1,42,821,0,0.008299972862005234
DistilBERT,HAM-0255,2,42,823,0,0.007922501303255558
DistilBERT,HAM-0332,3,42,824,0,0.006758067291229963
DistilBERT,SPAM-0408,4,42,825,1,0.9946639537811279
DistilBERT,HAM-0144,5,42,826,0,0.006990592461079359
DistilBERT,HAM-0098,1,42,828,0,0.008623567409813404
DistilBERT,SPAM-0432,3,42,829,1,0.9944975972175598
DistilBERT,HAM-0411,2,42,830,0,0.008198759518563747
DistilBERT,HAM-0089,4,42,831,0,0.0065400791354477406
DistilBERT,SPAM-0028,5,42,833,1,0.9953716397285461
DistilBERT,HAM-0438,1,42,834,0,0.008410829119384289
DistilBERT,HAM-0416,2,42,835,0,0.007383823394775391
DistilBERT,SPAM-0126,3,42,837,1,0.9944087862968445
DistilBERT,SPAM-0389,4,42,838,1,0.9944387674331665
DistilBERT,SPAM-0360,5,42,839,1,0.9955688118934631
DistilBERT,SPAM-0276,3,42,840,1,0.9943801760673523
DistilBERT,SPAM-0374,5,42,561,1,0.9953259229660034
DistilBERT,HAM-0303,1,42,842,0,0.008988146670162678
DistilBERT,SPAM-0310,2,42,843,1,0.9956626296043396
DistilBERT,HAM-0346,4,42,844,0,0.0067239124327898026
DistilBERT,SPAM-0255,5,42,845,1,0.9956081509590149
DistilBERT,HAM-0015,5,42,846,0,0.0060486202128231525
DistilBERT,SPAM-0380,1,42,847,1,0.9949584603309631
DistilBERT,HAM-0264,2,42,849,0,0.008133296854794025
DistilBERT,SPAM-0164,3,42,850,1,0.9942111372947693
DistilBERT,SPAM-0249,4,42,852,1,0.9945747256278992
DistilBERT,HAM-0167,4,42,853,0,0.006922510918229818
DistilBERT,SPAM-0423,5,42,854,1,0.9955780506134033
DistilBERT,HAM-0116,1,42,855,0,0.00835256278514862
DistilBERT,HAM-0198,2,42,857,0,0.007996531203389168
DistilBERT,HAM-0280,3,42,858,0,0.008139166049659252
DistilBERT,HAM-0480,2,42,859,0,0.007628574036061764
DistilBERT,SPAM-0017,1,42,860,1,0.9950211048126221
DistilBERT,HAM-0138,3,42,861,0,0.007115126587450504
DistilBERT,SPAM-0037,4,42,863,1,0.9946284890174866
DistilBERT,SPAM-0469,5,42,864,1,0.9955952763557434
DistilBERT,SPAM-0157,1,42,865,1,0.9950957894325256
DistilBERT,HAM-0292,4,42,867,0,0.007120349444448948
DistilBERT,HAM-0344,2,42,868,0,0.007115274667739868
DistilBERT,HAM-0110,3,42,869,0,0.009182658046483994
DistilBERT,SPAM-0118,5,42,870,1,0.9953521490097046
DistilBERT,SPAM-0493,1,42,872,1,0.9950597882270813
DistilBERT,HAM-0010,2,42,873,0,0.008331223390996456
DistilBERT,SPAM-0390,4,42,874,1,0.9946925044059753
DistilBERT,HAM-0297,3,42,875,0,0.008220111951231956
DistilBERT,HAM-0191,5,42,877,0,0.006017629522830248
DistilBERT,SPAM-0008,3,42,878,1,0.9942072629928589
DistilBERT,SPAM-0307,1,42,879,1,0.9949254989624023
DistilBERT,HAM-0407,2,42,880,0,0.007546508684754372
DistilBERT,HAM-0038,4,42,882,0,0.007475963328033686
DistilBERT,HAM-0181,5,42,883,0,0.006101212464272976
DistilBERT,SPAM-0358,1,42,884,1,0.9950681924819946
DistilBERT,HAM-0428,2,42,885,0,0.006941983941942453
DistilBERT,HAM-0039,3,42,887,0,0.010373941622674465
DistilBERT,SPAM-0371,4,42,888,1,0.9945437908172607
DistilBERT,SPAM-0241,5,42,889,1,0.9955018162727356
DistilBERT,SPAM-0257,4,42,890,1,0.9940416216850281
DistilBERT,SPAM-0048,2,42,891,1,0.9956585168838501
DistilBERT,SPAM-0471,4,42,893,1,0.9945829510688782
DistilBERT,SPAM-0168,1,42,894,1,0.9950130581855774
DistilBERT,HAM-0092,3,42,895,0,0.007257904391735792
DistilBERT,SPAM-0288,5,42,896,1,0.9954670667648315
DistilBERT,SPAM-0162,1,42,898,1,0.9949988126754761
DistilBERT,HAM-0293,3,42,899,0,0.007030997890979052
DistilBERT,HAM-0329,2,42,900,0,0.007945703342556953
DistilBERT,SPAM-0458,4,42,901,1,0.9945586323738098
DistilBERT,HAM-0205,5,42,903,0,0.006201924290508032
DistilBERT,SPAM-0167,1,42,904,1,0.9950624108314514
DistilBERT,HAM-0489,2,42,905,0,0.006930075120180845
DistilBERT,SPAM-0400,3,42,907,1,0.994415283203125
DistilBERT,SPAM-0402,4,42,908,1,0.9946963787078857
DistilBERT,SPAM-0169,5,42,909,1,0.9955131411552429
DistilBERT,HAM-0417,1,42,910,0,0.008120683021843433
DistilBERT,HAM-0162,5,42,911,0,0.006277360953390598
DistilBERT,HAM-0006,2,42,913,0,0.007540454156696796
DistilBERT,SPAM-0440,3,42,914,1,0.9944419264793396
DistilBERT,SPAM-0489,4,42,915,1,0.9946058392524719
DistilBERT,SPAM-0198,1,42,916,1,0.9949846267700195
DistilBERT,HAM-0484,3,42,918,0,0.007829715497791767
DistilBERT,SPAM-0235,5,42,919,1,0.9956988096237183
DistilBERT,HAM-0339,4,42,920,0,0.006759790237993002
DistilBERT,HAM-0424,2,42,921,0,0.007707176264375448
DistilBERT,HAM-0103,1,42,922,0,0.00818504486232996
DistilBERT,HAM-0239,2,42,924,0,0.0076888264156877995
DistilBERT,SPAM-0154,4,42,567,1,0.9945788383483887
DistilBERT,HAM-0232,3,42,925,0,0.008822018280625343
DistilBERT,SPAM-0044,4,42,926,1,0.9942150712013245
DistilBERT,SPAM-0427,5,42,927,1,0.9953173398971558
DistilBERT,HAM-0052,2,42,929,0,0.009058840572834015
DistilBERT,HAM-0249,1,42,930,0,0.008675995282828808
DistilBERT,HAM-0246,3,42,931,0,0.011504167690873146
DistilBERT,SPAM-0101,4,42,932,1,0.9945889711380005
DistilBERT,SPAM-0131,5,42,934,1,0.995528519153595
DistilBERT,HAM-0112,3,42,935,0,0.008046912029385567
DistilBERT,HAM-0141,5,42,936,0,0.005891621578484774
DistilBERT,HAM-0279,4,42,937,0,0.006787867750972509
DistilBERT,SPAM-0076,1,42,939,1,0.9950064420700073
DistilBERT,HAM-0278,2,42,940,0,0.00880988035351038
DistilBERT,SPAM-0052,4,42,941,1,0.9946303367614746
DistilBERT,HAM-0207,1,42,943,0,0.00821665395051241
DistilBERT,HAM-0220,2,42,944,0,0.028061846271157265
DistilBERT,HAM-0491,3,42,945,0,0.0077994465827941895
DistilBERT,SPAM-0266,5,42,946,1,0.995283305644989
DistilBERT,HAM-0263,1,42,947,0,0.009179140441119671
DistilBERT,HAM-0453,2,42,949,0,0.007193488534539938
DistilBERT,SPAM-0447,3,42,950,1,0.9943013191223145
DistilBERT,HAM-0355,4,42,951,0,0.00646221823990345
DistilBERT,HAM-0081,1,42,513,0,0.008009257726371288
DistilBERT,SPAM-0473,5,42,953,1,0.995498538017273
DistilBERT,HAM-0044,5,42,954,0,0.007119898684322834
DistilBERT,HAM-0298,1,42,955,0,0.00817051436752081
DistilBERT,HAM-0150,2,42,956,0,0.007008077576756477
DistilBERT,SPAM-0292,3,42,958,1,0.9945512413978577
DistilBERT,HAM-0354,4,42,959,0,0.008747447282075882
DistilBERT,SPAM-0339,1,42,960,1,0.9950290322303772
DistilBERT,HAM-0405,2,42,961,0,0.009034920483827591
DistilBERT,SPAM-0418,5,42,962,1,0.9955313801765442
DistilBERT,HAM-0389,3,42,963,0,0.008158362470567226
DistilBERT,SPAM-0193,4,42,965,1,0.9944456815719604
DistilBERT,SPAM-0088,3,42,966,1,0.9944869875907898
DistilBERT,HAM-0125,1,42,967,0,0.008162319660186768
DistilBERT,HAM-0281,2,42,969,0,0.00746987946331501
DistilBERT,SPAM-0239,4,42,970,1,0.9946762323379517
DistilBERT,SPAM-0315,5,42,971,1,0.9955577254295349
DistilBERT,SPAM-0478,3,42,972,1,0.9947279095649719
DistilBERT,SPAM-0074,5,42,974,1,0.9956362843513489
DistilBERT,HAM-0358,4,42,975,0,0.006895676255226135
DistilBERT,HAM-0492,1,42,976,0,0.008711672388017178
DistilBERT,HAM-0325,2,42,977,0,0.008946440182626247
DistilBERT,SPAM-0001,3,42,978,1,0.994720458984375
DistilBERT,SPAM-0487,4,42,979,1,0.9943893551826477
DistilBERT,HAM-0213,1,42,981,0,0.009629398584365845
DistilBERT,SPAM-0222,5,42,982,1,0.995468258857727
DistilBERT,SPAM-0290,2,42,984,1,0.9953880906105042
DistilBERT,HAM-0305,1,42,985,0,0.008137572556734085
DistilBERT,SPAM-0465,2,42,986,1,0.9956356883049011
DistilBERT,HAM-0231,3,42,987,0,0.007180848158895969
DistilBERT,HAM-0306,4,42,988,0,0.006421293597668409
DistilBERT,HAM-0286,5,42,990,0,0.006042167544364929
DistilBERT,HAM-0253,1,42,991,0,0.008454864844679832
DistilBERT,SPAM-0481,2,42,992,1,0.9955529570579529
DistilBERT,HAM-0496,3,42,994,0,0.006994141731411219
DistilBERT,SPAM-0125,4,42,995,1,0.9947240948677063
